ds,trend,yhat_lower,yhat_upper,trend_lower,trend_upper,additive_terms,additive_terms_lower,additive_terms_upper,weekly,weekly_lower,weekly_upper,yearly,yearly_lower,yearly_upper,multiplicative_terms,multiplicative_terms_lower,multiplicative_terms_upper,yhat
2019-01-01,62241.808963530006,71094.60375650205,76900.43739991935,62241.808963530006,62241.808963530006,11703.623986360219,11703.623986360219,11703.623986360219,11443.020755601454,11443.020755601454,11443.020755601454,260.6032307587652,260.6032307587652,260.6032307587652,0.0,0.0,0.0,73945.43294989022
2019-01-02,62242.182727960375,74100.39243796414,80075.15658001679,62242.182727960375,62242.182727960375,14937.789216853882,14937.789216853882,14937.789216853882,14287.696813025153,14287.696813025153,14287.696813025153,650.0924038287278,650.0924038287278,650.0924038287278,0.0,0.0,0.0,77179.97194481426
2019-01-03,62242.556492390744,66720.9135760919,72521.597971529,62242.556492390744,62242.556492390744,7394.0501718146825,7394.0501718146825,7394.0501718146825,6353.841117908695,6353.841117908695,6353.841117908695,1040.209053905987,1040.209053905987,1040.209053905987,0.0,0.0,0.0,69636.60666420542
2019-01-04,62242.93025682111,54023.89526169564,60182.092470290394,62242.93025682111,62242.93025682111,-4927.111127982019,-4927.111127982019,-4927.111127982019,-6357.843660715534,-6357.843660715534,-6357.843660715534,1430.732532733515,1430.732532733515,1430.732532733515,0.0,0.0,0.0,57315.819128839095
2019-01-05,62243.30402125148,47016.58874157842,52798.44797875623,62243.30402125148,62243.30402125148,-12432.482862029456,-12432.482862029456,-12432.482862029456,-14253.901407911795,-14253.901407911795,-14253.901407911795,1821.4185458823383,1821.4185458823383,1821.4185458823383,0.0,0.0,0.0,49810.821159222025
2019-01-06,62243.67778568184,50047.07283024003,55983.87456966658,62243.67778568184,62243.67778568184,-9248.701095619437,-9248.701095619437,-9248.701095619437,-11460.70372054298,-11460.70372054298,-11460.70372054298,2212.0026249235425,2212.0026249235425,2212.0026249235425,0.0,0.0,0.0,52994.9766900624
2019-01-07,62244.051550112206,62095.77385214387,67947.1291970722,62244.051550112206,62244.051550112206,2590.0942639115888,2590.0942639115888,2590.0942639115888,-12.109897349524605,-12.109897349524605,-12.109897349524605,2602.2041612611133,2602.2041612611133,2602.2041612611133,0.0,0.0,0.0,64834.145814023796
2019-01-08,62244.425314542576,73827.32900751781,79598.16932460571,62244.425314542576,62244.425314542576,14434.751650006508,14434.751650006508,14434.751650006508,11443.02075560757,11443.02075560757,11443.02075560757,2991.7308943989397,2991.7308943989397,2991.7308943989397,0.0,0.0,0.0,76679.17696454909
2019-01-09,62244.799078972945,76992.1774059928,82960.4450008585,62244.799078972945,62244.799078972945,17667.98054785171,17667.98054785171,17667.98054785171,14287.696813022982,14287.696813022982,14287.696813022982,3380.2837348287253,3380.2837348287253,3380.2837348287253,0.0,0.0,0.0,79912.77962682466
2019-01-10,62245.172843403314,69328.85097171778,75094.8498458177,62245.172843403314,62245.172843403314,10121.402910363786,10121.402910363786,10121.402910363786,6353.8411179239465,6353.8411179239465,6353.8411179239465,3767.56179243984,3767.56179243984,3767.56179243984,0.0,0.0,0.0,72366.5757537671
2019-01-11,62245.54660783368,57154.172428109,62684.35433111022,62245.54660783368,62245.54660783368,-2204.57618509823,-2204.57618509823,-2204.57618509823,-6357.843660724248,-6357.843660724248,-6357.843660724248,4153.267475626018,4153.267475626018,4153.267475626018,0.0,0.0,0.0,60040.97042273545
2019-01-12,62245.92037226405,49793.66183747856,55807.81789658175,62245.92037226405,62245.92037226405,-9716.789883704292,-9716.789883704292,-9716.789883704292,-14253.901407913965,-14253.901407913965,-14253.901407913965,4537.111524209674,4537.111524209674,4537.111524209674,0.0,0.0,0.0,52529.130488559764
2019-01-13,62246.29413669442,52713.40596117878,58748.90435126348,62246.29413669442,62246.29413669442,-6541.8858794659745,-6541.8858794659745,-6541.8858794659745,-11460.703720553529,-11460.703720553529,-11460.703720553529,4918.8178410875535,4918.8178410875535,4918.8178410875535,0.0,0.0,0.0,55704.408257228446
2019-01-14,62246.66790112479,64519.303573171215,70416.44196917552,62246.66790112479,62246.66790112479,5286.018095568784,5286.018095568784,5286.018095568784,-12.109897339855646,-12.109897339855646,-12.109897339855646,5298.1279929086395,5298.1279929086395,5298.1279929086395,0.0,0.0,0.0,67532.68599669357
2019-01-15,62247.04166555516,76435.9246509723,82168.17237220072,62247.04166555516,62247.04166555516,17117.82601473316,17117.82601473316,17117.82601473316,11443.020755596921,11443.020755596921,11443.020755596921,5674.8052591362375,5674.8052591362375,5674.8052591362375,0.0,0.0,0.0,79364.86768028833
2019-01-16,62247.415429985514,79830.61972848236,85420.83422747886,62247.415429985514,62247.415429985514,20336.334934186416,20336.334934186416,20336.334934186416,14287.696813026812,14287.696813026812,14287.696813026812,6048.6381211596,6048.6381211596,6048.6381211596,0.0,0.0,0.0,82583.75036417192
2019-01-17,62247.789194415884,71962.03943829592,77972.80066955343,62247.789194415884,62247.789194415884,12773.284216323533,12773.284216323533,12773.284216323533,6353.841117915237,6353.841117915237,6353.841117915237,6419.443098408297,6419.443098408297,6419.443098408297,0.0,0.0,0.0,75021.07341073942
2019-01-18,62248.16295884625,59714.44565717762,65629.57721833167,62248.16295884625,62248.16295884625,429.2231955233104,429.2231955233104,429.2231955233104,-6357.8436607329595,-6357.8436607329595,-6357.8436607329595,6787.0668562562705,6787.0668562562705,6787.0668562562705,0.0,0.0,0.0,62677.38615436956
2019-01-19,62248.53672327662,52196.57032299548,58103.87528261808,62248.53672327662,62248.53672327662,-7102.513877571526,-7102.513877571526,-7102.513877571526,-14253.90140791609,-14253.90140791609,-14253.90140791609,7151.387530344565,7151.387530344565,7151.387530344565,0.0,0.0,0.0,55146.0228457051
2019-01-20,62248.91048770699,55521.61034816331,61282.007048258594,62248.91048770699,62248.91048770699,-3948.3884872136414,-3948.3884872136414,-3948.3884872136414,-11460.703720564063,-11460.703720564063,-11460.703720564063,7512.315233350421,7512.315233350421,7512.315233350421,0.0,0.0,0.0,58300.52200049335
2019-01-21,62249.28425213736,66965.66600755286,72993.97886721029,62249.28425213736,62249.28425213736,7857.681835082462,7857.681835082462,7857.681835082462,-12.109897356799019,-12.109897356799019,-12.109897356799019,7869.791732439261,7869.791732439261,7869.791732439261,0.0,0.0,0.0,70106.96608721983
2019-01-22,62249.65801656773,78772.99799054822,84877.00576329912,62249.65801656773,62249.65801656773,19666.810063796027,19666.810063796027,19666.810063796027,11443.02075560298,11443.02075560298,11443.02075560298,8223.789308193045,8223.789308193045,8223.789308193045,0.0,0.0,0.0,81916.46808036376
2019-01-23,62250.0317809981,82014.58828536759,87896.1077894785,62250.0317809981,62250.0317809981,22862.005641010324,22862.005641010324,22862.005641010324,14287.696813024706,14287.696813024706,14287.696813024706,8574.30882798562,8574.30882798562,8574.30882798562,0.0,0.0,0.0,85112.03742200842
2019-01-24,62250.40554542847,74806.09993234802,80571.37990434264,62250.40554542847,62250.40554542847,15275.21820591235,15275.21820591235,15275.21820591235,6353.841117906468,6353.841117906468,6353.841117906468,8921.37708800588,8921.37708800588,8921.37708800588,0.0,0.0,0.0,77525.62375134081
2019-01-25,62250.77930985884,62016.50929728431,68037.96956269389,62250.77930985884,62250.77930985884,2907.1998370840543,2907.1998370840543,2907.1998370840543,-6357.843660741673,-6357.843660741673,-6357.843660741673,9265.043497825727,9265.043497825727,9265.043497825727,0.0,0.0,0.0,65157.97914694289
2019-01-26,62251.15307428919,54472.76040685203,60468.34080534146,62251.15307428919,62251.15307428919,-4648.525208916877,-4648.525208916877,-4648.525208916877,-14253.901407912334,-14253.901407912334,-14253.901407912334,9605.376198995458,9605.376198995458,9605.376198995458,0.0,0.0,0.0,57602.62786537231
2019-01-27,62251.52683871956,57828.833120858144,63494.15374163383,62251.52683871956,62251.52683871956,-1518.2459963305796,-1518.2459963305796,-1518.2459963305796,-11460.703720558056,-11460.703720558056,-11460.703720558056,9942.457724227475,9942.457724227475,9942.457724227475,0.0,0.0,0.0,60733.28084238898
2019-01-28,62251.90060314993,69673.69409836397,75705.32078948473,62251.90060314993,62251.90060314993,10264.270418453336,10264.270418453336,10264.270418453336,-12.109897347130923,-12.109897347130923,-12.109897347130923,10276.380315800468,10276.380315800468,10276.380315800468,0.0,0.0,0.0,72516.17102160327
2019-01-29,62252.2743675803,81090.91054333534,87206.81881543087,62252.2743675803,62252.2743675803,22050.261786173312,22050.261786173312,22050.261786173312,11443.020755609044,11443.020755609044,11443.020755609044,10607.241030564268,10607.241030564268,10607.241030564268,0.0,0.0,0.0,84302.53615375361
2019-01-30,62252.64813201067,84783.62033481439,90253.33720186715,62252.64813201067,62252.64813201067,25222.833577289653,25222.833577289653,25222.833577289653,14287.696813028348,14287.696813028348,14287.696813028348,10935.136764261304,10935.136764261304,10935.136764261304,0.0,0.0,0.0,87475.48170930032
2019-01-31,62253.02189644104,76943.55353948461,82972.26192728849,62253.02189644104,62253.02189644104,17614.00044735921,17614.00044735921,17614.00044735921,6353.841117921839,6353.841117921839,6353.841117921839,11260.159329437369,11260.159329437369,11260.159329437369,0.0,0.0,0.0,79867.02234380024
2019-02-01,62253.3956608714,64519.24038742091,70242.80758728474,62253.3956608714,62253.3956608714,5224.547058423182,5224.547058423182,5224.547058423182,-6357.8436607263775,-6357.8436607263775,-6357.8436607263775,11582.39071914956,11582.39071914956,11582.39071914956,0.0,0.0,0.0,67477.94271929459
2019-02-02,62253.76942530177,56848.68627387922,62848.67553661093,62253.76942530177,62253.76942530177,-2352.002724888042,-2352.002724888042,-2352.002724888042,-14253.90140791448,-14253.90140791448,-14253.90140791448,11901.898683026438,11901.898683026438,11901.898683026438,0.0,0.0,0.0,59901.766700413726
2019-02-03,62254.14318973214,60136.630137737426,66056.97664321952,62254.14318973214,62254.14318973214,758.0290125151438,758.0290125151438,758.0290125151438,-11460.703720552045,-11460.703720552045,-11460.703720552045,12218.732733067189,12218.732733067189,12218.732733067189,0.0,0.0,0.0,63012.17220224728
2019-02-04,62254.5169541625,71747.76875581885,77939.26801019398,62254.5169541625,62254.5169541625,12520.81078699169,12520.81078699169,12520.81078699169,-12.109897337429958,-12.109897337429958,-12.109897337429958,12532.920684329121,12532.920684329121,12532.920684329121,0.0,0.0,0.0,74775.3277411542
2019-02-05,62254.89071859287,83408.35616436537,89310.82397790215,62254.89071859287,62254.89071859287,24287.486576093608,24287.486576093608,24287.486576093608,11443.020755615104,11443.020755615104,11443.020755615104,12844.465820478506,12844.465820478506,12844.465820478506,0.0,0.0,0.0,86542.37729468648
2019-02-06,62255.26448302323,86773.80626076195,92830.28811449288,62255.26448302323,62255.26448302323,27441.041569798657,27441.041569798657,27441.041569798657,14287.696813032117,14287.696813032117,14287.696813032117,13153.34475676654,13153.34475676654,13153.34475676654,0.0,0.0,0.0,89696.30605282189
2019-02-07,62255.6382474536,79016.01966852786,84954.95157079343,62255.6382474536,62255.6382474536,19813.347171477868,19813.347171477868,19813.347171477868,6353.841117913071,6353.841117913071,6353.841117913071,13459.506053564795,13459.506053564795,13459.506053564795,0.0,0.0,0.0,82068.98541893146
2019-02-08,62256.01201188397,66528.11225601308,72763.00692445938,62256.01201188397,62256.01201188397,7405.0259521526,7405.0259521526,7405.0259521526,-6357.8436607350895,-6357.8436607350895,-6357.8436607350895,13762.86961288769,13762.86961288769,13762.86961288769,0.0,0.0,0.0,69661.03796403657
2019-02-09,62256.38577631434,59294.96130850881,65103.3496629596,62256.38577631434,62256.38577631434,-190.57453904154815,-190.57453904154815,-190.57453904154815,-14253.901407916632,-14253.901407916632,-14253.901407916632,14063.326868875083,14063.326868875083,14063.326868875083,0.0,0.0,0.0,62065.81123727279
2019-02-10,62256.75954074471,62001.97600090106,67853.06943099243,62256.75954074471,62256.75954074471,2900.0380410097373,2900.0380410097373,2900.0380410097373,-11460.703720546033,-11460.703720546033,-11460.703720546033,14360.74176155577,14360.74176155577,14360.74176155577,0.0,0.0,0.0,65156.79758175444
2019-02-11,62257.13330517508,73937.86572499435,79855.78529220913,62257.13330517508,62257.13330517508,14642.84256465337,14642.84256465337,14642.84256465337,-12.109897354438203,-12.109897354438203,-12.109897354438203,14654.952462007808,14654.952462007808,14654.952462007808,0.0,0.0,0.0,76899.97586982844
2019-02-12,62257.507069605446,85676.3355054759,91353.94915516455,62257.507069605446,62257.507069605446,26388.794552465813,26388.794552465813,26388.794552465813,11443.020755604453,11443.020755604453,11443.020755604453,14945.773796861362,14945.773796861362,14945.773796861362,0.0,0.0,0.0,88646.30162207126
2019-02-13,62257.880834035815,88866.10669338657,94938.27981004004,62257.880834035815,62257.880834035815,29520.697114530096,29520.697114530096,29520.697114530096,14287.696813030008,14287.696813030008,14287.696813030008,15233.000301500093,15233.000301500093,15233.000301500093,0.0,0.0,0.0,91778.57794856591
2019-02-14,62258.25459846617,81294.41560435004,87091.00692173587,62258.25459846617,62258.25459846617,21870.25093267545,21870.25093267545,21870.25093267545,6353.8411179043605,6353.8411179043605,6353.8411179043605,15516.40981477109,15516.40981477109,15516.40981477109,0.0,0.0,0.0,84128.50553114162
2019-02-15,62258.62836289654,68592.1521465419,74598.87056313506,62258.62836289654,62258.62836289654,9437.923853265385,9437.923853265385,9437.923853265385,-6357.843660743756,-6357.843660743756,-6357.843660743756,15795.767514009141,15795.767514009141,15795.767514009141,0.0,0.0,0.0,71696.55221616193
2019-02-16,62259.00212732691,61168.436613765705,67086.76649443163,62259.00212732691,62259.00212732691,1816.9288701797352,1816.9288701797352,1816.9288701797352,-14253.901407906918,-14253.901407906918,-14253.901407906918,16070.830278086652,16070.830278086652,16070.830278086652,0.0,0.0,0.0,64075.93099750664
2019-02-17,62259.37589175728,64204.069693469566,70211.50223859357,62259.37589175728,62259.37589175728,4880.647537699679,4880.647537699679,4880.647537699679,-11460.70372055657,-11460.70372055657,-11460.70372055657,16341.35125825625,16341.35125825625,16341.35125825625,0.0,0.0,0.0,67140.02342945695
2019-02-18,62259.74965618765,75937.26706313093,81892.51605628397,62259.74965618765,62259.74965618765,16594.97463461348,16594.97463461348,16594.97463461348,-12.109897344736378,-12.109897344736378,-12.109897344736378,16607.08453195822,16607.08453195822,16607.08453195822,0.0,0.0,0.0,78854.72429080112
2019-02-19,62260.123420618016,87620.84578672035,93216.7239530877,62260.123420618016,62260.123420618016,28310.81046933953,28310.81046933953,28310.81046933953,11443.020755610514,11443.020755610514,11443.020755610514,16867.78971372902,16867.78971372902,16867.78971372902,0.0,0.0,0.0,90570.93388995755
2019-02-20,62260.497185048385,90797.90640366824,96755.03523474529,62260.497185048385,62260.497185048385,31410.933212706128,31410.933212706128,31410.933212706128,14287.696813027898,14287.696813027898,14287.696813027898,17123.236399678222,17123.236399678222,17123.236399678222,0.0,0.0,0.0,93671.4303977545
2019-02-21,62260.870949478754,83090.7848110578,88762.97728316866,62260.870949478754,62260.870949478754,23727.049445689638,23727.049445689638,23727.049445689638,6353.841117895651,6353.841117895651,6353.841117895651,17373.208327793986,17373.208327793986,17373.208327793986,0.0,0.0,0.0,85987.92039516839
2019-02-22,62261.244713909124,70573.14734407725,76131.56114013436,62261.244713909124,62261.244713909124,11259.663484527544,11259.663484527544,11259.663484527544,-6357.84366072855,-6357.84366072855,-6357.84366072855,17617.507145256095,17617.507145256095,17617.507145256095,0.0,0.0,0.0,73520.90819843666
2019-02-23,62261.61847833949,62754.247034496104,68776.4313186539,62261.61847833949,62261.61847833949,3602.0542779354905,3602.0542779354905,3602.0542779354905,-14253.901407909068,-14253.901407909068,-14253.901407909068,17855.955685844558,17855.955685844558,17855.955685844558,0.0,0.0,0.0,65863.67275627499
2019-02-24,62261.99224276985,65761.0174753042,72032.52950535399,62261.99224276985,62261.99224276985,6627.696954346644,6627.696954346644,6627.696954346644,-11460.703720550568,-11460.703720550568,-11460.703720550568,18088.40067489721,18088.40067489721,18088.40067489721,0.0,0.0,0.0,68889.68919711649
2019-02-25,62262.36600720022,77498.28104020996,83571.99312940965,62262.36600720022,62262.36600720022,18302.604898512796,18302.604898512796,18302.604898512796,-12.109897335070007,-12.109897335070007,-12.109897335070007,18314.714795847867,18314.714795847867,18314.714795847867,0.0,0.0,0.0,80564.97090571301
2019-02-26,62262.739771630586,89360.44784443293,95219.76288469268,62262.739771630586,62262.739771630586,29977.818826195416,29977.818826195416,29977.818826195416,11443.020755616524,11443.020755616524,11443.020755616524,18534.79807057889,18534.79807057889,18534.79807057889,0.0,0.0,0.0,92240.558597826
2019-02-27,62263.113536060955,92366.81698543591,98276.89793296029,62263.113536060955,62263.113536060955,33036.27533815524,33036.27533815524,33036.27533815524,14287.696813031665,14287.696813031665,14287.696813031665,18748.57852512358,18748.57852512358,18748.57852512358,0.0,0.0,0.0,95299.3888742162
2019-02-28,62263.487300491324,84631.02415331616,90416.10542097203,62263.487300491324,62263.487300491324,25309.853250084638,25309.853250084638,25309.853250084638,6353.841117910963,6353.841117910963,6353.841117910963,18956.012132173677,18956.012132173677,18956.012132173677,0.0,0.0,0.0,87573.34055057596
2019-03-01,62269.08685246091,72306.74669861217,78063.39388763861,62269.08685246091,62269.08685246091,12799.23838099794,12799.23838099794,12799.23838099794,-6357.843660737218,-6357.843660737218,-6357.843660737218,19157.082041735157,19157.082041735157,19157.082041735157,0.0,0.0,0.0,75068.32523345885
2019-03-02,62274.6864044305,64479.81749446762,70490.45312607306,62274.6864044305,62274.6864044305,5097.895722772195,5097.895722772195,5097.895722772195,-14253.901407911213,-14253.901407911213,-14253.901407911213,19351.797130683408,19351.797130683408,19351.797130683408,0.0,0.0,0.0,67372.5821272027
2019-03-03,62280.285956400076,67444.27825339367,73197.01258724964,62280.285956400076,62280.285956400076,8079.486199671633,8079.486199671633,8079.486199671633,-11460.703720544558,-11460.703720544558,-11460.703720544558,19540.18992021619,19540.18992021619,19540.18992021619,0.0,0.0,0.0,70359.7721560717
2019-03-04,62285.88550836966,79117.97647816941,84908.75249574265,62285.88550836966,62285.88550836966,19710.20402961326,19710.20402961326,19710.20402961326,-12.109897325402773,-12.109897325402773,-12.109897325402773,19722.313926938667,19722.313926938667,19722.313926938667,0.0,0.0,0.0,81996.08953798292
2019-03-05,62291.48506033925,90678.19521603157,96698.68647332743,62291.48506033925,62291.48506033925,31341.261283588723,31341.261283588723,31341.261283588723,11443.020755589374,11443.020755589374,11443.020755589374,19898.240527999347,19898.240527999347,19898.240527999347,0.0,0.0,0.0,93632.74634392797
2019-03-06,62297.08461230882,93823.20179499044,99539.96437202078,62297.08461230882,62297.08461230882,34355.75224597399,34355.75224597399,34355.75224597399,14287.696813029497,14287.696813029497,14287.696813029497,20068.055432944497,20068.055432944497,20068.055432944497,0.0,0.0,0.0,96652.83685828281
2019-03-07,62302.684164278406,85976.7167701703,91998.11918923896,62302.684164278406,62302.684164278406,26585.695982385023,26585.695982385023,26585.695982385023,6353.841117902195,6353.841117902195,6353.841117902195,20231.85486448283,20231.85486448283,20231.85486448283,0.0,0.0,0.0,88888.38014666343
2019-03-08,62308.28371624799,73460.84305703797,79281.55620891872,62308.28371624799,62308.28371624799,14031.897896189144,14031.897896189144,14031.897896189144,-6357.843660745933,-6357.843660745933,-6357.843660745933,20389.741556935078,20389.741556935078,20389.741556935078,0.0,0.0,0.0,76340.18161243714
2019-03-09,62313.88326821757,65726.11441373378,71570.61941146282,62313.88326821757,62313.88326821757,6287.919276623948,6287.919276623948,6287.919276623948,-14253.901407913385,-14253.901407913385,-14253.901407913385,20541.82068453733,20541.82068453733,20541.82068453733,0.0,0.0,0.0,68601.80254484151
2019-03-10,62319.48282018716,68792.22202527219,74570.20925241116,62319.48282018716,62319.48282018716,9227.492111504287,9227.492111504287,9227.492111504287,-11460.7037205551,-11460.7037205551,-11460.7037205551,20688.195832059388,20688.195832059388,20688.195832059388,0.0,0.0,0.0,71546.97493169144
2019-03-11,62325.08237215674,80170.44768513556,86145.46391521566,62325.08237215674,62325.08237215674,20816.85521993852,20816.85521993852,20816.85521993852,-12.109897342376419,-12.109897342376419,-12.109897342376419,20828.96511728089,20828.96511728089,20828.96511728089,0.0,0.0,0.0,83141.93759209526
2019-03-12,62330.681924126315,91865.377351933,97697.68924992043,62330.681924126315,62330.681924126315,32407.238324567617,32407.238324567617,32407.238324567617,11443.020755595384,11443.020755595384,11443.020755595384,20964.217568972228,20964.217568972228,20964.217568972228,0.0,0.0,0.0,94737.92024869393
2019-03-13,62336.2814760959,95030.58314301098,100768.18659689793,62336.2814760959,62336.2814760959,35381.72666830181,35381.72666830181,35381.72666830181,14287.696813027325,14287.696813027325,14287.696813027325,21094.029855274486,21094.029855274486,21094.029855274486,0.0,0.0,0.0,97718.00814439771
2019-03-14,62341.88102806549,86883.92565212912,92793.2991606862,62341.88102806549,62341.88102806549,27572.304563990685,27572.304563990685,27572.304563990685,6353.841117893425,6353.841117893425,6353.841117893425,21218.463446097263,21218.463446097263,21218.463446097263,0.0,0.0,0.0,89914.18559205616
2019-03-15,62347.48058003506,74236.43635220098,79973.80709274608,62347.48058003506,62347.48058003506,14979.718619008681,14979.718619008681,14979.718619008681,-6357.843660706714,-6357.843660706714,-6357.843660706714,21337.562279715396,21337.562279715396,21337.562279715396,0.0,0.0,0.0,77327.19919904374
2019-03-16,62353.08013200465,66621.95297122144,72438.20708546446,62353.08013200465,62353.08013200465,7197.449580578285,7197.449580578285,7197.449580578285,-14253.901407909585,-14253.901407909585,-14253.901407909585,21451.35098848787,21451.35098848787,21451.35098848787,0.0,0.0,0.0,69550.52971258294
2019-03-17,62358.67968397424,69359.663347175,75266.89808197571,62358.67968397424,62358.67968397424,10099.130001543574,10099.130001543574,10099.130001543574,-11460.703720549087,-11460.703720549087,-11460.703720549087,21559.833722092662,21559.833722092662,21559.833722092662,0.0,0.0,0.0,72457.80968551782
2019-03-18,62364.27923594381,81161.56885115424,86935.59161668531,62364.27923594381,62364.27923594381,21650.883691966228,21650.883691966228,21650.883691966228,-12.109897332676324,-12.109897332676324,-12.109897332676324,21662.993589298905,21662.993589298905,21662.993589298905,0.0,0.0,0.0,84015.16292791005
2019-03-19,62369.878787913396,92783.57665952932,98620.76268172736,62369.878787913396,62369.878787913396,33203.813477196716,33203.813477196716,33203.813477196716,11443.020755601445,11443.020755601445,11443.020755601445,21760.792721595273,21760.792721595273,21760.792721595273,0.0,0.0,0.0,95573.69226511012
2019-03-20,62375.47833988298,95410.62325076142,101374.52353248885,62375.47833988298,62375.47833988298,36140.869757521825,36140.869757521825,36140.869757521825,14287.696813025215,14287.696813025215,14287.696813025215,21853.17294449661,21853.17294449661,21853.17294449661,0.0,0.0,0.0,98516.34809740481
2019-03-21,62381.077891852554,87845.21194504155,93587.12444937852,62381.077891852554,62381.077891852554,28293.898143440023,28293.898143440023,28293.898143440023,6353.841117908736,6353.841117908736,6353.841117908736,21940.057025531285,21940.057025531285,21940.057025531285,0.0,0.0,0.0,90674.97603529258
2019-03-22,62386.67744382214,75127.36328545291,81000.9836870447,62386.67744382214,62386.67744382214,15663.506791538592,15663.506791538592,15663.506791538592,-6357.843660715429,-6357.843660715429,-6357.843660715429,22021.35045225402,22021.35045225402,22021.35045225402,0.0,0.0,0.0,78050.18423536074
2019-03-23,62392.27699579173,67260.89619065924,73253.10139385231,62392.27699579173,62392.27699579173,7843.042271650647,7843.042271650647,7843.042271650647,-14253.901407911751,-14253.901407911751,-14253.901407911751,22096.9436795624,22096.9436795624,22096.9436795624,0.0,0.0,0.0,70235.31926744238
2019-03-24,62397.876547761305,69960.98945710613,75834.58129734296,62397.876547761305,62397.876547761305,10706.011052950804,10706.011052950804,10706.011052950804,-11460.703720543073,-11460.703720543073,-11460.703720543073,22166.714773493877,22166.714773493877,22166.714773493877,0.0,0.0,0.0,73103.88760071211
2019-03-25,62403.47609973089,81682.01070107444,87509.28209180383,62403.47609973089,62403.47609973089,22218.42247155964,22218.42247155964,22218.42247155964,-12.109897322977087,-12.109897322977087,-12.109897322977087,22230.532368882614,22230.532368882614,22230.532368882614,0.0,0.0,0.0,84621.89857129053
2019-03-26,62409.07565170048,93192.13910553275,99023.38447201291,62409.07565170048,62409.07565170048,33731.27960656887,33731.27960656887,33731.27960656887,11443.020755590795,11443.020755590795,11443.020755590795,22288.25885097807,22288.25885097807,22288.25885097807,0.0,0.0,0.0,96140.35525826935
2019-03-27,62414.67520367005,96055.48224324107,101964.5428213685,62414.67520367005,62414.67520367005,36627.45047960188,36627.45047960188,36627.45047960188,14287.69681302892,14287.69681302892,14287.69681302892,22339.75366657296,22339.75366657296,22339.75366657296,0.0,0.0,0.0,99042.12568327194
2019-03-28,62420.274755639635,88336.23747887867,94124.5334668916,62420.274755639635,62420.274755639635,28738.71778632728,28738.71778632728,28738.71778632728,6353.841117900028,6353.841117900028,6353.841117900028,22384.876668427252,22384.876668427252,22384.876668427252,0.0,0.0,0.0,91158.99254196692
2019-03-29,62425.87430760922,75652.16214457649,81470.39024685638,62425.87430760922,62425.87430760922,16065.647737097303,16065.647737097303,16065.647737097303,-6357.84366072414,-6357.84366072414,-6357.84366072414,22423.491397821446,22423.491397821446,22423.491397821446,0.0,0.0,0.0,78491.52204470652
2019-03-30,62431.4738595788,67571.69012515666,73579.93223879824,62431.4738595788,62431.4738595788,8201.566805939256,8201.566805939256,8201.566805939256,-14253.901407913901,-14253.901407913901,-14253.901407913901,22455.468213853157,22455.468213853157,22455.468213853157,0.0,0.0,0.0,70633.04066551806
2019-03-31,62437.07341154839,70554.60173483676,76615.69703705252,62437.07341154839,62437.07341154839,11019.983463910117,11019.983463910117,11019.983463910117,-11460.703720537069,-11460.703720537069,-11460.703720537069,22480.687184447186,22480.687184447186,22480.687184447186,0.0,0.0,0.0,73457.05687545851
2019-04-01,62442.67296351797,81866.36359572895,87953.48760570823,62442.67296351797,62442.67296351797,22486.930765398865,22486.930765398865,22486.930765398865,-12.109897366626209,-12.109897366626209,-12.109897366626209,22499.040662765492,22499.040662765492,22499.040662765492,0.0,0.0,0.0,84929.60372891685
2019-04-02,62448.272515487544,93496.75309958833,99362.58651686709,62448.272515487544,62448.272515487544,33953.45623906856,33953.45623906856,33953.45623906856,11443.020755596857,11443.020755596857,11443.020755596857,22510.43548347171,22510.43548347171,22510.43548347171,0.0,0.0,0.0,96401.7287545561
2019-04-03,62453.87206745713,96347.1377496328,102300.49305934731,62453.87206745713,62453.87206745713,36802.49153881852,36802.49153881852,36802.49153881852,14287.696813026812,14287.696813026812,14287.696813026812,22514.794725791708,22514.794725791708,22514.794725791708,0.0,0.0,0.0,99256.36360627564
2019-04-04,62459.47161942672,88279.08462458153,94217.63816412633,62459.47161942672,62459.47161942672,28865.900122005267,28865.900122005267,28865.900122005267,6353.8411178913175,6353.8411178913175,6353.8411178913175,22512.059004113948,22512.059004113948,22512.059004113948,0.0,0.0,0.0,91325.37174143198
2019-04-05,62465.071171396296,75559.94749140214,81565.16102399277,62465.071171396296,62465.071171396296,16144.343600833012,16144.343600833012,16144.343600833012,-6357.843660732854,-6357.843660732854,-6357.843660732854,22502.187261565865,22502.187261565865,22502.187261565865,0.0,0.0,0.0,78609.41477222931
2019-04-06,62470.67072336588,67770.94791571645,73474.74261912357,62470.67072336588,62470.67072336588,8231.255649228837,8231.255649228837,8231.255649228837,-14253.901407910142,-14253.901407910142,-14253.901407910142,22485.15705713898,22485.15705713898,22485.15705713898,0.0,0.0,0.0,70701.92637259472
2019-04-07,62476.27027533547,70685.30917489441,76106.172357783,62476.27027533547,62476.27027533547,11000.260631512658,11000.260631512658,11000.260631512658,-11460.703720547599,-11460.703720547599,-11460.703720547599,22460.96435206026,22460.96435206026,22460.96435206026,0.0,0.0,0.0,73476.53090684813
2019-04-08,62481.86982730504,81875.91400113306,87832.7925996561,62481.86982730504,62481.86982730504,22417.512918415458,22417.512918415458,22417.512918415458,-12.109897356991844,-12.109897356991844,-12.109897356991844,22429.62281577245,22429.62281577245,22429.62281577245,0.0,0.0,0.0,84899.3827457205
2019-04-09,62487.469379274626,93347.75562641538,99476.76454886414,62487.469379274626,62487.469379274626,33834.18344126862,33834.18344126862,33834.18344126862,11443.020755602916,11443.020755602916,11443.020755602916,22391.162685665706,22391.162685665706,22391.162685665706,0.0,0.0,0.0,96321.65282054324
2019-04-10,62493.06893124421,96057.34247933072,102076.53100296763,62493.06893124421,62493.06893124421,36633.32604022486,36633.32604022486,36633.32604022486,14287.696813024642,14287.696813024642,14287.696813024642,22345.629227200217,22345.629227200217,22345.629227200217,0.0,0.0,0.0,99126.39497146907
2019-04-11,62498.66848321378,88230.12176773408,94414.9838553911,62498.66848321378,62498.66848321378,28646.921969806586,28646.921969806586,28646.921969806586,6353.841117882549,6353.841117882549,6353.841117882549,22293.08085192404,22293.08085192404,22293.08085192404,0.0,0.0,0.0,91145.59045302037
2019-04-12,62504.26803518338,75440.16779156933,81423.22505198886,62504.26803518338,62504.26803518338,15875.743299106394,15875.743299106394,15875.743299106394,-6357.843660717557,-6357.843660717557,-6357.843660717557,22233.586959823948,22233.586959823948,22233.586959823948,0.0,0.0,0.0,78380.01133428977
2019-04-13,62509.86758715296,67478.59022907022,73408.60089053593,62509.86758715296,62509.86758715296,7913.324171301433,7913.324171301433,7913.324171301433,-14253.901407912292,-14253.901407912292,-14253.901407912292,22167.225579213726,22167.225579213726,22167.225579213726,0.0,0.0,0.0,70423.1917584544
2019-04-14,62515.467139122535,70215.48993268819,76238.75759580905,62515.467139122535,62515.467139122535,10633.377161260601,10633.377161260601,10633.377161260601,-11460.703720541596,-11460.703720541596,-11460.703720541596,22094.080881802198,22094.080881802198,22094.080881802198,0.0,0.0,0.0,73148.84430038313
2019-04-15,62521.06669109212,81348.62568050671,87377.19443288146,62521.06669109212,62521.06669109212,22002.130755234393,22002.130755234393,22002.130755234393,-12.10989734729088,-12.10989734729088,-12.10989734729088,22014.240652581688,22014.240652581688,22014.240652581688,0.0,0.0,0.0,84523.19744632652
2019-04-16,62526.66624306171,92859.10739219419,98774.38241649167,62526.66624306171,62526.66624306171,33370.81454934968,33370.81454934968,33370.81454934968,11443.02075560898,11443.02075560898,11443.02075560898,21927.793793740704,21927.793793740704,21927.793793740704,0.0,0.0,0.0,95897.48079241138
2019-04-17,62532.26579503128,95632.88016581273,101801.7968427744,62532.26579503128,62532.26579503128,36122.52475199033,36122.52475199033,36122.52475199033,14287.696813028471,14287.696813028471,14287.696813028471,21834.82793896185,21834.82793896185,21834.82793896185,0.0,0.0,0.0,98654.7905470216
2019-04-18,62537.865347000865,87684.97539998086,93635.23882079753,62537.865347000865,62537.865347000865,28089.268367279667,28089.268367279667,28089.268367279667,6353.841117921938,6353.841117921938,6353.841117921938,21735.427249357734,21735.427249357734,21735.427249357734,0.0,0.0,0.0,90627.13371428053
2019-04-19,62543.46489897046,74647.57948445238,80743.2688146771,62543.46489897046,62543.46489897046,15271.82679438204,15271.82679438204,15271.82679438204,-6357.843660726315,-6357.843660726315,-6357.843660726315,21629.670455108353,21629.670455108353,21629.670455108353,0.0,0.0,0.0,77815.2916933525
2019-04-20,62549.06445094003,66983.15480533305,72770.05096389134,62549.06445094003,62549.06445094003,7263.7277899428955,7263.7277899428955,7263.7277899428955,-14253.90140791444,-14253.90140791444,-14253.90140791444,21517.62919785733,21517.62919785733,21517.62919785733,0.0,0.0,0.0,69812.79224088293
2019-04-21,62554.664002909616,69692.603077429,75346.94864982719,62554.664002909616,62554.664002909616,9938.662997843418,9938.662997843418,9938.662997843418,-11460.703720535585,-11460.703720535585,-11460.703720535585,21399.366718379002,21399.366718379002,21399.366718379002,0.0,0.0,0.0,72493.32700075304
2019-04-22,62560.2635548792,80981.72761669739,86644.87920177515,62560.2635548792,62560.2635548792,21262.827024968243,21262.827024968243,21262.827024968243,-12.10989736423253,-12.10989736423253,-12.10989736423253,21274.936922332476,21274.936922332476,21274.936922332476,0.0,0.0,0.0,83823.09057984744
2019-04-23,62565.863106848774,91976.99526447932,98232.9647056649,62565.863106848774,62565.863106848774,32587.404600005564,32587.404600005564,32587.404600005564,11443.020755598327,11443.020755598327,11443.020755598327,21144.38384440724,21144.38384440724,21144.38384440724,0.0,0.0,0.0,95153.26770685434
2019-04-24,62571.46265881836,95009.91515785512,100797.90037052783,62571.46265881836,62571.46265881836,35295.43833128966,35295.43833128966,35295.43833128966,14287.696813026303,14287.696813026303,14287.696813026303,21007.74151826336,21007.74151826336,21007.74151826336,0.0,0.0,0.0,97866.90099010803
2019-04-25,62577.062210787946,86681.47012104945,92769.03417430373,62577.062210787946,62577.062210787946,27218.875364684336,27218.875364684336,27218.875364684336,6353.841117913171,6353.841117913171,6353.841117913171,20865.034246771167,20865.034246771167,20865.034246771167,0.0,0.0,0.0,89795.93757547229
2019-04-26,62582.661762757525,73994.34839637326,79879.7627466073,62582.661762757525,62582.661762757525,14358.433593820562,14358.433593820562,14358.433593820562,-6357.843660734983,-6357.843660734983,-6357.843660734983,20716.277254555545,20716.277254555545,20716.277254555545,0.0,0.0,0.0,76941.0953565781
2019-04-27,62588.26131472711,66058.0477818109,71723.5347443412,62588.26131472711,62588.26131472711,6307.576285231704,6307.576285231704,6307.576285231704,-14253.901407916588,-14253.901407916588,-14253.901407916588,20561.477693148292,20561.477693148292,20561.477693148292,0.0,0.0,0.0,68895.83759995882
2019-04-28,62593.8608666967,68538.38058614667,74380.55071039534,62593.8608666967,62593.8608666967,8939.93223789737,8939.93223789737,8939.93223789737,-11460.703720562677,-11460.703720562677,-11460.703720562677,20400.635958460047,20400.635958460047,20400.635958460047,0.0,0.0,0.0,71533.79310459406
2019-04-29,62637.35925402296,79807.10413572553,85747.45493631065,62637.35925402296,62637.35925402296,20221.637373816324,20221.637373816324,20221.637373816324,-12.109897354565296,-12.109897354565296,-12.109897354565296,20233.74727117089,20233.74727117089,20233.74727117089,0.0,0.0,0.0,82858.99662783928
2019-04-30,62680.85764134921,91259.75894970041,97100.42439320557,62680.85764134921,62680.85764134921,31503.82421881784,31503.82421881784,31503.82421881784,11443.020755604442,11443.020755604442,11443.020755604442,20060.803463213393,20060.803463213393,20060.803463213393,0.0,0.0,0.0,94184.68186016705
2019-05-01,62724.35602867547,93997.6532973345,99746.02510492409,62724.35602867547,62724.35602867547,34169.49172105096,34169.49172105096,34169.49172105096,14287.696813024131,14287.696813024131,14287.696813024131,19881.79490802683,19881.79490802683,19881.79490802683,0.0,0.0,0.0,96893.84774972644
2019-05-02,62767.85441600175,85964.00350265171,91832.67984654622,62767.85441600175,62767.85441600175,26050.553646731973,26050.553646731973,26050.553646731973,6353.841117904521,6353.841117904521,6353.841117904521,19696.71252882745,19696.71252882745,19696.71252882745,0.0,0.0,0.0,88818.40806273372
2019-05-03,62811.352803328,73031.95307614938,78867.28076952462,62811.352803328,62811.352803328,13147.706157123608,13147.706157123608,13147.706157123608,-6357.843660719686,-6357.843660719686,-6357.843660719686,19505.549817843297,19505.549817843297,19505.549817843297,0.0,0.0,0.0,75959.05896045161
2019-05-04,62854.85119065426,64782.3612754514,70833.34069953996,62854.85119065426,62854.85119065426,5054.40339242451,5054.40339242451,5054.40339242451,-14253.901407912826,-14253.901407912826,-14253.901407912826,19308.304800337337,19308.304800337337,19308.304800337337,0.0,0.0,0.0,67909.25458307877
2019-05-05,62898.34957798052,67701.60390529795,73722.1686557481,62898.34957798052,62898.34957798052,7644.278159623669,7644.278159623669,7644.278159623669,-11460.703720556661,-11460.703720556661,-11460.703720556661,19104.981880180334,19104.981880180334,19104.981880180334,0.0,0.0,0.0,70542.6277376042
2019-05-06,62941.84796530679,78708.2187272168,84859.12266137608,62941.84796530679,62941.84796530679,18883.483611346717,18883.483611346717,18883.483611346717,-12.109897344864333,-12.109897344864333,-12.109897344864333,18895.59350869158,18895.59350869158,18895.59350869158,0.0,0.0,0.0,81825.33157665351
2019-05-07,62985.34635263305,90097.56173364724,96009.36780777856,62985.34635263305,62985.34635263305,30123.182380792947,30123.182380792947,30123.182380792947,11443.02075561045,11443.02075561045,11443.02075561045,18680.161625182496,18680.161625182496,18680.161625182496,0.0,0.0,0.0,93108.528733426
2019-05-08,63028.84473995931,92560.01181990687,98701.63925209496,63028.84473995931,63028.84473995931,32746.41563895116,32746.41563895116,32746.41563895116,14287.696813021961,14287.696813021961,14287.696813021961,18458.718825929194,18458.718825929194,18458.718825929194,0.0,0.0,0.0,95775.26037891048
2019-05-09,63072.34312728557,84553.82494614608,90745.75895507696,63072.34312728557,63072.34312728557,24585.15034578157,24585.15034578157,24585.15034578157,6353.841117919772,6353.841117919772,6353.841117919772,18231.309227861795,18231.309227861795,18231.309227861795,0.0,0.0,0.0,87657.49347306714
2019-05-10,63115.84151461183,71876.19857644118,78059.23673334229,63115.84151461183,63115.84151461183,11640.145343040074,11640.145343040074,11640.145343040074,-6357.8436607284,-6357.8436607284,-6357.8436607284,17997.98900376847,17997.98900376847,17997.98900376847,0.0,0.0,0.0,74755.98685765191
2019-05-11,63159.3399019381,63857.19463943812,69743.05713756793,63159.3399019381,63159.3399019381,3504.9251690351653,3504.9251690351653,3504.9251690351653,-14253.901407914955,-14253.901407914955,-14253.901407914955,17758.82657695012,17758.82657695012,17758.82657695012,0.0,0.0,0.0,66664.26507097327
2019-05-12,63202.83828926436,66098.55143691615,72229.7767646851,63202.83828926436,63202.83828926436,6053.198754050223,6053.198754050223,6053.198754050223,-11460.703720550653,-11460.703720550653,-11460.703720550653,17513.902474600876,17513.902474600876,17513.902474600876,0.0,0.0,0.0,69256.03704331457
2019-05-13,63246.33667659062,77680.99450978082,83369.24304722816,63246.33667659062,63246.33667659062,17251.198953121275,17251.198953121275,17251.198953121275,-12.109897335229965,-12.109897335229965,-12.109897335229965,17263.308850456502,17263.308850456502,17263.308850456502,0.0,0.0,0.0,80497.5356297119
2019-05-14,63289.83506391688,88831.98848745848,94735.72626816425,63289.83506391688,63289.83506391688,28450.169453592964,28450.169453592964,28450.169453592964,11443.0207555998,11443.0207555998,11443.0207555998,17007.14869799316,17007.14869799316,17007.14869799316,0.0,0.0,0.0,91740.00451750983
2019-05-15,63333.33345124315,91573.16092200512,97183.88720447675,63333.33345124315,63333.33345124315,31033.231598425566,31033.231598425566,31033.231598425566,14287.696813031669,14287.696813031669,14287.696813031669,16745.5347853939,16745.5347853939,16745.5347853939,0.0,0.0,0.0,94366.56504966872
2019-05-16,63376.83183856941,83132.90618951355,89110.12586999247,63376.83183856941,63376.83183856941,22832.429470192623,22832.429470192623,22832.429470192623,6353.841117911063,6353.841117911063,6353.841117911063,16478.58835228156,16478.58835228156,16478.58835228156,0.0,0.0,0.0,86209.26130876203
2019-05-17,63420.33022589567,70498.81733463086,76257.23950542147,63420.33022589567,63420.33022589567,9848.593954873244,9848.593954873244,9848.593954873244,-6357.843660737068,-6357.843660737068,-6357.843660737068,16206.43761561031,16206.43761561031,16206.43761561031,0.0,0.0,0.0,73268.92418076891
2019-05-18,63463.82861322192,62085.7950283812,67915.22558237366,63463.82861322192,63463.82861322192,1675.3147298930032,1675.3147298930032,1675.3147298930032,-14253.901407917125,-14253.901407917125,-14253.901407917125,15929.216137810126,15929.216137810126,15929.216137810126,0.0,0.0,0.0,65139.14334311493
2019-05-19,63507.3270005482,64556.42290681646,70791.19275298588,63507.3270005482,63507.3270005482,4186.3573936670155,4186.3573936670155,4186.3573936670155,-11460.703720561189,-11460.703720561189,-11460.703720561189,15647.061114228205,15647.061114228205,15647.061114228205,0.0,0.0,0.0,67693.68439421522
2019-05-20,63550.82538787445,75859.01357467804,81715.20979785605,63550.82538787445,63550.82538787445,15348.001741531885,15348.001741531885,15348.001741531885,-12.109897352171613,-12.109897352171613,-12.109897352171613,15360.111638884058,15360.111638884058,15360.111638884058,0.0,0.0,0.0,78898.82712940633
2019-05-21,63594.32377520071,87203.90576385625,92785.64227342041,63594.32377520071,63594.32377520071,26511.52776317978,26511.52776317978,26511.52776317978,11443.020755605861,11443.020755605861,11443.020755605861,15068.507007573915,15068.507007573915,15068.507007573915,0.0,0.0,0.0,90105.85153838049
2019-05-22,63637.82216252697,89871.22660885322,95597.5004572874,63637.82216252697,63637.82216252697,29060.081928434807,29060.081928434807,29060.081928434807,14287.696813029497,14287.696813029497,14287.696813029497,14772.385115405312,14772.385115405312,14772.385115405312,0.0,0.0,0.0,92697.90409096178
2019-05-23,63681.32054985324,81516.97351845709,87339.6506582044,63681.32054985324,63681.32054985324,20825.72211989433,20825.72211989433,20825.72211989433,6353.841117902353,6353.841117902353,6353.841117902353,14471.881001991977,14471.881001991977,14471.881001991977,0.0,0.0,0.0,84507.04266974758
2019-05-24,63724.8189371795,68745.79229340893,74391.44156124504,63724.8189371795,63724.8189371795,7809.281931215074,7809.281931215074,7809.281931215074,-6357.843660745825,-6357.843660745825,-6357.843660745825,14167.1255919609,14167.1255919609,14167.1255919609,0.0,0.0,0.0,71534.10086839457
2019-05-25,63768.31732450576,60235.11820044677,66136.67430518953,63768.31732450576,63768.31732450576,-395.65673668468366,-395.65673668468366,-395.65673668468366,-14253.901407913365,-14253.901407913365,-14253.901407913365,13858.244671228682,13858.244671228682,13858.244671228682,0.0,0.0,0.0,63372.660587821076
2019-05-26,63811.815711832016,63142.79077452631,68639.15670395558,63811.815711832016,63811.815711832016,2084.654410502022,2084.654410502022,2084.654410502022,-11460.703720555188,-11460.703720555188,-11460.703720555188,13545.35813105721,13545.35813105721,13545.35813105721,0.0,0.0,0.0,65896.47012233404
2019-05-27,63855.31409915829,74009.20265337761,80159.87471247952,63855.31409915829,63855.31409915829,13216.46960501879,13216.46960501879,13216.46960501879,-12.109897342504379,-12.109897342504379,-12.109897342504379,13228.579502361297,13228.579502361297,13228.579502361297,0.0,0.0,0.0,77071.78370417708
2019-05-28,63898.81248648455,85257.14058306975,91311.49850663057,63898.81248648455,63898.81248648455,24351.036548121283,24351.036548121283,24351.036548121283,11443.02075561187,11443.02075561187,11443.02075561187,12908.015792509414,12908.015792509414,12908.015792509414,0.0,0.0,0.0,88249.84903460584
2019-05-29,63942.310873810806,87939.62335862144,94001.69037815584,63942.310873810806,63942.310873810806,26871.46443926648,26871.46443926648,26871.46443926648,14287.696813027387,14287.696813027387,14287.696813027387,12583.767626239094,12583.767626239094,12583.767626239094,0.0,0.0,0.0,90813.77531307729
2019-05-30,63985.80926113707,79593.57638197906,85467.93838321097,63985.80926113707,63985.80926113707,18609.770799567472,18609.770799567472,18609.770799567472,6353.841117917664,6353.841117917664,6353.841117917664,12255.929681649808,12255.929681649808,12255.929681649808,0.0,0.0,0.0,82595.58006070454
2019-05-31,64029.30764846333,66742.15090446477,72814.58709916953,64029.30764846333,64029.30764846333,5566.747741196106,5566.747741196106,5566.747741196106,-6357.8436607305275,-6357.8436607305275,-6357.8436607305275,11924.591401926633,11924.591401926633,11924.591401926633,0.0,0.0,0.0,69596.05538965944
2019-06-01,64072.806035789596,58377.206845953886,64416.266482836254,64072.806035789596,64072.806035789596,-2664.063454170714,-2664.063454170714,-2664.063454170714,-14253.901407909563,-14253.901407909563,-14253.901407909563,11589.83795373885,11589.83795373885,11589.83795373885,0.0,0.0,0.0,61408.742581618884
2019-06-02,64116.30442311586,60803.28701530618,66736.28944971482,64116.30442311586,64116.30442311586,-208.95232594950514,-208.95232594950514,-208.95232594950514,-11460.703720549172,-11460.703720549172,-11460.703720549172,11251.751394599669,11251.751394599669,11251.751394599669,0.0,0.0,0.0,63907.35209716635
2019-06-03,64159.80281044212,72027.28719384094,77976.53724918536,64159.80281044212,64159.80281044212,10898.302106691204,10898.302106691204,10898.302106691204,-12.10989733283628,-12.10989733283628,-12.10989733283628,10910.41200402404,10910.41200402404,10910.41200402404,0.0,0.0,0.0,75058.10491713331
2019-06-04,64203.301197768385,83272.06656983073,89214.62067077224,64203.301197768385,64203.301197768385,22008.92048302815,22008.92048302815,22008.92048302815,11443.020755617987,11443.020755617987,11443.020755617987,10565.899727410164,10565.899727410164,10565.899727410164,0.0,0.0,0.0,86212.22168079653
2019-06-05,64246.799585094646,85861.82314599292,91718.62257150834,64246.799585094646,64246.799585094646,24505.992490395805,24505.992490395805,24505.992490395805,14287.696813031092,14287.696813031092,14287.696813031092,10218.295677364711,10218.295677364711,10218.295677364711,0.0,0.0,0.0,88752.79207549045
2019-06-06,64290.29797242091,77579.3826490068,83344.58727360905,64290.29797242091,64290.29797242091,16221.524752735897,16221.524752735897,16221.524752735897,6353.841117908895,6353.841117908895,6353.841117908895,9867.683634827004,9867.683634827004,9867.683634827004,0.0,0.0,0.0,80511.8227251568
2019-06-07,64333.79635974716,64483.38186816304,70361.05334839107,64333.79635974716,64333.79635974716,3156.307831214516,3156.307831214516,3156.307831214516,-6357.8436607392405,-6357.8436607392405,-6357.8436607392405,9514.151491953757,9514.151491953757,9514.151491953757,0.0,0.0,0.0,67490.10419096168
2019-06-08,64377.29474707342,56383.45696599118,62258.92643154663,64377.29474707342,64377.29474707342,-5096.108827689214,-5096.108827689214,-5096.108827689214,-14253.901407911731,-14253.901407911731,-14253.901407911731,9157.792580222518,9157.792580222518,9157.792580222518,0.0,0.0,0.0,59281.18591938421
2019-06-09,64420.7931343997,58747.06992173103,64604.43218412314,64420.7931343997,64420.7931343997,-2661.9968898382904,-2661.9968898382904,-2661.9968898382904,-11460.703720543164,-11460.703720543164,-11460.703720543164,8798.706830704874,8798.706830704874,8798.706830704874,0.0,0.0,0.0,61758.79624456141
2019-06-10,64464.29152172595,69817.73009836466,75799.91710069335,64464.29152172595,64464.29152172595,8424.89182135125,8424.89182135125,8424.89182135125,-12.109897349810794,-12.109897349810794,-12.109897349810794,8437.00171870106,8437.00171870106,8437.00171870106,0.0,0.0,0.0,72889.1833430772
2019-06-11,64507.78990905221,81050.7071876693,87001.07104330044,64507.78990905221,64507.78990905221,19515.813707440037,19515.813707440037,19515.813707440037,11443.020755590733,11443.020755590733,11443.020755590733,8072.792951849304,8072.792951849304,8072.792951849304,0.0,0.0,0.0,84023.60361649224
2019-06-12,64551.28829637847,83792.53803021382,89633.20998143282,64551.28829637847,64551.28829637847,21993.901682190044,21993.901682190044,21993.901682190044,14287.696813028986,14287.696813028986,14287.696813028986,7706.204869161058,7706.204869161058,7706.204869161058,0.0,0.0,0.0,86545.18997856852
2019-06-13,64594.78668370474,75263.44138232787,81339.24798504521,64594.78668370474,64594.78668370474,13691.211645874997,13691.211645874997,13691.211645874997,6353.841117900186,6353.841117900186,6353.841117900186,7337.370527974809,7337.370527974809,7337.370527974809,0.0,0.0,0.0,78285.99832957974
2019-06-14,64638.285071031,62278.6739987684,68044.88877010634,64638.285071031,64638.285071031,608.5878054169021,608.5878054169021,608.5878054169021,-6357.843660747954,-6357.843660747954,-6357.843660747954,6966.431466164857,6966.431466164857,6966.431466164857,0.0,0.0,0.0,65246.8728764479
2019-06-15,64681.78345835726,54235.363502696906,59998.143682934446,64681.78345835726,64681.78345835726,-7660.364270000834,-7660.364270000834,-7660.364270000834,-14253.90140790793,-14253.90140790793,-14253.90140790793,6593.537137907096,6593.537137907096,6593.537137907096,0.0,0.0,0.0,57021.41918835643
2019-06-16,64725.281845683516,56671.541095317014,62448.772859009216,64725.281845683516,64725.281845683516,-5241.859688164548,-5241.859688164548,-5241.859688164548,-11460.7037205537,-11460.7037205537,-11460.7037205537,6218.844032389154,6218.844032389154,6218.844032389154,0.0,0.0,0.0,59483.422157518966
2019-06-17,64768.78023300979,67537.32456274373,73444.09019417441,64768.78023300979,64768.78023300979,5830.404598461018,5830.404598461018,5830.404598461018,-12.109897340110697,-12.109897340110697,-12.109897340110697,5842.514495801129,5842.514495801129,5842.514495801129,0.0,0.0,0.0,70599.1848314708
2019-06-18,64812.27862033605,78945.03176004432,84729.4959230346,64812.27862033605,64812.27862033605,16907.736042954988,16907.736042954988,16907.736042954988,11443.020755596794,11443.020755596794,11443.020755596794,5464.7152873582,5464.7152873582,5464.7152873582,0.0,0.0,0.0,81720.01466329105
2019-06-19,64855.777007662306,81578.17930580824,87413.05871014613,64855.777007662306,64855.777007662306,19373.31272267349,19373.31272267349,19373.31272267349,14287.696813026878,14287.696813026878,14287.696813026878,5085.615909646614,5085.615909646614,5085.615909646614,0.0,0.0,0.0,84229.08973033579
2019-06-20,64899.27539498857,73152.24898878987,79005.21623672702,64899.27539498857,64899.27539498857,11059.227879869863,11059.227879869863,11059.227879869863,6353.8411178914175,6353.8411178914175,6353.8411178914175,4705.386761978443,4705.386761978443,4705.386761978443,0.0,0.0,0.0,75958.50327485843
2019-06-21,64942.77378231484,59591.85239287972,65882.56801015411,64942.77378231484,64942.77378231484,-2033.646488429553,-2033.646488429553,-2033.646488429553,-6357.843660732702,-6357.843660732702,-6357.843660732702,4324.197172303149,4324.197172303149,4324.197172303149,0.0,0.0,0.0,62909.127293885285
2019-06-22,64986.272169641095,51732.17609016612,57667.186332822166,64986.272169641095,64986.272169641095,-10311.688039433286,-10311.688039433286,-10311.688039433286,-14253.9014079101,-14253.9014079101,-14253.9014079101,3942.2133684768132,3942.2133684768132,3942.2133684768132,0.0,0.0,0.0,54674.58413020781
2019-06-23,65029.770556967356,54244.39201710868,60100.80552704045,65029.770556967356,65029.770556967356,-7901.107267556351,-7901.107267556351,-7901.107267556351,-11460.703720547694,-11460.703720547694,-11460.703720547694,3559.5964529913413,3559.5964529913413,3559.5964529913413,0.0,0.0,0.0,57128.66328941101
2019-06-24,65073.26894429362,65268.13895345197,71187.90540676925,65073.26894429362,65073.26894429362,3164.3905492647086,3164.3905492647086,3164.3905492647086,-12.109897330444326,-12.109897330444326,-12.109897330444326,3176.500446595153,3176.500446595153,3176.500446595153,0.0,0.0,0.0,68237.65949355833
2019-06-25,65116.76733161987,76490.73392643081,82268.60565217504,65116.76733161987,65116.76733161987,14236.091221088507,14236.091221088507,14236.091221088507,11443.020755602802,11443.020755602802,11443.020755602802,2793.070465485706,2793.070465485706,2793.070465485706,0.0,0.0,0.0,79352.85855270838
2019-06-26,65160.26570925233,78741.96299142817,84657.41559814027,65160.26570925233,65160.26570925233,16697.137906954176,16697.137906954176,16697.137906954176,14287.696813030581,14287.696813030581,14287.696813030581,2409.441093923598,2409.441093923598,2409.441093923598,0.0,0.0,0.0,81857.4036162065
2019-06-27,65203.76408688479,70548.66293284067,76555.45596779039,65203.76408688479,65203.76408688479,8379.576127224198,8379.576127224198,8379.576127224198,6353.841117906788,6353.841117906788,6353.841117906788,2025.7350093174111,2025.7350093174111,2025.7350093174111,0.0,0.0,0.0,73583.34021410899
2019-06-28,65247.26246451725,57955.3620101948,63523.36436776608,65247.26246451725,65247.26246451725,-4715.781750636791,-4715.781750636791,-4715.781750636791,-6357.843660717449,-6357.843660717449,-6357.843660717449,1642.0619100806584,1642.0619100806584,1642.0619100806584,0.0,0.0,0.0,60531.48071388045
2019-06-29,65290.760842149706,49337.005566879445,55131.39424332779,65290.760842149706,65290.760842149706,-12995.38361969689,-12995.38361969689,-12995.38361969689,-14253.901407912248,-14253.901407912248,-14253.901407912248,1258.5177882153578,1258.5177882153578,1258.5177882153578,0.0,0.0,0.0,52295.377222452815
2019-06-30,65334.259219782165,51965.67270875675,57894.121773066676,65334.259219782165,65334.259219782165,-10585.519141828165,-10585.519141828165,-10585.519141828165,-11460.703720541687,-11460.703720541687,-11460.703720541687,875.1845787135235,875.1845787135235,875.1845787135235,0.0,0.0,0.0,54748.740077954004
2019-07-01,65377.757597414624,62621.57852013188,68834.12601223474,65377.757597414624,65377.757597414624,480.0203095647886,480.0203095647886,480.0203095647886,-12.109897320743361,-12.109897320743361,-12.109897320743361,492.13020688553195,492.13020688553195,492.13020688553195,0.0,0.0,0.0,65857.77790697942
2019-07-02,65421.25597504708,73830.43993892158,79874.96598064058,65421.25597504708,65421.25597504708,11552.429798498111,11552.429798498111,11552.429798498111,11443.020755592204,11443.020755592204,11443.020755592204,109.40904290590646,109.40904290590646,109.40904290590646,0.0,0.0,0.0,76973.68577354519
2019-07-03,65464.75435267954,76761.36140534797,82261.7604857668,65464.75435267954,65464.75435267954,14014.759573598045,14014.759573598045,14014.759573598045,14287.696813028477,14287.696813028477,14287.696813028477,-272.93723943043267,-272.93723943043267,-272.93723943043267,0.0,0.0,0.0,79479.51392627759
2019-07-04,65508.252730312,68310.37441715969,74081.07195290962,65508.252730312,65508.252730312,5698.962702792856,5698.962702792856,5698.962702792856,6353.84111789802,6353.84111789802,6353.84111789802,-654.878415105163,-654.878415105163,-654.878415105163,0.0,0.0,0.0,71207.21543310485
2019-07-05,65551.75110794447,55216.03152889356,60859.21077668935,65551.75110794447,65551.75110794447,-7394.237759660114,-7394.237759660114,-7394.237759660114,-6357.843660726165,-6357.843660726165,-6357.843660726165,-1036.3940989339483,-1036.3940989339483,-1036.3940989339483,0.0,0.0,0.0,58157.51334828435
2019-07-06,65595.24948557692,46984.849104494584,52989.83235443253,65595.24948557692,65595.24948557692,-15671.373222098568,-15671.373222098568,-15671.373222098568,-14253.901407914416,-14253.901407914416,-14253.901407914416,-1417.4718141841508,-1417.4718141841508,-1417.4718141841508,0.0,0.0,0.0,49923.87626347835
2019-07-07,65638.74786320938,49302.45558441393,55433.29805010195,65638.74786320938,65638.74786320938,-13258.8085086511,-13258.8085086511,-13258.8085086511,-11460.703720552221,-11460.703720552221,-11460.703720552221,-1798.1047880988783,-1798.1047880988783,-1798.1047880988783,0.0,0.0,0.0,52379.939354558286
2019-07-08,65682.24624084184,60628.06613566315,66732.65541100671,65682.24624084184,65682.24624084184,-2190.3994300702193,-2190.3994300702193,-2190.3994300702193,-12.109897337749878,-12.109897337749878,-12.109897337749878,-2178.289532732469,-2178.289532732469,-2178.289532732469,0.0,0.0,0.0,63491.84681077162
2019-07-09,65725.7446184743,71949.80440754603,77672.34494509686,65725.7446184743,65725.7446184743,8884.99747866704,8884.99747866704,8884.99747866704,11443.020755598267,11443.020755598267,11443.020755598267,-2558.023276931227,-2558.023276931227,-2558.023276931227,0.0,0.0,0.0,74610.74209714134
2019-07-10,65769.24299610675,74186.4676389232,80053.49164497606,65769.24299610675,65769.24299610675,11350.39549218282,11350.39549218282,11350.39549218282,14287.696813026305,14287.696813026305,14287.696813026305,-2937.301320843483,-2937.301320843483,-2937.301320843483,0.0,0.0,0.0,77119.63848828958
2019-07-11,65812.74137373922,65933.49918875955,71790.67149897633,65812.74137373922,65812.74137373922,3037.726730105113,3037.726730105113,3037.726730105113,6353.841117889251,6353.841117889251,6353.841117889251,-3316.1143877841387,-3316.1143877841387,-3316.1143877841387,0.0,0.0,0.0,68850.46810384434
2019-07-12,65856.23975137167,52709.56384690211,58821.17166316229,65856.23975137167,65856.23975137167,-10052.289710300118,-10052.289710300118,-10052.289710300118,-6357.843660710867,-6357.843660710867,-6357.843660710867,-3694.4460495892527,-3694.4460495892527,-3694.4460495892527,0.0,0.0,0.0,55803.950041071555
2019-07-13,65899.73812900414,44529.30906724809,50486.5626165443,65899.73812900414,65899.73812900414,-18326.171708465234,-18326.171708465234,-18326.171708465234,-14253.901407910636,-14253.901407910636,-14253.901407910636,-4072.2703005545977,-4072.2703005545977,-4072.2703005545977,0.0,0.0,0.0,47573.566420538904
2019-07-14,65943.23650663659,47187.693520243396,52964.97024096311,65943.23650663659,65943.23650663659,-15910.253072372818,-15910.253072372818,-15910.253072372818,-11460.70372054622,-11460.70372054622,-11460.70372054622,-4449.549351826599,-4449.549351826599,-4449.549351826599,0.0,0.0,0.0,50032.98343426377
2019-07-15,65986.73488426906,58167.967158548614,64152.15446722868,65986.73488426906,65986.73488426906,-4838.34161002441,-4838.34161002441,-4838.34161002441,-12.10989735472439,-12.10989735472439,-12.10989735472439,-4826.231712669686,-4826.231712669686,-4826.231712669686,0.0,0.0,0.0,61148.39327424465
2019-07-16,66030.2332619015,69332.72367782045,75145.81635792722,66030.2332619015,66030.2332619015,6240.770138030313,6240.770138030313,6240.770138030313,11443.020755604328,11443.020755604328,11443.020755604328,-5202.2506175740145,-5202.2506175740145,-5202.2506175740145,0.0,0.0,0.0,72271.00339993183
2019-07-17,66073.73163953397,71952.7722430755,77816.92658367385,66073.73163953397,66073.73163953397,8710.173964188036,8710.173964188036,8710.173964188036,14287.696813024195,14287.696813024195,14287.696813024195,-5577.522848836157,-5577.522848836157,-5577.522848836157,0.0,0.0,0.0,74783.90560372201
2019-07-18,66117.23001716642,63458.91194333767,69419.93930716265,66117.23001716642,66117.23001716642,401.8931244904044,401.8931244904044,401.8931244904044,6353.841117904621,6353.841117904621,6353.841117904621,-5951.947993414216,-5951.947993414216,-5951.947993414216,0.0,0.0,0.0,66519.12314165683
2019-07-19,66160.72839479889,50536.92371285045,56501.724917907326,66160.72839479889,66160.72839479889,-12683.251821400097,-12683.251821400097,-12683.251821400097,-6357.8436607196245,-6357.8436607196245,-6357.8436607196245,-6325.408160680474,-6325.408160680474,-6325.408160680474,0.0,0.0,0.0,53477.476573398795
2019-07-20,66204.22677243134,42323.94107917826,48235.53071644748,66204.22677243134,66204.22677243134,-20951.66958259218,-20951.66958259218,-20951.66958259218,-14253.901407912783,-14253.901407912783,-14253.901407912783,-6697.768174679399,-6697.768174679399,-6697.768174679399,0.0,0.0,0.0,45252.557189839164
2019-07-21,66247.72515006381,44763.81495894291,50596.82101563634,66247.72515006381,66247.72515006381,-18529.579961462914,-18529.579961462914,-18529.579961462914,-11460.703720540205,-11460.703720540205,-11460.703720540205,-7068.876240922708,-7068.876240922708,-7068.876240922708,0.0,0.0,0.0,47718.145188600894
2019-07-22,66291.22352769626,55754.12916862039,61819.57881726567,66291.22352769626,66291.22352769626,-7450.674971407003,-7450.674971407003,-7450.674971407003,-12.10989734505716,-12.10989734505716,-12.10989734505716,-7438.565074061946,-7438.565074061946,-7438.565074061946,0.0,0.0,0.0,58840.54855628926
2019-07-23,66334.72190532873,66922.87716286372,73013.33795458553,66334.72190532873,66334.72190532873,3636.367296215021,3636.367296215021,3636.367296215021,11443.020755593678,11443.020755593678,11443.020755593678,-7806.653459378657,-7806.653459378657,-7806.653459378657,0.0,0.0,0.0,69971.08920154374
2019-07-24,66378.22028296118,69623.47824491448,75413.585073266,66378.22028296118,66378.22028296118,6114.748604745315,6114.748604745315,6114.748604745315,14287.69681302796,14287.69681302796,14287.69681302796,-8172.948208282648,-8172.948208282648,-8172.948208282648,0.0,0.0,0.0,72492.96888770649
2019-07-25,66421.71866059364,61446.33341784767,67284.27463114807,66421.71866059364,66421.71866059364,-2183.405338476426,-2183.405338476426,-2183.405338476426,6353.841117919871,6353.841117919871,6353.841117919871,-8537.246456396297,-8537.246456396297,-8537.246456396297,0.0,0.0,0.0,64238.31332211722
2019-07-26,66465.2170382261,48252.69147298289,54228.23512449599,66465.2170382261,66465.2170382261,-15257.181903255925,-15257.181903255925,-15257.181903255925,-6357.843660728292,-6357.843660728292,-6357.843660728292,-8899.338242527634,-8899.338242527634,-8899.338242527634,0.0,0.0,0.0,51208.03513497017
2019-07-27,66508.71541585856,40254.69102115052,46003.94386390449,66508.71541585856,66508.71541585856,-23512.91070628262,-23512.91070628262,-23512.91070628262,-14253.901407914931,-14253.901407914931,-14253.901407914931,-9259.00929836769,-9259.00929836769,-9259.00929836769,0.0,0.0,0.0,42995.80470957594
2019-07-28,66552.21379349101,42577.2729999831,48582.584639089975,66552.21379349101,66552.21379349101,-21076.747692780704,-21076.747692780704,-21076.747692780704,-11460.703720534199,-11460.703720534199,-11460.703720534199,-9616.043972246503,-9616.043972246503,-9616.043972246503,0.0,0.0,0.0,45475.46610071031
2019-07-29,66595.71217112348,53472.63373104391,59654.643118968306,66595.71217112348,66595.71217112348,-9982.338103361792,-9982.338103361792,-9982.338103361792,-12.109897361998806,-12.109897361998806,-12.109897361998806,-9970.228205999792,-9970.228205999792,-9970.228205999792,0.0,0.0,0.0,56613.37406776169
2019-07-30,66639.21054875593,64789.630820702056,70593.90586050677,66639.21054875593,66639.21054875593,1121.6682735263432,1121.6682735263432,1121.6682735263432,11443.020755599791,11443.020755599791,11443.020755599791,-10321.35248207345,-10321.35248207345,-10321.35248207345,0.0,0.0,0.0,67760.87882228228
2019-07-31,66682.7089263884,67236.2545544643,73130.19245340733,66682.7089263884,66682.7089263884,3618.482154567674,3618.482154567674,3618.482154567674,14287.69681302579,14287.69681302579,14287.69681302579,-10669.214658458117,-10669.214658458117,-10669.214658458117,0.0,0.0,0.0,70301.19108095606
2019-08-01,66726.20730402085,59165.65826688459,65206.80393411093,66726.20730402085,66726.20730402085,-4659.781494087269,-4659.781494087269,-4659.781494087269,6353.841117911222,6353.841117911222,6353.841117911222,-11013.622611998491,-11013.622611998491,-11013.622611998491,0.0,0.0,0.0,62066.42580993358
2019-08-02,66769.70568165331,46207.222646069895,52109.31880286623,66769.70568165331,66769.70568165331,-17712.24027657945,-17712.24027657945,-17712.24027657945,-6357.843660737006,-6357.843660737006,-6357.843660737006,-11354.396615842446,-11354.396615842446,-11354.396615842446,0.0,0.0,0.0,49057.46540507386
2019-08-03,66813.20405928577,37975.469142061804,43709.7126179851,66813.20405928577,66813.20405928577,-25945.2727921998,-25945.2727921998,-25945.2727921998,-14253.901407911171,-14253.901407911171,-14253.901407911171,-11691.371384288623,-11691.371384288623,-11691.371384288623,0.0,0.0,0.0,40867.931267085965
2019-08-04,66856.70243691823,40201.409952929906,46115.976880458744,66856.70243691823,66856.70243691823,-23485.101448293117,-23485.101448293117,-23485.101448293117,-11460.703720544736,-11460.703720544736,-11460.703720544736,-12024.39772774838,-12024.39772774838,-12024.39772774838,0.0,0.0,0.0,43371.60098862511
2019-08-05,66900.20081455068,51519.10602673516,57593.521608517935,66900.20081455068,66900.20081455068,-12365.4536690832,-12365.4536690832,-12365.4536690832,-12.10989735229957,-12.10989735229957,-12.10989735229957,-12353.343771730899,-12353.343771730899,-12353.343771730899,0.0,0.0,0.0,54534.74714546748
2019-08-06,66943.69919218315,62773.79141669704,68613.92762948084,66943.69919218315,66943.69919218315,-1235.0749507571193,-1235.0749507571193,-1235.0749507571193,11443.020755605801,11443.020755605801,11443.020755605801,-12678.095706362921,-12678.095706362921,-12678.095706362921,0.0,0.0,0.0,65708.62424142603
2019-08-07,66987.1975698156,65439.703603504044,71169.29140715733,66987.1975698156,66987.1975698156,1289.1387664599704,1289.1387664599704,1289.1387664599704,14287.69681302362,14287.69681302362,14287.69681302362,-12998.55804656365,-12998.55804656365,-12998.55804656365,0.0,0.0,0.0,68276.33633627558
2019-08-08,67030.69594744807,57020.15655547523,63019.67471325456,67030.69594744807,67030.69594744807,-6960.812279373572,-6960.812279373572,-6960.812279373572,6353.841117926472,6353.841117926472,6353.841117926472,-13314.653397300044,-13314.653397300044,-13314.653397300044,0.0,0.0,0.0,60069.88366807449
2019-08-09,67074.19432508052,44158.92569392128,50140.24793073675,67074.19432508052,67074.19432508052,-19984.16539351222,-19984.16539351222,-19984.16539351222,-6357.843660721708,-6357.843660721708,-6357.843660721708,-13626.321732790515,-13626.321732790515,-13626.321732790515,0.0,0.0,0.0,47090.028931568304
2019-08-10,67117.69270271299,35887.95960479676,41872.152272925516,67117.69270271299,67117.69270271299,-28187.420620727706,-28187.420620727706,-28187.420620727706,-14253.901407913298,-14253.901407913298,-14253.901407913298,-13933.519212814408,-13933.519212814408,-13933.519212814408,0.0,0.0,0.0,38930.272081985284
2019-08-11,67161.19108034544,38175.60561712273,44346.34014720526,67161.19108034544,67161.19108034544,-25696.92029345508,-25696.92029345508,-25696.92029345508,-11460.703720555272,-11460.703720555272,-11460.703720555272,-14236.21657289981,-14236.21657289981,-14236.21657289981,0.0,0.0,0.0,41464.27078689035
2019-08-12,67204.6894579779,49646.10626085929,55496.476880754024,67204.6894579779,67204.6894579779,-14546.507035088336,-14546.507035088336,-14546.507035088336,-12.109897342664338,-12.109897342664338,-12.109897342664338,-14534.39713774567,-14534.39713774567,-14534.39713774567,0.0,0.0,0.0,52658.18242288957
2019-08-13,67248.18783561036,60713.73126811728,66910.49826439575,67248.18783561036,67248.18783561036,-3385.033762747208,-3385.033762747208,-3385.033762747208,11443.020755611862,11443.020755611862,11443.020755611862,-14828.05451835907,-14828.05451835907,-14828.05451835907,0.0,0.0,0.0,63863.154072863144
2019-08-14,67291.68621324282,63359.72722565447,69412.72445239776,67291.68621324282,67291.68621324282,-829.4932497748404,-829.4932497748404,-829.4932497748404,14287.696813027447,14287.696813027447,14287.696813027447,-15117.190062802289,-15117.190062802289,-15117.190062802289,0.0,0.0,0.0,66462.19296346798
2019-08-15,67335.18459087527,55476.99797559424,61096.246288817565,67335.18459087527,67335.18459087527,-9047.969019815355,-9047.969019815355,-9047.969019815355,6353.841117917763,6353.841117917763,6353.841117917763,-15401.810137733119,-15401.810137733119,-15401.810137733119,0.0,0.0,0.0,58287.21557105992
2019-08-16,67378.68296850774,42439.26298219622,48199.20926210663,67378.68296850774,67378.68296850774,-22039.766983716065,-22039.766983716065,-22039.766983716065,-6357.843660730377,-6357.843660730377,-6357.843660730377,-15681.92332298569,-15681.92332298569,-15681.92332298569,0.0,0.0,0.0,45338.915984791674
2019-08-17,67422.18134614019,34329.82399789339,40265.01623748209,67422.18134614019,67422.18134614019,-30211.439011948023,-30211.439011948023,-30211.439011948023,-14253.90140791547,-14253.90140791547,-14253.90140791547,-15957.537604032552,-15957.537604032552,-15957.537604032552,0.0,0.0,0.0,37210.74233419217
2019-08-18,67465.67972377266,36777.98815352198,42773.79787435378,67465.67972377266,67465.67972377266,-27689.361367789115,-27689.361367789115,-27689.361367789115,-11460.703720549262,-11460.703720549262,-11460.703720549262,-16228.65764723986,-16228.65764723986,-16228.65764723986,0.0,0.0,0.0,39776.318355983545
2019-08-19,67509.17810140511,48034.15314008284,53935.483141854864,67509.17810140511,67509.17810140511,-16507.392137722916,-16507.392137722916,-16507.392137722916,-12.109897359605124,-12.109897359605124,-12.109897359605124,-16495.282240363314,-16495.282240363314,-16495.282240363314,0.0,0.0,0.0,51001.785963682196
2019-08-20,67552.67647903757,59389.4193902897,65194.769604786736,67552.67647903757,67552.67647903757,-5314.3812201625005,-5314.3812201625005,-5314.3812201625005,11443.020755601214,11443.020755601214,11443.020755601214,-16757.401975763714,-16757.401975763714,-16757.401975763714,0.0,0.0,0.0,62238.29525887508
2019-08-21,67596.17485667003,61969.25848716183,67966.1079646882,67596.17485667003,67596.17485667003,-2727.300433538828,-2727.300433538828,-2727.300433538828,14287.696813025219,14287.696813025219,14287.696813025219,-17014.997246564046,-17014.997246564046,-17014.997246564046,0.0,0.0,0.0,64868.8744231312
2019-08-22,67639.67323430249,53871.36617596397,59730.21266318728,67639.67323430249,67639.67323430249,-10914.195498600631,-10914.195498600631,-10914.195498600631,6353.841117909055,6353.841117909055,6353.841117909055,-17268.036616509686,-17268.036616509686,-17268.036616509686,0.0,0.0,0.0,56725.47773570186
2019-08-23,67663.62052776245,40838.13391228737,46684.25574112578,67663.62052776245,67663.62052776245,-23874.31927379587,-23874.31927379587,-23874.31927379587,-6357.843660739135,-6357.843660739135,-6357.843660739135,-17516.475613056737,-17516.475613056737,-17516.475613056737,0.0,0.0,0.0,43789.30125396658
2019-08-24,67687.56782122243,32787.760865560886,38739.52985429626,67687.56782122243,67687.56782122243,-32014.1573882702,-32014.1573882702,-32014.1573882702,-14253.901407917616,-14253.901407917616,-14253.901407917616,-17760.255980352587,-17760.255980352587,-17760.255980352587,0.0,0.0,0.0,35673.41043295223
2019-08-25,67711.5151146824,35253.53153786671,41337.643415368926,67711.5151146824,67711.5151146824,-29460.009135436092,-29460.009135436092,-29460.009135436092,-11460.703720559806,-11460.703720559806,-11460.703720559806,-17999.305414876286,-17999.305414876286,-17999.305414876286,0.0,0.0,0.0,38251.505979246314
2019-08-26,67735.46240814237,46488.48959544185,52407.07391841553,67735.46240814237,67735.46240814237,-18245.64768912249,-18245.64768912249,-18245.64768912249,-12.109897349938752,-12.109897349938752,-12.109897349938752,-18233.537791772553,-18233.537791772553,-18233.537791772553,0.0,0.0,0.0,49489.81471901988
2019-08-27,67759.40970160234,57798.87586248391,63701.44691611618,67759.40970160234,67759.40970160234,-7019.833119326381,-7019.833119326381,-7019.833119326381,11443.02075560722,11443.02075560722,11443.02075560722,-18462.8538749336,-18462.8538749336,-18462.8538749336,0.0,0.0,0.0,60739.576582275964
2019-08-28,67783.35699506232,60380.04962743601,66127.49819825806,67783.35699506232,67783.35699506232,-4399.445676039796,-4399.445676039796,-4399.445676039796,14287.696813029046,14287.696813029046,14287.696813029046,-18687.14248906884,-18687.14248906884,-18687.14248906884,0.0,0.0,0.0,63383.911319022525
2019-08-29,67807.30428852228,52368.64685413835,58439.85820435884,67807.30428852228,67807.30428852228,-12552.440999841687,-12552.440999841687,-12552.440999841687,6353.841117900345,6353.841117900345,6353.841117900345,-18906.282117742034,-18906.282117742034,-18906.282117742034,0.0,0.0,0.0,55254.86328868059
2019-08-30,67831.25158198226,39511.75118663052,45210.48439806146,67831.25158198226,67831.25158198226,-25477.98653889458,-25477.98653889458,-25477.98653889458,-6357.843660723838,-6357.843660723838,-6357.843660723838,-19120.142878170747,-19120.142878170747,-19120.142878170747,0.0,0.0,0.0,42353.26504308768
2019-08-31,67855.19887544223,31315.82620718523,37237.60752378753,67855.19887544223,67855.19887544223,-33582.49021972456,-33582.49021972456,-33582.49021972456,-14253.901407913858,-14253.901407913858,-14253.901407913858,-19328.588811810692,-19328.588811810692,-19328.588811810692,0.0,0.0,0.0,34272.70865571767
2019-09-01,67879.1461689022,33980.49815803497,40082.61854071367,67879.1461689022,67879.1461689022,-30992.184140332974,-30992.184140332974,-30992.184140332974,-11460.703720553793,-11460.703720553793,-11460.703720553793,-19531.480419779182,-19531.480419779182,-19531.480419779182,0.0,0.0,0.0,36886.96202856922
2019-09-02,67903.09346236217,45303.55286295166,51048.95277882518,67903.09346236217,67903.09346236217,-19740.787261655132,-19740.787261655132,-19740.787261655132,-12.109897340270651,-12.109897340270651,-12.109897340270651,-19728.67736431486,-19728.67736431486,-19728.67736431486,0.0,0.0,0.0,48162.30620070704
2019-09-03,67927.04075582215,56340.57559551435,62413.912249143934,67927.04075582215,67927.04075582215,-8477.020496339335,-8477.020496339335,-8477.020496339335,11443.020755613335,11443.020755613335,11443.020755613335,-19920.041251952673,-19920.041251952673,-19920.041251952673,0.0,0.0,0.0,59450.020259482815
2019-09-04,67950.98804928211,58900.499551110544,65076.838691466066,67950.98804928211,67950.98804928211,-5817.741598109066,-5817.741598109066,-5817.741598109066,14287.696813032751,14287.696813032751,14287.696813032751,-20105.43841114182,-20105.43841114182,-20105.43841114182,0.0,0.0,0.0,62133.24645117304
2019-09-05,67974.93534274209,51037.606223244904,57116.44392428323,67974.93534274209,67974.93534274209,-13930.901458783113,-13930.901458783113,-13930.901458783113,6353.841117915596,6353.841117915596,6353.841117915596,-20284.74257669871,-20284.74257669871,-20284.74257669871,0.0,0.0,0.0,54044.033883958975
2019-09-06,67998.88263620206,38250.02572271007,44384.070581753826,67998.88263620206,67998.88263620206,-26815.68105653566,-26815.68105653566,-26815.68105653566,-6357.843660732549,-6357.843660732549,-6357.843660732549,-20457.837395803108,-20457.837395803108,-20457.837395803108,0.0,0.0,0.0,41183.201579666405
2019-09-07,68022.82992966202,30298.43301668347,36155.516952683916,68022.82992966202,68022.82992966202,-34878.52008314116,-34878.52008314116,-34878.52008314116,-14253.901407910058,-14253.901407910058,-14253.901407910058,-20624.618675231104,-20624.618675231104,-20624.618675231104,0.0,0.0,0.0,33144.30984652087
2019-09-08,68046.777223122,32702.952691887254,38613.214938802754,68046.777223122,68046.777223122,-32245.7000174639,-32245.7000174639,-32245.7000174639,-11460.703720547788,-11460.703720547788,-11460.703720547788,-20784.996296916113,-20784.996296916113,-20784.996296916113,0.0,0.0,0.0,35801.077205658105
2019-09-09,68070.72451658196,44202.49102858172,50022.57680666574,68070.72451658196,68070.72451658196,-20951.005635963324,-20951.005635963324,-20951.005635963324,-12.109897330604284,-12.109897330604284,-12.109897330604284,-20938.895738632717,-20938.895738632717,-20938.895738632717,0.0,0.0,0.0,47119.71888061864
2019-09-10,68094.67181004194,55531.9557570366,61443.915143110156,68094.67181004194,68094.67181004194,-9643.238392703113,-9643.238392703113,-9643.238392703113,11443.020755602687,11443.020755602687,11443.020755602687,-21086.259148305802,-21086.259148305802,-21086.259148305802,0.0,0.0,0.0,58451.43341733883
2019-09-11,68118.61910350191,58253.705547597325,64175.66847600107,68118.61910350191,68118.61910350191,-6939.349120741842,-6939.349120741842,-6939.349120741842,14287.696813030643,14287.696813030643,14287.696813030643,-21227.045933772486,-21227.045933772486,-21227.045933772486,0.0,0.0,0.0,61179.26998276007
2019-09-12,68142.56639696189,50308.35091979185,56205.44386723236,68142.56639696189,68142.56639696189,-15007.391726555292,-15007.391726555292,-15007.391726555292,6353.841117906887,6353.841117906887,6353.841117906887,-21361.232844462178,-21361.232844462178,-21361.232844462178,0.0,0.0,0.0,53135.1746704066
2019-09-13,68166.51369042185,37629.073866170926,43210.85334540611,68166.51369042185,68166.51369042185,-27846.65719761712,-27846.65719761712,-27846.65719761712,-6357.843660741264,-6357.843660741264,-6357.843660741264,-21488.81353687586,-21488.81353687586,-21488.81353687586,0.0,0.0,0.0,40319.85649280473
2019-09-14,68190.46098388183,29554.11066644144,35502.319777092096,68190.46098388183,68190.46098388183,-35863.699039513725,-35863.699039513725,-35863.699039513725,-14253.901407912206,-14253.901407912206,-14253.901407912206,-21609.79763160152,-21609.79763160152,-21609.79763160152,0.0,0.0,0.0,32326.761944368103
2019-09-15,68214.40827734179,32237.835381509838,37892.95625420147,68214.40827734179,68214.40827734179,-33184.913005860595,-33184.913005860595,-33184.913005860595,-11460.703720558322,-11460.703720558322,-11460.703720558322,-21724.209285302273,-21724.209285302273,-21724.209285302273,0.0,0.0,0.0,35029.495271481195
2019-09-16,68238.35557080177,43609.388639121775,49342.53353057284,68238.35557080177,68238.35557080177,-21844.195213619587,-21844.195213619587,-21844.195213619587,-12.109897347545933,-12.109897347545933,-12.109897347545933,-21832.08531627204,-21832.08531627204,-21832.08531627204,0.0,0.0,0.0,46394.160357182176
2019-09-17,68262.30286426173,54691.02788058492,60780.47692237541,68262.30286426173,68262.30286426173,-10490.45218067428,-10490.45218067428,-10490.45218067428,11443.020755608746,11443.020755608746,11443.020755608746,-21933.472936283026,-21933.472936283026,-21933.472936283026,0.0,0.0,0.0,57771.85068358745
2019-09-18,68286.2501577217,57652.50687487242,63478.75326729583,68286.2501577217,68286.2501577217,-7740.730341072826,-7740.730341072826,-7740.730341072826,14287.696813028473,14287.696813028473,14287.696813028473,-22028.4271541013,-22028.4271541013,-22028.4271541013,0.0,0.0,0.0,60545.51981664888
2019-09-19,68310.19745118168,49503.965478117665,55384.790784018995,68310.19745118168,68310.19745118168,-15763.166808951606,-15763.166808951606,-15763.166808951606,6353.841117898119,6353.841117898119,6353.841117898119,-22117.007926849725,-22117.007926849725,-22117.007926849725,0.0,0.0,0.0,52547.03064223008
2019-09-20,68334.14474464164,37123.053354837706,42728.46028364521,68334.14474464164,68334.14474464164,-28557.120804760703,-28557.120804760703,-28557.120804760703,-6357.843660749976,-6357.843660749976,-6357.843660749976,-22199.277144010728,-22199.277144010728,-22199.277144010728,0.0,0.0,0.0,39777.023939880935
2019-09-21,68358.09203810162,28770.8680572985,34810.57426937666,68358.09203810162,68358.09203810162,-36529.1969429155,-36529.1969429155,-36529.1969429155,-14253.901407908423,-14253.901407908423,-14253.901407908423,-22275.295535007077,-22275.295535007077,-22275.295535007077,0.0,0.0,0.0,31828.89509518612
2019-09-22,68382.0393315616,31704.458364778548,37409.126730130956,68382.0393315616,68382.0393315616,-33805.82331531044,-33805.82331531044,-33805.82331531044,-11460.703720552316,-11460.703720552316,-11460.703720552316,-22345.119594758122,-22345.119594758122,-22345.119594758122,0.0,0.0,0.0,34576.21601625116
2019-09-23,68405.98662502156,43257.28643639696,49187.93484378115,68405.98662502156,68405.98662502156,-22420.908519615747,-22420.908519615747,-22420.908519615747,-12.109897337878698,-12.109897337878698,-12.109897337878698,-22408.798622277867,-22408.798622277867,-22408.798622277867,0.0,0.0,0.0,45985.07810540581
2019-09-24,68429.93391848153,54436.45945744571,60376.762438842045,68429.93391848153,68429.93391848153,-11023.351209609531,-11023.351209609531,-11023.351209609531,11443.020755598149,11443.020755598149,11443.020755598149,-22466.37196520768,-22466.37196520768,-22466.37196520768,0.0,0.0,0.0,57406.582708872
2019-09-25,68453.88121194151,57222.95322926189,63086.213671284735,68453.88121194151,68453.88121194151,-8230.169745164365,-8230.169745164365,-8230.169745164365,14287.696813026303,14287.696813026303,14287.696813026303,-22517.866558190668,-22517.866558190668,-22517.866558190668,0.0,0.0,0.0,60223.711466777146
2019-09-26,68477.82850540147,49404.04613036472,55350.2749470903,68477.82850540147,68477.82850540147,-16209.45371741311,-16209.45371741311,-16209.45371741311,6353.841117913488,6353.841117913488,6353.841117913488,-22563.2948353266,-22563.2948353266,-22563.2948353266,0.0,0.0,0.0,52268.37478798836
2019-09-27,68501.77579886145,36779.638368445885,42470.609334697714,68501.77579886145,68501.77579886145,-28960.49674755187,-28960.49674755187,-28960.49674755187,-6357.843660734679,-6357.843660734679,-6357.843660734679,-22602.65308681719,-22602.65308681719,-22602.65308681719,0.0,0.0,0.0,39541.279051309575
2019-09-28,68525.72309232142,28626.56737962895,34533.16784282223,68525.72309232142,68525.72309232142,-36889.82172547541,-36889.82172547541,-36889.82172547541,-14253.901407910595,-14253.901407910595,-14253.901407910595,-22635.920317564818,-22635.920317564818,-22635.920317564818,0.0,0.0,0.0,31635.90136684601
2019-09-29,68549.67038578138,31515.194931338523,37285.08961888936,68549.67038578138,68549.67038578138,-34123.761371850596,-34123.761371850596,-34123.761371850596,-11460.703720546302,-11460.703720546302,-11460.703720546302,-22663.057651304298,-22663.057651304298,-22663.057651304298,0.0,0.0,0.0,34425.90901393079
2019-09-30,68573.61767924136,42883.04566232522,48873.43675122885,68573.61767924136,68573.61767924136,-22696.11820553758,-22696.11820553758,-22696.11820553758,-12.10989732817687,-12.10989732817687,-12.10989732817687,-22684.008308209402,-22684.008308209402,-22684.008308209402,0.0,0.0,0.0,45877.49947370378
2019-10-01,68597.56497270134,54262.315055478786,60388.73565121289,68597.56497270134,68597.56497270134,-11255.677411700068,-11255.677411700068,-11255.677411700068,11443.020755587553,11443.020755587553,11443.020755587553,-22698.69816728762,-22698.69816728762,-22698.69816728762,0.0,0.0,0.0,57341.88756100127
2019-10-02,68621.5122661613,57172.3393332799,63471.38888622754,68621.5122661613,68621.5122661613,-8419.340094694386,-8419.340094694386,-8419.340094694386,14287.696813030074,14287.696813030074,14287.696813030074,-22707.03690772446,-22707.03690772446,-22707.03690772446,0.0,0.0,0.0,60202.17217146691
2019-10-03,68645.45955962127,49299.01742937961,55210.51887475816,68645.45955962127,68645.45955962127,-16355.078588278493,-16355.078588278493,-16355.078588278493,6353.841117904721,6353.841117904721,6353.841117904721,-22708.919706183213,-22708.919706183213,-22708.919706183213,0.0,0.0,0.0,52290.38097134278
2019-10-04,68669.40685308125,36760.00604371317,42766.10799648732,68669.40685308125,68669.40685308125,-29062.073111141992,-29062.073111141992,-29062.073111141992,-6357.843660743393,-6357.843660743393,-6357.843660743393,-22704.229450398598,-22704.229450398598,-22704.229450398598,0.0,0.0,0.0,39607.33374193926
2019-10-05,68693.35414654121,28931.289129018325,34415.49985586004,68693.35414654121,68693.35414654121,-36946.74082163803,-36946.74082163803,-36946.74082163803,-14253.901407912763,-14253.901407912763,-14253.901407912763,-22692.839413725265,-22692.839413725265,-22692.839413725265,0.0,0.0,0.0,31746.613324903185
2019-10-06,68717.30144000119,31346.289082590494,37561.938939226995,68717.30144000119,68717.30144000119,-34135.32004162381,-34135.32004162381,-34135.32004162381,-11460.70372054029,-11460.70372054029,-11460.70372054029,-22674.61632108352,-22674.61632108352,-22674.61632108352,0.0,0.0,0.0,34581.98139837738
2019-10-07,68741.24873346117,43039.01888883084,49094.19925686535,68741.24873346117,68741.24873346117,-22661.53362176262,-22661.53362176262,-22661.53362176262,-12.109897345185114,-12.109897345185114,-12.109897345185114,-22649.423724417436,-22649.423724417436,-22649.423724417436,0.0,0.0,0.0,46079.71511169855
2019-10-08,68765.19602692113,54543.89032655525,60843.648869151606,68765.19602692113,68765.19602692113,-11174.104840123526,-11174.104840123526,-11174.104840123526,11443.020755593616,11443.020755593616,11443.020755593616,-22617.12559571714,-22617.12559571714,-22617.12559571714,0.0,0.0,0.0,57591.0911867976
2019-10-09,68789.1433203811,57567.86214544696,63637.037031908025,68789.1433203811,68789.1433203811,-8289.893225155438,-8289.893225155438,-8289.893225155438,14287.696813027962,14287.696813027962,14287.696813027962,-22577.5900381834,-22577.5900381834,-22577.5900381834,0.0,0.0,0.0,60499.25009522567
2019-10-10,68813.09061384106,49812.04486377901,55637.84763697166,68813.09061384106,68813.09061384106,-16176.851893564128,-16176.851893564128,-16176.851893564128,6353.841117896011,6353.841117896011,6353.841117896011,-22530.69301146014,-22530.69301146014,-22530.69301146014,0.0,0.0,0.0,52636.23872027694
2019-10-11,68837.03790730104,37223.979028755304,42962.29721752062,68837.03790730104,68837.03790730104,-28834.165625920203,-28834.165625920203,-28834.165625920203,-6357.843660728142,-6357.843660728142,-6357.843660728142,-22476.321965192066,-22476.321965192066,-22476.321965192066,0.0,0.0,0.0,40002.87228138084
2019-10-12,68860.98520076102,29036.07561542897,34909.45449667004,68860.98520076102,68860.98520076102,-36668.28068446951,-36668.28068446951,-36668.28068446951,-14253.901407908981,-14253.901407908981,-14253.901407908981,-22414.37927656053,-22414.37927656053,-22414.37927656053,0.0,0.0,0.0,32192.70451629151
2019-10-13,68884.93249422098,32110.917217736456,38235.03112206689,68884.93249422098,68884.93249422098,-33805.48911244507,-33805.48911244507,-33805.48911244507,-11460.703720550828,-11460.703720550828,-11460.703720550828,-22344.785391894246,-22344.785391894246,-22344.785391894246,0.0,0.0,0.0,35079.443381775905
2019-10-14,68908.87978768095,43681.91965404336,49490.43315416849,68908.87978768095,68908.87978768095,-22279.591477157504,-22279.591477157504,-22279.591477157504,-12.109897335485016,-12.109897335485016,-12.109897335485016,-22267.48157982202,-22267.48157982202,-22267.48157982202,0.0,0.0,0.0,46629.28831052345
2019-10-15,68932.82708114093,54920.936649540556,61131.464666045074,68932.82708114093,68932.82708114093,-10739.411457983604,-10739.411457983604,-10739.411457983604,11443.020755599675,11443.020755599675,11443.020755599675,-22182.43221358328,-22182.43221358328,-22182.43221358328,0.0,0.0,0.0,58193.41562315733
2019-10-16,68956.7743746009,58290.94028716063,64360.47180626766,68956.7743746009,68956.7743746009,-7801.929699685468,-7801.929699685468,-7801.929699685468,14287.696813025854,14287.696813025854,14287.696813025854,-22089.626512711322,-22089.626512711322,-22089.626512711322,0.0,0.0,0.0,61154.844674915425
2019-10-17,68980.72166806087,50322.08170944404,56387.21684381678,68980.72166806087,68980.72166806087,-15635.238571174825,-15635.238571174825,-15635.238571174825,6353.841117887303,6353.841117887303,6353.841117887303,-21989.079689062128,-21989.079689062128,-21989.079689062128,0.0,0.0,0.0,53345.48309688605
2019-10-18,69004.66896152085,37871.2342167873,43599.21776664862,69004.66896152085,69004.66896152085,-28238.67711933196,-28238.67711933196,-28238.67711933196,-6357.843660712932,-6357.843660712932,-6357.843660712932,-21880.833458619025,-21880.833458619025,-21880.833458619025,0.0,0.0,0.0,40765.99184218889
2019-10-19,69028.6162549808,29979.13162885852,35992.74809191799,69028.6162549808,69028.6162549808,-36018.85730614776,-36018.85730614776,-36018.85730614776,-14253.90140791113,-14253.90140791113,-14253.90140791113,-21764.955898236625,-21764.955898236625,-21764.955898236625,0.0,0.0,0.0,33009.75894883305
2019-10-20,69052.56354844078,32961.13958124327,39133.012689342395,69052.56354844078,69052.56354844078,-33102.2443655169,-33102.2443655169,-33102.2443655169,-11460.703720544825,-11460.703720544825,-11460.703720544825,-21641.54064497208,-21641.54064497208,-21641.54064497208,0.0,0.0,0.0,35950.319182923886
2019-10-21,69037.00427563662,44674.122118611296,50338.48287045827,69037.00427563662,69037.00427563662,-21522.81535169023,-21522.81535169023,-21522.81535169023,-12.109897352492395,-12.109897352492395,-12.109897352492395,-21510.70545433774,-21510.70545433774,-21510.70545433774,0.0,0.0,0.0,47514.188923946385
2019-10-22,69021.44500283244,56108.49551996516,61957.5211515243,69021.44500283244,69021.44500283244,-9929.569396614814,-9929.569396614814,-9929.569396614814,11443.020755605685,11443.020755605685,11443.020755605685,-21372.5901522205,-21372.5901522205,-21372.5901522205,0.0,0.0,0.0,59091.875606217625
2019-10-23,69005.88573002827,58937.50558322829,64890.44007821646,69005.88573002827,69005.88573002827,-6939.657219710486,-6939.657219710486,-6939.657219710486,14287.696813029623,14287.696813029623,14287.696813029623,-21227.354032740106,-21227.354032740106,-21227.354032740106,0.0,0.0,0.0,62066.228510317786
2019-10-24,68990.3264572241,51174.738873199894,57210.00024610392,68990.3264572241,68990.3264572241,-14721.331652586698,-14721.331652586698,-14721.331652586698,6353.8411179026125,6353.8411179026125,6353.8411179026125,-21075.17277048931,-21075.17277048931,-21075.17277048931,0.0,0.0,0.0,54268.994804637405
2019-10-25,68974.76718441992,38838.06572427183,44695.68552422928,68974.76718441992,68974.76718441992,-27274.07859066717,-27274.07859066717,-27274.07859066717,-6357.843660721601,-6357.843660721601,-6357.843660721601,-20916.234929945567,-20916.234929945567,-20916.234929945567,0.0,0.0,0.0,41700.688593752755
2019-10-26,68959.20791161575,30981.167463765294,37014.3700357607,68959.20791161575,68959.20791161575,-35004.639574810746,-35004.639574810746,-35004.639574810746,-14253.90140791328,-14253.90140791328,-14253.90140791328,-20750.738166897474,-20750.738166897474,-20750.738166897474,0.0,0.0,0.0,33954.56833680501
2019-10-27,68943.64863881159,33973.21751670333,39923.74583609715,68943.64863881159,68943.64863881159,-32039.5889467194,-32039.5889467194,-32039.5889467194,-11460.703720538815,-11460.703720538815,-11460.703720538815,-20578.885226180577,-20578.885226180577,-20578.885226180577,0.0,0.0,0.0,36904.05969209219
2019-10-28,68928.0893660074,45651.9928802586,51504.766053130945,68928.0893660074,68928.0893660074,-20412.98974386864,-20412.98974386864,-20412.98974386864,-12.109897369433178,-12.109897369433178,-12.109897369433178,-20400.879846499207,-20400.879846499207,-20400.879846499207,0.0,0.0,0.0,48515.09962213877
2019-10-29,68912.53009320324,56919.60597843959,62728.310706801516,68912.53009320324,68912.53009320324,-8773.901930927224,-8773.901930927224,-8773.901930927224,11443.02075559514,11443.02075559514,11443.02075559514,-20216.922686522365,-20216.922686522365,-20216.922686522365,0.0,0.0,0.0,60138.628162276014
2019-10-30,68896.97082039906,60194.48694977794,66064.24529359018,68896.97082039906,68896.97082039906,-5739.510573528437,-5739.510573528437,-5739.510573528437,14287.696813027447,14287.696813027447,14287.696813027447,-20027.207386555885,-20027.207386555885,-20027.207386555885,0.0,0.0,0.0,63157.46024687062
2019-10-31,68881.41154759491,52553.201847320765,58131.601553825676,68881.41154759491,68881.41154759491,-13478.075759047386,-13478.075759047386,-13478.075759047386,6353.841117893844,6353.841117893844,6353.841117893844,-19831.91687694123,-19831.91687694123,-19831.91687694123,0.0,0.0,0.0,55403.33578854752
2019-11-01,68865.85227479073,39993.13930199258,45981.62376605822,68865.85227479073,68865.85227479073,-25989.063698726808,-25989.063698726808,-25989.063698726808,-6357.8436607303165,-6357.8436607303165,-6357.8436607303165,-19631.220037996496,-19631.220037996496,-19631.220037996496,0.0,0.0,0.0,42876.78857606392
2019-11-02,68850.29300198655,32105.731585021986,38011.321111403704,68850.29300198655,68850.29300198655,-33679.17021482216,-33679.17021482216,-33679.17021482216,-14253.901407915448,-14253.901407915448,-14253.901407915448,-19425.268806906704,-19425.268806906704,-19425.268806906704,0.0,0.0,0.0,35171.122787164386
2019-11-03,68834.7337291824,35415.16412697517,41050.584883247306,68834.7337291824,68834.7337291824,-30674.89953533459,-30674.89953533459,-30674.89953533459,-11460.70372054936,-11460.70372054936,-11460.70372054936,-19214.195814785227,-19214.195814785227,-19214.195814785227,0.0,0.0,0.0,38159.834193847804
2019-11-04,68819.17445637821,46975.231336857265,52690.837020551095,68819.17445637821,68819.17445637821,-19010.222519836054,-19010.222519836054,-19010.222519836054,-12.109897359765942,-12.109897359765942,-12.109897359765942,-18998.11262247629,-18998.11262247629,-18998.11262247629,0.0,0.0,0.0,49808.95193654216
2019-11-05,68803.61518357403,58397.77593002265,64444.770991841455,68803.61518357403,68803.61518357403,-7334.087851356475,-7334.087851356475,-7334.087851356475,11443.02075560115,11443.02075560115,11443.02075560115,-18777.108606957623,-18777.108606957623,-18777.108606957623,0.0,0.0,0.0,61469.527332217556
2019-11-06,68788.05591076988,61465.10340438691,67762.08798125452,68788.05591076988,68788.05591076988,-4263.553718896807,-4263.553718896807,-4263.553718896807,14287.696813025283,14287.696813025283,14287.696813025283,-18551.250531922087,-18551.250531922087,-18551.250531922087,0.0,0.0,0.0,64524.50219187307
2019-11-07,68772.4966379657,53841.5386911029,59742.317125634545,68772.4966379657,68772.4966379657,-11966.741698817104,-11966.741698817104,-11966.741698817104,6353.841117909214,6353.841117909214,6353.841117909214,-18320.58281672632,-18320.58281672632,-18320.58281672632,0.0,0.0,0.0,56805.754939148595
2019-11-08,68756.93736516152,41257.14279801628,47204.47542957616,68756.93736516152,68756.93736516152,-24442.972158738132,-24442.972158738132,-24442.972158738132,-6357.843660715019,-6357.843660715019,-6357.843660715019,-18085.128498023118,-18085.128498023118,-18085.128498023118,0.0,0.0,0.0,44313.96520642338
2019-11-09,68741.37809235735,33660.92357385359,39676.88835931337,68741.37809235735,68741.37809235735,-32098.79226646797,-32098.79226646797,-32098.79226646797,-14253.901407911646,-14253.901407911646,-14253.901407911646,-17844.89085855632,-17844.89085855632,-17844.89085855632,0.0,0.0,0.0,36642.58582588938
2019-11-10,68725.81881955318,36564.91949148885,42647.22540333517,68725.81881955318,68725.81881955318,-29060.559398872556,-29060.559398872556,-29060.559398872556,-11460.703720543344,-11460.703720543344,-11460.703720543344,-17599.855678329215,-17599.855678329215,-17599.855678329215,0.0,0.0,0.0,39665.259420680624
2019-11-11,68710.25954674902,48565.15199466387,54230.96126951257,68710.25954674902,68710.25954674902,-17362.10394270117,-17362.10394270117,-17362.10394270117,-12.10989735009871,-12.10989735009871,-12.10989735009871,-17349.994045351075,-17349.994045351075,-17349.994045351075,0.0,0.0,0.0,51348.155604047846
2019-11-12,68694.70027394484,60051.947224760646,66000.1995196392,68694.70027394484,68694.70027394484,-5652.244891145376,-5652.244891145376,-5652.244891145376,11443.020755607211,11443.020755607211,11443.020755607211,-17095.265646752585,-17095.265646752585,-17095.265646752585,0.0,0.0,0.0,63042.45538279946
2019-11-13,68679.14100114067,63284.02168602321,68995.7205659483,68679.14100114067,68679.14100114067,-2547.9256338839664,-2547.9256338839664,-2547.9256338839664,14287.69681302317,14287.69681302317,14287.69681302317,-16835.62244690714,-16835.62244690714,-16835.62244690714,0.0,0.0,0.0,66131.21536725671
2019-11-14,68663.5817283365,55622.175392001234,61494.870790698595,68663.5817283365,68663.5817283365,-10217.17152963611,-10217.17152963611,-10217.17152963611,6353.841117924465,6353.841117924465,6353.841117924465,-16571.012647560576,-16571.012647560576,-16571.012647560576,0.0,0.0,0.0,58446.410198700396
2019-11-15,68648.02245553232,42738.152932330915,48922.302929739104,68648.02245553232,68648.02245553232,-22659.22847706418,-22659.22847706418,-22659.22847706418,-6357.843660723731,-6357.843660723731,-6357.843660723731,-16301.384816340451,-16301.384816340451,-16301.384816340451,0.0,0.0,0.0,45988.79397846814
2019-11-16,68632.46318272816,35446.819006763195,41450.89584741448,68632.46318272816,68632.46318272816,-30280.593472454486,-30280.593472454486,-30280.593472454486,-14253.901407913816,-14253.901407913816,-14253.901407913816,-16026.69206454067,-16026.69206454067,-16026.69206454067,0.0,0.0,0.0,38351.86971027367
2019-11-17,68616.90390992399,38370.80589765585,44285.100040015415,68616.90390992399,68616.90390992399,-27207.599873539883,-27207.599873539883,-27207.599873539883,-11460.703720537334,-11460.703720537334,-11460.703720537334,-15746.896153002554,-15746.896153002554,-15746.896153002554,0.0,0.0,0.0,41409.30403638411
2019-11-18,68601.34463711981,50227.51085594283,55994.37319284435,68601.34463711981,68601.34463711981,-15474.08130362828,-15474.08130362828,-15474.08130362828,-12.109897340431477,-12.109897340431477,-12.109897340431477,-15461.97140628785,-15461.97140628785,-15461.97140628785,0.0,0.0,0.0,53127.26333349153
2019-11-19,68585.78536431564,61761.252732423956,67928.95984605828,68585.78536431564,68585.78536431564,-3728.88756454331,-3728.88756454331,-3728.88756454331,11443.020755596564,11443.020755596564,11443.020755596564,-15171.908320139873,-15171.908320139873,-15171.908320139873,0.0,0.0,0.0,64856.897799772334
2019-11-20,68570.22609151147,64959.84277429624,71048.63348254921,68570.22609151147,68570.22609151147,-589.019942345366,-589.019942345366,-589.019942345366,14287.696813026876,14287.696813026876,14287.696813026876,-14876.716755372243,-14876.716755372243,-14876.716755372243,0.0,0.0,0.0,67981.20614916612
2019-11-21,68554.6668187073,57361.29741192767,63411.3311100974,68554.6668187073,68554.6668187073,-8222.58750459807,-8222.58750459807,-8222.58750459807,6353.841117915815,6353.841117915815,6353.841117915815,-14576.428622513884,-14576.428622513884,-14576.428622513884,0.0,0.0,0.0,60332.07931410922
2019-11-22,68539.10754590313,44942.77137675403,50926.035887953745,68539.10754590313,68539.10754590313,-20628.943636322932,-20628.943636322932,-20628.943636322932,-6357.843660732445,-6357.843660732445,-6357.843660732445,-14271.099975590487,-14271.099975590487,-14271.099975590487,0.0,0.0,0.0,47910.163909580195
2019-11-23,68523.54827309896,37452.999682536785,43342.84384832878,68523.54827309896,68523.54827309896,-28214.713857746163,-28214.713857746163,-28214.713857746163,-14253.901407915964,-14253.901407915964,-14253.901407915964,-13960.812449830197,-13960.812449830197,-13960.812449830197,0.0,0.0,0.0,40308.8344153528
2019-11-24,68507.98900029478,40440.482994332015,46606.27439075967,68507.98900029478,68507.98900029478,-25106.377717033807,-25106.377717033807,-25106.377717033807,-11460.703720564423,-11460.703720564423,-11460.703720564423,-13645.673996469384,-13645.673996469384,-13645.673996469384,0.0,0.0,0.0,43401.61128326097
2019-11-25,68492.42972749061,52254.43577941641,58034.28449071561,68492.42972749061,68492.42972749061,-13337.928785002061,-13337.928785002061,-13337.928785002061,-12.109897357373123,-12.109897357373123,-12.109897357373123,-13325.818887644687,-13325.818887644687,-13325.818887644687,0.0,0.0,0.0,55154.50094248855
2019-11-26,68476.87045468645,63989.58404292177,70040.37297686345,68476.87045468645,68476.87045468645,-1558.3862294749729,-1558.3862294749729,-1558.3862294749729,11443.020755602622,11443.020755602622,11443.020755602622,-13001.406985077594,-13001.406985077594,-13001.406985077594,0.0,0.0,0.0,66918.48422521148
2019-11-27,68461.31118188227,67184.13726980488,73129.8313527459,68461.31118188227,68461.31118188227,1615.07452581086,1615.07452581086,1615.07452581086,14287.69681302477,14287.69681302477,14287.69681302477,-12672.62228721391,-12672.62228721391,-12672.62228721391,0.0,0.0,0.0,70076.38570769313
2019-11-28,68445.7519090781,59688.64785549543,65349.68721134179,68445.7519090781,68445.7519090781,-5985.829672299158,-5985.829672299158,-5985.829672299158,6353.841117907046,6353.841117907046,6353.841117907046,-12339.670790206204,-12339.670790206204,-12339.670790206204,0.0,0.0,0.0,62459.92223677894
2019-11-29,68430.19263627393,47182.21061195965,52991.19376188622,68430.19263627393,68430.19263627393,-18360.621378642467,-18360.621378642467,-18360.621378642467,-6357.843660741158,-6357.843660741158,-6357.843660741158,-12002.777717901312,-12002.777717901312,-12002.777717901312,0.0,0.0,0.0,50069.57125763147
2019-11-30,68414.63336346977,39557.956419161346,45498.75390120647,68414.63336346977,68414.63336346977,-25916.085602248215,-25916.085602248215,-25916.085602248215,-14253.901407912206,-14253.901407912206,-14253.901407912206,-11662.184194336007,-11662.184194336007,-11662.184194336007,0.0,0.0,0.0,42498.54776122155
2019-12-01,68399.07409066558,42954.83492175225,48802.69254680725,68399.07409066558,68399.07409066558,-22778.847169145192,-22778.847169145192,-22778.847169145192,-11460.703720558411,-11460.703720558411,-11460.703720558411,-11318.14344858678,-11318.14344858678,-11318.14344858678,0.0,0.0,0.0,45620.22692152039
2019-12-02,68383.5148178614,54443.42727738562,60415.07784955731,68383.5148178614,68383.5148178614,-10983.026553037627,-10983.026553037627,-10983.026553037627,-12.109897347738753,-12.109897347738753,-12.109897347738753,-10970.916655689889,-10970.916655689889,-10970.916655689889,0.0,0.0,0.0,57400.488264823776
2019-12-03,68367.95554505725,66123.4933008854,72173.22231492303,68367.95554505725,68367.95554505725,822.2522272309386,822.2522272309386,822.2522272309386,11443.020755608683,11443.020755608683,11443.020755608683,-10620.768528377743,-10620.768528377743,-10620.768528377743,0.0,0.0,0.0,69190.2077722882
2019-12-04,68352.39627225307,69370.89489437501,75409.62320835385,68352.39627225307,68352.39627225307,4019.7340308819935,4019.7340308819935,4019.7340308819935,14287.696813028475,14287.696813028475,14287.696813028475,-10267.962782146482,-10267.962782146482,-10267.962782146482,0.0,0.0,0.0,72372.13030313507
2019-12-05,68336.83699944889,61975.51614568316,68021.43300623771,68336.83699944889,68336.83699944889,-3558.9164826619826,-3558.9164826619826,-3558.9164826619826,6353.841117922297,6353.841117922297,6353.841117922297,-9912.75760058428,-9912.75760058428,-9912.75760058428,0.0,0.0,0.0,64777.92051678691
2019-12-06,68321.27772664474,49416.23797657466,55362.39967383106,68321.27772664474,68321.27772664474,-15913.244889391826,-15913.244889391826,-15913.244889391826,-6357.843660725861,-6357.843660725861,-6357.843660725861,-9555.401228665964,-9555.401228665964,-9555.401228665964,0.0,0.0,0.0,52408.03283725291
2019-12-07,68305.71845384056,41730.68125112205,47689.199153406524,68305.71845384056,68305.71845384056,-23450.029226829385,-23450.029226829385,-23450.029226829385,-14253.90140791435,-14253.90140791435,-14253.90140791435,-9196.127818915033,-9196.127818915033,-9196.127818915033,0.0,0.0,0.0,44855.68922701117
2019-12-08,68290.15918103638,44868.021780298055,50890.13901900207,68290.15918103638,68290.15918103638,-20295.857369524627,-20295.857369524627,-20295.857369524627,-11460.703720552407,-11460.703720552407,-11460.703720552407,-8835.15364897222,-8835.15364897222,-8835.15364897222,0.0,0.0,0.0,47994.301811511745
2019-12-09,68274.59990823222,56781.96067826785,62654.77448143154,68274.59990823222,68274.59990823222,-8484.783716693019,-8484.783716693019,-8484.783716693019,-12.109897338037792,-12.109897338037792,-12.109897338037792,-8472.67381935498,-8472.67381935498,-8472.67381935498,0.0,0.0,0.0,59789.816191539205
2019-12-10,68259.04063542804,68532.08931125757,74589.65152967132,68259.04063542804,68259.04063542804,3334.1612282682395,3334.1612282682395,3334.1612282682395,11443.020755614742,11443.020755614742,11443.020755614742,-8108.859527346503,-8108.859527346503,-8108.859527346503,0.0,0.0,0.0,71593.20186369627
2019-12-11,68243.48136262388,71952.95326500881,77516.52287383101,68243.48136262388,68243.48136262388,6543.840815763288,6543.840815763288,6543.840815763288,14287.696813032304,14287.696813032304,14287.696813032304,-7743.855997269016,-7743.855997269016,-7743.855997269016,0.0,0.0,0.0,74787.32217838717
2019-12-12,68227.9220898197,64245.72955408333,69985.97300612926,68227.9220898197,68227.9220898197,-1023.9400115386935,-1023.9400115386935,-1023.9400115386935,6353.841117913589,6353.841117913589,6353.841117913589,-7377.781129452283,-7377.781129452283,-7377.781129452283,0.0,0.0,0.0,67203.982078281
2019-12-13,68212.36281701553,52095.94658528547,57902.045728081524,68212.36281701553,68212.36281701553,-13368.568571089772,-13368.568571089772,-13368.568571089772,-6357.843660734618,-6357.843660734618,-6357.843660734618,-7010.724910355154,-7010.724910355154,-7010.724910355154,0.0,0.0,0.0,54843.794245925754
2019-12-14,68196.80354421136,44439.652728740235,50121.70067178154,68196.80354421136,68196.80354421136,-20896.651013102903,-20896.651013102903,-20896.651013102903,-14253.901407916499,-14253.901407916499,-14253.901407916499,-6642.749605186402,-6642.749605186402,-6642.749605186402,0.0,0.0,0.0,47300.152531108455
2019-12-15,68181.24427140718,47443.49764459096,53457.72935562742,68181.24427140718,68181.24427140718,-17734.594453097634,-17734.594453097634,-17734.594453097634,-11460.703720546388,-11460.703720546388,-11460.703720546388,-6273.890732551249,-6273.890732551249,-6273.890732551249,0.0,0.0,0.0,50446.64981830955
2019-12-16,68165.68499860301,59100.55587588786,65006.12938023111,68165.68499860301,68165.68499860301,-5916.268696088094,-5916.268696088094,-5916.268696088094,-12.109897354979442,-12.109897354979442,-12.109897354979442,-5904.158798733115,-5904.158798733115,-5904.158798733115,0.0,0.0,0.0,62249.41630251492
2019-12-17,68150.12572579885,71033.1191225787,76895.3870053992,68150.12572579885,68150.12572579885,5909.479007737212,5909.479007737212,5909.479007737212,11443.020755604097,11443.020755604097,11443.020755604097,-5533.541747866884,-5533.541747866884,-5533.541747866884,0.0,0.0,0.0,74059.60473353606
2019-12-18,68134.56644140555,74132.07280866221,80161.15421162634,68134.56644140555,68134.56644140555,9125.688749059425,9125.688749059425,9125.688749059425,14287.696813030132,14287.696813030132,14287.696813030132,-5162.008063970708,-5162.008063970708,-5162.008063970708,0.0,0.0,0.0,77260.25519046497
2019-12-19,68119.00715701224,66707.69005479288,72684.75894797326,68119.00715701224,68119.00715701224,1564.3306755988438,1564.3306755988438,1564.3306755988438,6353.84111790482,6353.84111790482,6353.84111790482,-4789.5104423059765,-4789.5104423059765,-4789.5104423059765,0.0,0.0,0.0,69683.33783261108
2019-12-20,68103.44787261894,54436.30895243625,60363.38575751764,68103.44787261894,68103.44787261894,-10773.833591946342,-10773.833591946342,-10773.833591946342,-6357.843660743286,-6357.843660743286,-6357.843660743286,-4415.989931203056,-4415.989931203056,-4415.989931203056,0.0,0.0,0.0,57329.6142806726
2019-12-21,68087.88858822563,46965.89757889902,53034.89488629279,68087.88858822563,68087.88858822563,-18295.281839798747,-18295.281839798747,-18295.281839798747,-14253.901407906771,-14253.901407906771,-14253.901407906771,-4041.3804318919747,-4041.3804318919747,-4041.3804318919747,0.0,0.0,0.0,49792.606748426886
2019-12-22,68072.32930383233,49950.33906039552,55834.637002727526,68072.32930383233,68072.32930383233,-15126.317153907372,-15126.317153907372,-15126.317153907372,-11460.703720556934,-11460.703720556934,-11460.703720556934,-3665.6134333504365,-3665.6134333504365,-3665.6134333504365,0.0,0.0,0.0,52946.01214992496
2019-12-23,68056.77001943902,61674.48872355646,67857.14907691954,68056.77001943902,68056.77001943902,-3300.732749428012,-3300.732749428012,-3300.732749428012,-12.109897345312207,-12.109897345312207,-12.109897345312207,-3288.6228520827,-3288.6228520827,-3288.6228520827,0.0,0.0,0.0,64756.03727001101
2019-12-24,68041.21073504572,73636.6212461696,79272.31497193192,68041.21073504572,68041.21073504572,8532.670912429036,8532.670912429036,8532.670912429036,11443.020755610209,11443.020755610209,11443.020755610209,-2910.349843181172,-2910.349843181172,-2910.349843181172,0.0,0.0,0.0,76573.88164747476
2019-12-25,68025.65145065241,76977.63082682343,82836.45679721939,68025.65145065241,68025.65145065241,11756.949363769518,11756.949363769518,11756.949363769518,14287.696813027962,14287.696813027962,14287.696813027962,-2530.747449258445,-2530.747449258445,-2530.747449258445,0.0,0.0,0.0,79782.60081442192
2019-12-26,68010.0921662591,69338.1936515536,75288.89317824823,68010.0921662591,68010.0921662591,4204.056160196285,4204.056160196285,4204.056160196285,6353.84111792019,6353.84111792019,6353.84111792019,-2149.784957723904,-2149.784957723904,-2149.784957723904,0.0,0.0,0.0,72214.14832645538
2019-12-27,67994.5328818658,57147.84643794402,62821.13718884658,67994.5328818658,67994.5328818658,-8125.295505167678,-8125.295505167678,-8125.295505167678,-6357.843660751955,-6357.843660751955,-6357.843660751955,-1767.451844415721,-1767.451844415721,-1767.451844415721,0.0,0.0,0.0,59869.237376698125
2019-12-28,67978.97359747249,49315.04250726691,55235.117746091906,67978.97359747249,67978.97359747249,-15637.662600459917,-15637.662600459917,-15637.662600459917,-14253.90140791487,-14253.90140791487,-14253.90140791487,-1383.7611925450474,-1383.7611925450474,-1383.7611925450474,0.0,0.0,0.0,52341.31099701257
2019-12-29,67963.41431307919,52575.71967954902,58356.42496850302,67963.41431307919,67963.41431307919,-12459.456210514836,-12459.456210514836,-12459.456210514836,-11460.703720550919,-11460.703720550919,-11460.703720550919,-998.7524899639171,-998.7524899639171,-998.7524899639171,0.0,0.0,0.0,55503.95810256436
2019-12-30,67947.8550286859,64410.0896571317,70288.03074315809,67947.8550286859,67947.8550286859,-624.6036219527286,-624.6036219527286,-624.6036219527286,-12.109897362253852,-12.109897362253852,-12.109897362253852,-612.4937245904747,-612.4937245904747,-612.4937245904747,0.0,0.0,0.0,67323.25140673316
2019-12-31,67932.29574429258,76126.22690544956,82042.36479610097,67932.29574429258,67932.29574429258,11217.938038770413,11217.938038770413,11217.938038770413,11443.020755616217,11443.020755616217,11443.020755616217,-225.08271684580467,-225.08271684580467,-225.08271684580467,0.0,0.0,0.0,79150.233783063
2020-01-01,67916.73645989929,79402.87129715981,85265.1905600385,67916.73645989929,67916.73645989929,14451.049164218424,14451.049164218424,14451.049164218424,14287.69681302579,14287.69681302579,14287.69681302579,163.35235119263544,163.35235119263544,163.35235119263544,0.0,0.0,0.0,82367.7856241177
2020-01-02,67901.17717550597,71622.15156969134,77762.9163146399,67901.17717550597,67901.17717550597,6906.494346183177,6906.494346183177,6906.494346183177,6353.841117911421,6353.841117911421,6353.841117911421,552.6532282717565,552.6532282717565,552.6532282717565,0.0,0.0,0.0,74807.67152168915
2020-01-03,67885.61789111268,59324.07034665866,65295.585944288825,67885.61789111268,67885.61789111268,-5415.21095686598,-5415.21095686598,-5415.21095686598,-6357.843660760666,-6357.843660760666,-6357.843660760666,942.632703894687,942.632703894687,942.632703894687,0.0,0.0,0.0,62470.4069342467
2020-01-04,67870.05860671935,52102.62051316664,57880.543686637975,67870.05860671935,67870.05860671935,-12920.824898837798,-12920.824898837798,-12920.824898837798,-14253.90140790516,-14253.90140790516,-14253.90140790516,1333.0765090673617,1333.0765090673617,1333.0765090673617,0.0,0.0,0.0,54949.233707881554
2020-01-05,67854.49932232605,55267.86368111084,60914.888049043635,67854.49932232605,67854.49932232605,-9736.957761067932,-9736.957761067932,-9736.957761067932,-11460.70372054491,-11460.70372054491,-11460.70372054491,1723.7459594769784,1723.7459594769784,1723.7459594769784,0.0,0.0,0.0,58117.54156125812
2020-01-06,67838.94003793276,66831.17605005624,72884.04740152789,67838.94003793276,67838.94003793276,2102.2713748861906,2102.2713748861906,2102.2713748861906,-12.109897352619486,-12.109897352619486,-12.109897352619486,2114.38127223881,2114.38127223881,2114.38127223881,0.0,0.0,0.0,69941.21141281894
2020-01-07,67823.38075353944,78806.98999098255,84590.82375588373,67823.38075353944,67823.38075353944,13947.726224401977,13947.726224401977,13947.726224401977,11443.020755589017,11443.020755589017,11443.020755589017,2504.7054688129588,2504.7054688129588,2504.7054688129588,0.0,0.0,0.0,81771.10697794142
2020-01-08,67807.82146914615,82118.85070857186,87873.99492825162,67807.82146914615,67807.82146914615,17182.125573480418,17182.125573480418,17182.125573480418,14287.696813023684,14287.696813023684,14287.696813023684,2894.4287604567317,2894.4287604567317,2894.4287604567317,0.0,0.0,0.0,84989.94704262656
2020-01-09,67792.26218475284,74496.99583507731,80374.70496725217,67792.26218475284,67792.26218475284,9637.094417159202,9637.094417159202,9637.094417159202,6353.8411179027125,6353.8411179027125,6353.8411179027125,3283.253299256488,3283.253299256488,3283.253299256488,0.0,0.0,0.0,77429.35660191203
2020-01-10,67776.70290035954,62128.47372585904,67972.18384312611,67776.70290035954,67776.70290035954,-2686.9654930842953,-2686.9654930842953,-2686.9654930842953,-6357.843660721406,-6357.843660721406,-6357.843660721406,3670.8781676371113,3670.8781676371113,3670.8781676371113,0.0,0.0,0.0,65089.73740727524
2020-01-11,67761.14361596623,54599.00429217258,60247.22782262904,67761.14361596623,67761.14361596623,-10196.896935301878,-10196.896935301878,-10196.896935301878,-14253.901407907328,-14253.901407907328,-14253.901407907328,4057.0044726054502,4057.0044726054502,4057.0044726054502,0.0,0.0,0.0,57564.24668066435
2020-01-12,67745.58433157293,57817.943336631,63627.63606972937,67745.58433157293,67745.58433157293,-7019.363312509346,-7019.363312509346,-7019.363312509346,-11460.703720538897,-11460.703720538897,-11460.703720538897,4441.340408029551,4441.340408029551,4441.340408029551,0.0,0.0,0.0,60726.22101906358
2020-01-13,67730.02504717962,69519.75568879837,75558.9873731333,67730.02504717962,67730.02504717962,4811.496251683355,4811.496251683355,4811.496251683355,-12.109897342918524,-12.109897342918524,-12.109897342918524,4823.606149026273,4823.606149026273,4823.606149026273,0.0,0.0,0.0,72541.52129886296
2020-01-14,67714.4657627863,81338.75096652764,87431.76278841628,67714.4657627863,67714.4657627863,16646.559202703425,16646.559202703425,16646.559202703425,11443.020755595024,11443.020755595024,11443.020755595024,5203.538447108398,5203.538447108398,5203.538447108398,0.0,0.0,0.0,84361.02496548973
2020-01-15,67698.90647839301,84571.40325021009,90415.72460453672,67698.90647839301,67698.90647839301,19868.591615874375,19868.591615874375,19868.591615874375,14287.696813033392,14287.696813033392,14287.696813033392,5580.894802840988,5580.894802840988,5580.894802840988,0.0,0.0,0.0,87567.49809426739
2020-01-16,67683.3471939997,76992.31308626056,82712.15357538711,67683.3471939997,67683.3471939997,12309.298222201725,12309.298222201725,12309.298222201725,6353.841117894003,6353.841117894003,6353.841117894003,5955.457104307719,5955.457104307719,5955.457104307719,0.0,0.0,0.0,79992.64541620143
2020-01-17,67667.7879096064,64565.133914738515,70406.47371973473,67667.7879096064,67667.7879096064,-30.80902646892962,-30.80902646892962,-30.80902646892962,-6357.843660730208,-6357.843660730208,-6357.843660730208,6327.034634261278,6327.034634261278,6327.034634261278,0.0,0.0,0.0,67636.97888313748
2020-01-18,67652.2286252131,57264.87836298491,63091.17019719087,67652.2286252131,67652.2286252131,-7558.435041832527,-7558.435041832527,-7558.435041832527,-14253.901407909456,-14253.901407909456,-14253.901407909456,6695.466366076929,6695.466366076929,6695.466366076929,0.0,0.0,0.0,60093.793583380575
2020-01-19,67636.66934081979,60186.82428185909,66226.28284402461,67636.66934081979,67636.66934081979,-4400.081232524026,-4400.081232524026,-4400.081232524026,-11460.70372053289,-11460.70372053289,-11460.70372053289,7060.622488008866,7060.622488008866,7060.622488008866,0.0,0.0,0.0,63236.588108295764
2020-01-20,67621.11005642649,71900.83640084157,77898.34126548581,67621.11005642649,67621.11005642649,7410.295218997403,7410.295218997403,7410.295218997403,-12.10989733325129,-12.10989733325129,-12.10989733325129,7422.405116330653,7422.405116330653,7422.405116330653,0.0,0.0,0.0,75031.4052754239
2020-01-21,67605.55077203318,83871.0839752145,89777.17302720655,67605.55077203318,67605.55077203318,19223.76893558381,19223.76893558381,19223.76893558381,11443.020755601034,11443.020755601034,11443.020755601034,7780.748179982779,7780.748179982779,7780.748179982779,0.0,0.0,0.0,86829.31970761699
2020-01-22,67589.99148763987,86863.51073861739,92888.89768380862,67589.99148763987,67589.99148763987,22423.31329492724,22423.31329492724,22423.31329492724,14287.696813031282,14287.696813031282,14287.696813031282,8135.616481895962,8135.616481895962,8135.616481895962,0.0,0.0,0.0,90013.30478256711
2020-01-23,67574.43220324657,79763.23190819692,85561.73739491012,67574.43220324657,67574.43220324657,14840.845082366086,14840.845082366086,14840.845082366086,6353.841117885294,6353.841117885294,6353.841117885294,8487.00396448079,8487.00396448079,8487.00396448079,0.0,0.0,0.0,82415.27728561265
2020-01-24,67558.87291885326,67113.62155807712,72872.78602732427,67558.87291885326,67558.87291885326,2477.0875675598695,2477.0875675598695,2477.0875675598695,-6357.8436607388785,-6357.8436607388785,-6357.8436607388785,8834.931228298747,8834.931228298747,8834.931228298747,0.0,0.0,0.0,70035.96048641313
2020-01-25,67543.31363445996,59540.84431404063,65585.22366536554,67543.31363445996,67543.31363445996,-5074.459034846518,-5074.459034846518,-5074.459034846518,-14253.901407911624,-14253.901407911624,-14253.901407911624,9179.442373065107,9179.442373065107,9179.442373065107,0.0,0.0,0.0,62468.85459961344
2020-01-26,67527.75435006665,62864.43358862963,68495.80067511614,67527.75435006665,67527.75435006665,-1940.1024722751492,-1940.1024722751492,-1940.1024722751492,-11460.70372055998,-11460.70372055998,-11460.70372055998,9520.601248284833,9520.601248284833,9520.601248284833,0.0,0.0,0.0,65587.6518777915
2020-01-27,67512.19506567335,74468.506222909,80214.46917539959,67512.19506567335,67512.19506567335,9846.377319269262,9846.377319269262,9846.377319269262,-12.109897323584057,-12.109897323584057,-12.109897323584057,9858.487216592846,9858.487216592846,9858.487216592846,0.0,0.0,0.0,77358.57238494261
2020-01-28,67496.63578128004,86325.20701021452,92065.18375635637,67496.63578128004,67496.63578128004,21636.211301291067,21636.211301291067,21636.211301291067,11443.020755607145,11443.020755607145,11443.020755607145,10193.190545683918,10193.190545683918,10193.190545683918,0.0,0.0,0.0,89132.84708257111
2020-01-29,67481.07649688674,89366.56955495976,95085.78110239346,67481.07649688674,67481.07649688674,24812.50436740768,24812.50436740768,24812.50436740768,14287.69681302905,14287.69681302905,14287.69681302905,10524.807554378636,10524.807554378636,10524.807554378636,0.0,0.0,0.0,92293.58086429443
2020-01-30,67465.51721249345,81890.75102941273,87674.91400025964,67465.51721249345,67465.51721249345,17207.276762401892,17207.276762401892,17207.276762401892,6353.841117876526,6353.841117876526,6353.841117876526,10853.435644525367,10853.435644525367,10853.435644525367,0.0,0.0,0.0,84672.79397489534
2020-01-31,67449.95792810012,68992.62706821621,75330.1195910979,67449.95792810012,67449.95792810012,4821.324692270455,4821.324692270455,4821.324692270455,-6357.843660699658,-6357.843660699658,-6357.843660699658,11179.168352970113,11179.168352970113,11179.168352970113,0.0,0.0,0.0,72271.28262037058
2020-02-01,67434.39864370682,61847.68745913124,67734.81153933477,67434.39864370682,67434.39864370682,-2751.810851235162,-2751.810851235162,-2751.810851235162,-14253.901407913794,-14253.901407913794,-14253.901407913794,11502.090556678631,11502.090556678631,11502.090556678631,0.0,0.0,0.0,64682.58779247166
2020-02-02,67418.83935931351,64810.77905639291,70854.44278026807,67418.83935931351,67418.83935931351,361.5702387254102,361.5702387254102,361.5702387254102,-11460.703720553978,-11460.703720553978,-11460.703720553978,11822.273959279388,11822.273959279388,11822.273959279388,0.0,0.0,0.0,67780.40959803892
2020-02-03,67403.28007492021,76523.5165330524,82720.25806813984,67403.28007492021,67403.28007492021,12127.663081682507,12127.663081682507,12127.663081682507,-12.109897367200317,-12.109897367200317,-12.109897367200317,12139.772979049709,12139.772979049709,12139.772979049709,0.0,0.0,0.0,79530.94315660272
2020-02-04,67387.72079052692,88524.40647648064,94234.46992926997,67387.72079052692,67387.72079052692,23897.641902413525,23897.641902413525,23897.641902413525,11443.020755613154,11443.020755613154,11443.020755613154,12454.621146800373,12454.621146800373,12454.621146800373,0.0,0.0,0.0,91285.36269294044
2020-02-05,67372.1615061336,91390.73541384339,97409.37323127479,67372.1615061336,67372.1615061336,27054.52492072429,27054.52492072429,27054.52492072429,14287.69681302694,14287.69681302694,14287.69681302694,12766.828107697349,12766.828107697349,12766.828107697349,0.0,0.0,0.0,94426.6864268579
2020-02-06,67356.60222174031,83936.31450244872,89689.82446416983,67356.60222174031,67356.60222174031,19430.21842202989,19430.21842202989,19430.21842202989,6353.841117915856,6353.841117915856,6353.841117915856,13076.377304114034,13076.377304114034,13076.377304114034,0.0,0.0,0.0,86786.8206437702
2020-02-07,67341.042937347,71535.60111074451,77139.27895746299,67341.042937347,67341.042937347,7025.380736946604,7025.380736946604,7025.380736946604,-6357.843660708329,-6357.843660708329,-6357.843660708329,13383.224397654933,13383.224397654933,13383.224397654933,0.0,0.0,0.0,74366.4236742936
2020-02-08,67325.4836529537,63831.79583927119,69906.70041721362,67325.4836529537,67325.4836529537,-566.60493985116,-566.60493985116,-566.60493985116,-14253.901407915924,-14253.901407915924,-14253.901407915924,13687.296468064764,13687.296468064764,13687.296468064764,0.0,0.0,0.0,66758.87871310255
2020-02-09,67309.92436856037,67031.68722809824,72937.57011316516,67309.92436856037,67309.92436856037,2527.7882848269205,2527.7882848269205,2527.7882848269205,-11460.703720547957,-11460.703720547957,-11460.703720547957,13988.49200537488,13988.49200537488,13988.49200537488,0.0,0.0,0.0,69837.7126533873
2020-02-10,67294.36508416708,78551.55033327034,84406.70268256804,67294.36508416708,67294.36508416708,14274.571792663555,14274.571792663555,14274.571792663555,-12.109897357533084,-12.109897357533084,-12.109897357533084,14286.681690021089,14286.681690021089,14286.681690021089,0.0,0.0,0.0,81568.93687683063
2020-02-11,67278.80579977378,90494.51317934577,96504.6078990034,67278.80579977378,67278.80579977378,26024.730689853215,26024.730689853215,26024.730689853215,11443.020755585901,11443.020755585901,11443.020755585901,14581.709934267314,14581.709934267314,14581.709934267314,0.0,0.0,0.0,93303.53648962699
2020-02-12,67263.24651538047,93719.72605974555,99597.43240674584,67263.24651538047,67263.24651538047,29161.09395083059,29161.09395083059,29161.09395083059,14287.696813024831,14287.696813024831,14287.696813024831,14873.39713780576,14873.39713780576,14873.39713780576,0.0,0.0,0.0,96424.34046621106
2020-02-13,67247.68723098717,85580.32190257352,91611.47563562794,67247.68723098717,67247.68723098717,21515.383709257414,21515.383709257414,21515.383709257414,6353.841117907087,6353.841117907087,6353.841117907087,15161.542591350328,15161.542591350328,15161.542591350328,0.0,0.0,0.0,88763.07094024458
2020-02-14,67232.12794659386,73298.46638718514,79408.05729472754,67232.12794659386,67232.12794659386,9088.084284234688,9088.084284234688,9088.084284234688,-6357.843660717041,-6357.843660717041,-6357.843660717041,15445.927944951729,15445.927944951729,15445.927944951729,0.0,0.0,0.0,76320.21223082855
2020-02-15,67227.27904100904,65798.11508273454,71920.76957376621,67227.27904100904,67227.27904100904,1472.4197351781029,1472.4197351781029,1472.4197351781029,-14253.901407918092,-14253.901407918092,-14253.901407918092,15726.321143096195,15726.321143096195,15726.321143096195,0.0,0.0,0.0,68699.69877618714
2020-02-16,67222.43013542419,68764.26687979641,74613.15964139813,67222.43013542419,67222.43013542419,4541.776996221776,4541.776996221776,4541.776996221776,-11460.703720541951,-11460.703720541951,-11460.703720541951,16002.480716763728,16002.480716763728,16002.480716763728,0.0,0.0,0.0,71764.20713164596
2020-02-17,67217.58122983936,80523.66532639037,86585.75874994394,67217.58122983936,67217.58122983936,16262.050416553431,16262.050416553431,16262.050416553431,-12.109897347865852,-12.109897347865852,-12.109897347865852,16274.160313901297,16274.160313901297,16274.160313901297,0.0,0.0,0.0,83479.6316463928
2020-02-18,67212.73232425452,92156.29906489818,98154.95465987163,67212.73232425452,67212.73232425452,27984.13409990443,27984.13409990443,27984.13409990443,11443.02075559191,11443.02075559191,11443.02075559191,16541.113344312518,16541.113344312518,16541.113344312518,0.0,0.0,0.0,95196.86642415896
2020-02-19,67207.88341866969,95468.77656220106,101330.2754043994,67207.88341866969,67207.88341866969,31090.79442604342,31090.79442604342,31090.79442604342,14287.696813022598,14287.696813022598,14287.696813022598,16803.097613020826,16803.097613020826,16803.097613020826,0.0,0.0,0.0,98298.67784471311
2020-02-20,67203.03451308486,87820.56583530553,93693.89385707655,67203.03451308486,67203.03451308486,23413.72093557287,23413.72093557287,23413.72093557287,6353.841117898497,6353.841117898497,6353.841117898497,17059.879817674377,17059.879817674377,17059.879817674377,0.0,0.0,0.0,90616.75544865773
2020-02-21,67198.18560750003,75171.62345593522,81093.25398689977,67198.18560750003,67198.18560750003,10953.396129771236,10953.396129771236,10953.396129771236,-6357.843660725755,-6357.843660725755,-6357.843660725755,17311.23979049699,17311.23979049699,17311.23979049699,0.0,0.0,0.0,78151.58173727126
2020-02-22,67193.33670191519,67521.54709299993,73396.16616477228,67193.33670191519,67193.33670191519,3303.0729655392815,3303.0729655392815,3303.0729655392815,-14253.90140790838,-14253.90140790838,-14253.90140790838,17556.97437344766,17556.97437344766,17556.97437344766,0.0,0.0,0.0,70496.40966745447
2020-02-23,67188.48779633036,70483.25617069367,76494.6301407554,67188.48779633036,67188.48779633036,6336.197105908653,6336.197105908653,6336.197105908653,-11460.703720535948,-11460.703720535948,-11460.703720535948,17796.900826444602,17796.900826444602,17796.900826444602,0.0,0.0,0.0,73524.68490223901
2020-02-24,67183.63889074553,82272.58961366878,87853.3501965315,67183.63889074553,67183.63889074553,18018.74978495909,18018.74978495909,18018.74978495909,-12.109897338164888,-12.109897338164888,-12.109897338164888,18030.859682297254,18030.859682297254,18030.859682297254,0.0,0.0,0.0,85202.38867570461
2020-02-25,67178.78998516068,93955.33853907425,99784.87913260715,67178.78998516068,67178.78998516068,29701.73773366365,29701.73773366365,29701.73773366365,11443.020755597972,11443.020755597972,11443.020755597972,18258.716978065677,18258.716978065677,18258.716978065677,0.0,0.0,0.0,96880.52771882433
2020-02-26,67173.94107957586,97017.07186099922,102783.63028557398,67173.94107957586,67173.94107957586,32768.06262341503,32768.06262341503,32768.06262341503,14287.696813020493,14287.696813020493,14287.696813020493,18480.36581039454,18480.36581039454,18480.36581039454,0.0,0.0,0.0,99942.00370299089
2020-02-27,67169.09217399103,88974.43166324343,95209.82326019995,67169.09217399103,67169.09217399103,25049.568299399238,25049.568299399238,25049.568299399238,6353.841117937768,6353.841117937768,6353.841117937768,18695.72718146147,18695.72718146147,18695.72718146147,0.0,0.0,0.0,92218.66047339026
2020-02-28,67164.2432684062,76830.19574765836,82641.21385352401,67164.2432684062,67164.2432684062,12546.906461257362,12546.906461257362,12546.906461257362,-6357.8436607344665,-6357.8436607344665,-6357.8436607344665,18904.75012199183,18904.75012199183,18904.75012199183,0.0,0.0,0.0,79711.14972966355
2020-02-29,67159.39436282136,68941.09001692834,74894.39517248914,67159.39436282136,67159.39436282136,4853.509689828411,4853.509689828411,4853.509689828411,-14253.90140791055,-14253.90140791055,-14253.90140791055,19107.41109773896,19107.41109773896,19107.41109773896,0.0,0.0,0.0,72012.90405264977
2020-03-01,67154.54545723651,72020.18845119515,78143.15660482815,67154.54545723651,67154.54545723651,7843.009004847094,7843.009004847094,7843.009004847094,-11460.703720563033,-11460.703720563033,-11460.703720563033,19303.712725410125,19303.712725410125,19303.712725410125,0.0,0.0,0.0,74997.5544620836
2020-03-02,67149.69655165168,83547.03043006391,89595.09979544833,67149.69655165168,67149.69655165168,19481.571945274016,19481.571945274016,19481.571945274016,-12.109897328530517,-12.109897328530517,-12.109897328530517,19493.68184260255,19493.68184260255,19493.68184260255,0.0,0.0,0.0,86631.2684969257
2020-03-03,67144.84764606686,95279.49080110282,101411.086899199,67144.84764606686,67144.84764606686,31120.38774908355,31120.38774908355,31120.38774908355,11443.020755604031,11443.020755604031,11443.020755604031,19677.366993479518,19677.366993479518,19677.366993479518,0.0,0.0,0.0,98265.2353951504
2020-03-04,67139.99874048203,98463.75758614711,104199.78065211154,67139.99874048203,67139.99874048203,34142.53222016921,34142.53222016921,34142.53222016921,14287.6968130302,14287.6968130302,14287.6968130302,19854.83540713902,19854.83540713902,19854.83540713902,0.0,0.0,0.0,101282.53096065123
2020-03-05,67135.1498348972,90584.66080276167,96370.66550212137,67135.1498348972,67135.1498348972,26380.010676456615,26380.010676456615,26380.010676456615,6353.841117929059,6353.841117929059,6353.841117929059,20026.16955852756,20026.16955852756,20026.16955852756,0.0,0.0,0.0,93515.16051135381
2020-03-06,67130.30092931235,78165.92683108748,83860.55287902054,67130.30092931235,67130.30092931235,13833.619751247983,13833.619751247983,13833.619751247983,-6357.843660743135,-6357.843660743135,-6357.843660743135,20191.463411991117,20191.463411991117,20191.463411991117,0.0,0.0,0.0,80963.92068056033
2020-03-07,67125.45202372751,70229.68468502225,76160.271343632,67125.45202372751,67125.45202372751,6096.917046946592,6096.917046946592,6096.917046946592,-14253.9014079127,-14253.9014079127,-14253.9014079127,20350.81845485929,20350.81845485929,20350.81845485929,0.0,0.0,0.0,73222.3690706741
2020-03-08,67120.60311814268,73200.92043715248,79270.49215584848,67120.60311814268,67120.60311814268,9043.635912145399,9043.635912145399,9043.635912145399,-11460.703720557029,-11460.703720557029,-11460.703720557029,20504.339632702427,20504.339632702427,20504.339632702427,0.0,0.0,0.0,76164.23903028808
2020-03-09,67115.75421255786,84849.84368585593,90629.31169043473,67115.75421255786,67115.75421255786,20640.021401560854,20640.021401560854,20640.021401560854,-12.10989737211391,-12.10989737211391,-12.10989737211391,20652.13129893297,20652.13129893297,20652.13129893297,0.0,0.0,0.0,87755.77561411871
2020-03-10,67110.90530697301,96520.1446276989,102396.03476605278,67110.90530697301,67110.90530697301,32237.314044931783,32237.314044931783,32237.314044931783,11443.020755610094,11443.020755610094,11443.020755610094,20794.293289321693,20794.293289321693,20794.293289321693,0.0,0.0,0.0,99348.2193519048
2020-03-11,67106.05640138818,99383.42921508013,105288.67398822281,67106.05640138818,67106.05640138818,35218.61403984593,35218.61403984593,35218.61403984593,14287.69681302809,14287.69681302809,14287.69681302809,20930.917226817844,20930.917226817844,20930.917226817844,0.0,0.0,0.0,102324.6704412341
2020-03-12,67101.20749580335,91481.5973043572,97339.21184469463,67101.20749580335,67101.20749580335,27415.924271927295,27415.924271927295,27415.924271927295,6353.841117920289,6353.841117920289,6353.841117920289,21062.083154007007,21062.083154007007,21062.083154007007,0.0,0.0,0.0,94517.13176773064
2020-03-13,67096.35859021852,78927.14648659503,84775.42476967604,67096.35859021852,67096.35859021852,14830.012919119546,14830.012919119546,14830.012919119546,-6357.843660751894,-6357.843660751894,-6357.843660751894,21187.856579871437,21187.856579871437,21187.856579871437,0.0,0.0,0.0,81926.37150933806
2020-03-14,67091.5096846337,71220.6108289253,77170.4920005921,67091.5096846337,67091.5096846337,7054.38460664644,7054.38460664644,7054.38460664644,-14253.901407914846,-14253.901407914846,-14253.901407914846,21308.286014561287,21308.286014561287,21308.286014561287,0.0,0.0,0.0,74145.89429128014
2020-03-15,67086.66077904885,74250.50735342974,80125.15708992224,67086.66077904885,67086.66077904885,9962.697330519692,9962.697330519692,9962.697330519692,-11460.703720551008,-11460.703720551008,-11460.703720551008,21423.401051070698,21423.401051070698,21423.401051070698,0.0,0.0,0.0,77049.35810956854
2020-03-16,67081.81187346402,85943.40069079566,91517.05904605213,67081.81187346402,67081.81187346402,21521.101139074082,21521.101139074082,21521.101139074082,-12.109897362446679,-12.109897362446679,-12.109897362446679,21533.211036436525,21533.211036436525,21533.211036436525,0.0,0.0,0.0,88602.9130125381
2020-03-17,67076.96296787918,97041.01360730555,103289.19722846423,67076.96296787918,67076.96296787918,33080.725113488115,33080.725113488115,33080.725113488115,11443.020755616102,11443.020755616102,11443.020755616102,21637.704357872004,21637.704357872004,21637.704357872004,0.0,0.0,0.0,100157.68808136729
2020-03-18,67072.11406229435,100243.91216441436,106124.91932317897,67072.11406229435,67072.11406229435,36024.54516461014,36024.54516461014,36024.54516461014,14287.696813025854,14287.696813025854,14287.696813025854,21736.848351584285,21736.848351584285,21736.848351584285,0.0,0.0,0.0,103096.65922690449
2020-03-19,67067.26515670952,92236.17780110682,97928.1606308338,67067.26515670952,67067.26515670952,28184.430942339775,28184.430942339775,28184.430942339775,6353.841117911521,6353.841117911521,6353.841117911521,21830.589824428254,21830.589824428254,21830.589824428254,0.0,0.0,0.0,95251.6960990493
2020-03-20,67062.41625112468,79703.28143549996,85286.40009466559,67062.41625112468,67062.41625112468,15561.012500795396,15561.012500795396,15561.012500795396,-6357.843660712631,-6357.843660712631,-6357.843660712631,21918.85616150803,21918.85616150803,21918.85616150803,0.0,0.0,0.0,82623.42875192007
2020-03-21,67057.56734553985,71797.69443071472,77643.28349588219,67057.56734553985,67057.56734553985,7747.655568942216,7747.655568942216,7747.655568942216,-14253.901407916994,-14253.901407916994,-14253.901407916994,22001.55697685921,22001.55697685921,22001.55697685921,0.0,0.0,0.0,74805.22291448206
2020-03-22,67052.71843995502,74449.15603620095,80770.40613289618,67052.71843995502,67052.71843995502,10617.882529284554,10617.882529284554,10617.882529284554,-11460.703720544998,-11460.703720544998,-11460.703720544998,22078.586249829554,22078.586249829554,22078.586249829554,0.0,0.0,0.0,77670.60096923957
2020-03-23,67047.86953437018,86094.543589904,92084.24118098666,67047.86953437018,67047.86953437018,22137.714979808985,22137.714979808985,22137.714979808985,-12.109897352747442,-12.109897352747442,-12.109897352747442,22149.824877161733,22149.824877161733,22149.824877161733,0.0,0.0,0.0,89185.58451417917
2020-03-24,67043.02062878534,97933.2566232259,103618.16911223493,67043.02062878534,67043.02062878534,33658.16431599592,33658.16431599592,33658.16431599592,11443.020755622216,11443.020755622216,11443.020755622216,22215.143560373708,22215.143560373708,22215.143560373708,0.0,0.0,0.0,100701.18494478126
2020-03-25,67038.17172320052,100656.92347240768,106551.49738273435,67038.17172320052,67038.17172320052,36562.10275314651,36562.10275314651,36562.10275314651,14287.696813035558,14287.696813035558,14287.696813035558,22274.40594011095,22274.40594011095,22274.40594011095,0.0,0.0,0.0,103600.27447634703
2020-03-26,67033.32281761568,92565.55754074585,98748.96432295455,67033.32281761568,67033.32281761568,28681.313001800216,28681.313001800216,28681.313001800216,6353.841117902871,6353.841117902871,6353.841117902871,22327.471883897342,22327.471883897342,22327.471883897342,0.0,0.0,0.0,95714.6358194159
2020-03-27,67028.47391203085,80025.30976491391,85930.49078076558,67028.47391203085,67028.47391203085,16016.357170523055,16016.357170523055,16016.357170523055,-6357.843660721343,-6357.843660721343,-6357.843660721343,22374.200831244398,22374.200831244398,22374.200831244398,0.0,0.0,0.0,83044.83108255391
2020-03-28,67023.625006446,72133.20043919294,78091.45008087326,67023.625006446,67023.625006446,8160.553692514634,8160.553692514634,8160.553692514634,-14253.901407919164,-14253.901407919164,-14253.901407919164,22414.4551004338,22414.4551004338,22414.4551004338,0.0,0.0,0.0,75184.17869896063
2020-03-29,67018.77610086117,75126.95106925452,81204.51577119026,67018.77610086117,67018.77610086117,10987.39934385012,10987.39934385012,10987.39934385012,-11460.70372053899,-11460.70372053899,-11460.70372053899,22448.10306438911,22448.10306438911,22448.10306438911,0.0,0.0,0.0,78006.17544471129
2020-03-30,67013.92719527634,86510.42901079683,92560.11788549715,67013.92719527634,67013.92719527634,22462.912211448544,22462.912211448544,22462.912211448544,-12.109897343045617,-12.109897343045617,-12.109897343045617,22475.022108791592,22475.022108791592,22475.022108791592,0.0,0.0,0.0,89476.83940672487
2020-03-31,67009.07828969152,98015.05270553903,103847.28350747467,67009.07828969152,67009.07828969152,33938.12204933145,33938.12204933145,33938.12204933145,11443.020755594911,11443.020755594911,11443.020755594911,22495.101293736538,22495.101293736538,22495.101293736538,0.0,0.0,0.0,100947.20033902297
2020-04-01,67004.22938410669,101063.10264159806,107009.8382430405,67004.22938410669,67004.22938410669,36795.94046355564,36795.94046355564,36795.94046355564,14287.696813033392,14287.696813033392,14287.696813033392,22508.243650522254,22508.243650522254,22508.243650522254,0.0,0.0,0.0,103800.16984766233
2020-04-02,66999.38047852184,92873.06134131514,98772.56582281832,66999.38047852184,66999.38047852184,28868.209175143886,28868.209175143886,28868.209175143886,6353.841117894103,6353.841117894103,6353.841117894103,22514.36805724978,22514.36805724978,22514.36805724978,0.0,0.0,0.0,95867.58965366572
2020-04-03,66994.531572937,80157.26668369664,86024.33073771975,66994.531572937,66994.531572937,16155.566989695868,16155.566989695868,16155.566989695868,-6357.843660730013,-6357.843660730013,-6357.843660730013,22513.410650425878,22513.410650425878,22513.410650425878,0.0,0.0,0.0,83150.09856263288
2020-04-04,66989.68266735217,72250.43711702783,78323.0965243689,66989.68266735217,66989.68266735217,8251.424336364478,8251.424336364478,8251.424336364478,-14253.901407909436,-14253.901407909436,-14253.901407909436,22505.325744273912,22505.325744273912,22505.325744273912,0.0,0.0,0.0,75241.10700371665
2020-04-05,66984.83376176735,75017.85460907187,80944.52723535712,66984.83376176735,66984.83376176735,11029.382523958011,11029.382523958011,11029.382523958011,-11460.703720566082,-11460.703720566082,-11460.703720566082,22490.086244524093,22490.086244524093,22490.086244524093,0.0,0.0,0.0,78014.21628572536
2020-04-06,66979.98485618252,86477.46242076147,92542.8339882966,66979.98485618252,66979.98485618252,22455.573661291615,22455.573661291615,22455.573661291615,-12.10989733341211,-12.10989733341211,-12.10989733341211,22467.683558625027,22467.683558625027,22467.683558625027,0.0,0.0,0.0,89435.55851747413
2020-04-07,66975.13595059767,97681.56916284256,103702.89549243353,66975.13595059767,66975.13595059767,33881.14777474118,33881.14777474118,33881.14777474118,11443.020755600972,11443.020755600972,11443.020755600972,22438.127019140215,22438.127019140215,22438.127019140215,0.0,0.0,0.0,100856.28372533884
2020-04-08,66970.28704501284,100653.40012867245,106484.24763368098,66970.28704501284,66970.28704501284,36689.1396641637,36689.1396641637,36689.1396641637,14287.69681303128,14287.69681303128,14287.69681303128,22401.442851132415,22401.442851132415,22401.442851132415,0.0,0.0,0.0,103659.42670917654
2020-04-09,66965.438139428,92438.38191121788,98533.92563059794,66965.438139428,66965.438139428,28711.51384507587,28711.51384507587,28711.51384507587,6353.841117885394,6353.841117885394,6353.841117885394,22357.67272719048,22357.67272719048,22357.67272719048,0.0,0.0,0.0,95676.95198450387
2020-04-10,66960.58923384317,79924.67614285221,85816.87687288238,66960.58923384317,66960.58923384317,15949.02830432012,15949.02830432012,15949.02830432012,-6357.843660738682,-6357.843660738682,-6357.843660738682,22306.871965058803,22306.871965058803,22306.871965058803,0.0,0.0,0.0,82909.6175381633
2020-04-11,66955.74032825834,72000.66706550785,77929.81683810169,66955.74032825834,66955.74032825834,7995.20602435621,7995.20602435621,7995.20602435621,-14253.901407911604,-14253.901407911604,-14253.901407911604,22249.107432267814,22249.107432267814,22249.107432267814,0.0,0.0,0.0,74950.94635261456
2020-04-12,66950.89142267349,74509.48416760677,80613.1539896385,66950.89142267349,66950.89142267349,10723.75150893013,10723.75150893013,10723.75150893013,-11460.70372056007,-11460.70372056007,-11460.70372056007,22184.4552294902,22184.4552294902,22184.4552294902,0.0,0.0,0.0,77674.64293160362
2020-04-13,66977.74931720141,86127.48311389872,92189.21549837498,66977.74931720141,66977.74931720141,22100.88833206115,22100.88833206115,22100.88833206115,-12.109897323711149,-12.109897323711149,-12.109897323711149,22112.99822938486,22112.99822938486,22112.99822938486,0.0,0.0,0.0,89078.63764926256
2020-04-14,67004.60721172931,97650.56698286814,103676.6663534527,67004.60721172931,67004.60721172931,33477.84430590283,33477.84430590283,33477.84430590283,11443.02075560703,11443.02075560703,11443.02075560703,22034.823550295794,22034.823550295794,22034.823550295794,0.0,0.0,0.0,100482.45151763214
2020-04-15,67031.46510625724,100218.45168637554,106116.57077869674,67031.46510625724,67031.46510625724,36237.716857377236,36237.716857377236,36237.716857377236,14287.69681302911,14287.69681302911,14287.69681302911,21950.02004434812,21950.02004434812,21950.02004434812,0.0,0.0,0.0,103269.18196363447
2020-04-16,67058.32300078514,92086.22468386691,98104.33397754448,67058.32300078514,67058.32300078514,28212.51699515918,28212.51699515918,28212.51699515918,6353.841117924724,6353.841117924724,6353.841117924724,21858.67587723446,21858.67587723446,21858.67587723446,0.0,0.0,0.0,95270.83999594432
2020-04-17,67085.18089531304,79315.45160902762,85589.73767768586,67085.18089531304,67085.18089531304,15403.03261167209,15403.03261167209,15403.03261167209,-6357.843660747436,-6357.843660747436,-6357.843660747436,21760.876272419526,21760.876272419526,21760.876272419526,0.0,0.0,0.0,82488.21350698514
2020-04-18,67112.03878984097,71468.89594669025,77706.54068398109,67112.03878984097,67112.03878984097,7402.80007789954,7402.80007789954,7402.80007789954,-14253.90140791373,-14253.90140791373,-14253.90140791373,21656.70148581327,21656.70148581327,21656.70148581327,0.0,0.0,0.0,74514.8388677405
2020-04-19,67138.89668436887,74221.56485909186,79855.37352711559,67138.89668436887,67138.89668436887,10085.521347810805,10085.521347810805,10085.521347810805,-11460.703720554064,-11460.703720554064,-11460.703720554064,21546.22506836487,21546.22506836487,21546.22506836487,0.0,0.0,0.0,77224.41803217967
2020-04-20,67165.75457889678,85614.45408222142,91510.34637310552,67165.75457889678,67165.75457889678,21417.402566552002,21417.402566552002,21417.402566552002,-12.109897314043915,-12.109897314043915,-12.109897314043915,21429.512463866045,21429.512463866045,21429.512463866045,0.0,0.0,0.0,88583.15714544879
2020-04-21,67192.6124734247,96802.61063440227,102884.99464141564,67192.6124734247,67192.6124734247,32749.640733359865,32749.640733359865,32749.640733359865,11443.020755579779,11443.020755579779,11443.020755579779,21306.61997778009,21306.61997778009,21306.61997778009,0.0,0.0,0.0,99942.25320678456
2020-04-22,67219.47036795261,100023.96362451384,105673.62868516769,67219.47036795261,67219.47036795261,35465.29095361403,35465.29095361403,35465.29095361403,14287.696813027003,14287.696813027003,14287.696813027003,21177.594140587018,21177.594140587018,21177.594140587018,0.0,0.0,0.0,102684.76132156665
2020-04-23,67246.32826248051,91675.73750145962,97711.1112756679,67246.32826248051,67246.32826248051,27396.312594208423,27396.312594208423,27396.312594208423,6353.841117916016,6353.841117916016,6353.841117916016,21042.471476292405,21042.471476292405,21042.471476292405,0.0,0.0,0.0,94642.64085668893
2020-04-24,67273.18615700843,78851.41872603273,84751.266626104,67273.18615700843,67273.18615700843,14543.435013045106,14543.435013045106,14543.435013045106,-6357.843660756106,-6357.843660756106,-6357.843660756106,20901.278673801215,20901.278673801215,20901.278673801215,0.0,0.0,0.0,81816.62117005354
2020-04-25,67300.04405153634,71000.72899500365,76636.41339200159,67300.04405153634,67300.04405153634,6500.131738313517,6500.131738313517,6500.131738313517,-14253.901407915899,-14253.901407915899,-14253.901407915899,20754.033146229416,20754.033146229416,20754.033146229416,0.0,0.0,0.0,73800.17578984986
2020-04-26,67326.90194606426,73405.54676071893,79524.1175835797,67326.90194606426,67326.90194606426,9140.040230740216,9140.040230740216,9140.040230740216,-11460.70372054805,-11460.70372054805,-11460.70372054805,20600.743951288267,20600.743951288267,20600.743951288267,0.0,0.0,0.0,76466.94217680447
2020-04-27,67353.75984059216,84718.49233926309,90797.0117651192,67353.75984059216,67353.75984059216,20429.303137624407,20429.303137624407,20429.303137624407,-12.109897357660177,-12.109897357660177,-12.109897357660177,20441.41303498207,20441.41303498207,20441.41303498207,0.0,0.0,0.0,87783.06297821656
2020-04-28,67380.61773512007,96180.2209729187,102067.16686042176,67380.61773512007,67380.61773512007,31719.057506922756,31719.057506922756,31719.057506922756,11443.020755585838,11443.020755585838,11443.020755585838,20276.03675133692,20276.03675133692,20276.03675133692,0.0,0.0,0.0,99099.67524204284
2020-04-29,67407.47562964799,98888.10533946913,104529.19845294973,67407.47562964799,67407.47562964799,34392.304416045874,34392.304416045874,34392.304416045874,14287.69681302477,14287.69681302477,14287.69681302477,20104.6076030211,20104.6076030211,20104.6076030211,0.0,0.0,0.0,101799.78004569386
2020-04-30,67434.3335241759,90942.78252082004,96677.96426999607,67434.3335241759,67434.3335241759,26280.957259633098,26280.957259633098,26280.957259633098,6353.841117907246,6353.841117907246,6353.841117907246,19927.11614172585,19927.11614172585,19927.11614172585,0.0,0.0,0.0,93715.290783809
2020-05-01,67461.19141870382,77878.86566674254,83657.07813511034,67461.19141870382,67461.19141870382,13385.7093024872,13385.7093024872,13385.7093024872,-6357.843660716934,-6357.843660716934,-6357.843660716934,19743.552963204133,19743.552963204133,19743.552963204133,0.0,0.0,0.0,80846.90072119102
2020-05-02,67488.04931323172,69968.6619936725,75703.882194544,67488.04931323172,67488.04931323172,5300.009322129561,5300.009322129561,5300.009322129561,-14253.901407906189,-14253.901407906189,-14253.901407906189,19553.91073003575,19553.91073003575,19553.91073003575,0.0,0.0,0.0,72788.05863536129
2020-05-03,67514.90720775964,72428.58346415976,78283.29513532361,67514.90720775964,67514.90720775964,7897.482434993127,7897.482434993127,7897.482434993127,-11460.703720542046,-11460.703720542046,-11460.703720542046,19358.18615553517,19358.18615553517,19358.18615553517,0.0,0.0,0.0,75412.38964275277
2020-05-04,67541.76510228755,83769.75751764739,89617.59681794205,67541.76510228755,67541.76510228755,19144.271987276763,19144.271987276763,19144.271987276763,-12.109897347992941,-12.109897347992941,-12.109897347992941,19156.381884624756,19156.381884624756,19156.381884624756,0.0,0.0,0.0,86686.03708956431
2020-05-05,67568.62299681547,94826.29378166507,100836.41766885856,67568.62299681547,67568.62299681547,30391.528967577175,30391.528967577175,30391.528967577175,11443.020755591899,11443.020755591899,11443.020755591899,18948.50821198527,18948.50821198527,18948.50821198527,0.0,0.0,0.0,97960.15196439264
2020-05-06,67595.48089134337,97406.5278124587,103521.5809059651,67595.48089134337,67595.48089134337,33022.28139709838,33022.28139709838,33022.28139709838,14287.696813022663,14287.696813022663,14287.696813022663,18734.584584075714,18734.584584075714,18734.584584075714,0.0,0.0,0.0,100617.76228844174
2020-05-07,67622.33878587128,89366.75299930348,95456.34366077108,67622.33878587128,67622.33878587128,24868.48195745353,24868.48195745353,24868.48195745353,6353.841117898538,6353.841117898538,6353.841117898538,18514.64083955499,18514.64083955499,18514.64083955499,0.0,0.0,0.0,92490.82074332482
2020-05-08,67649.1966803992,76556.4153205412,82362.36420713054,67649.1966803992,67649.1966803992,11930.874491165416,11930.874491165416,11930.874491165416,-6357.843660725603,-6357.843660725603,-6357.843660725603,18288.71815189102,18288.71815189102,18288.71815189102,0.0,0.0,0.0,79580.07117156462
2020-05-09,67676.0545749271,68368.78483342807,74484.30459554346,67676.0545749271,67676.0545749271,3802.9682403467027,3802.9682403467027,3802.9682403467027,-14253.901407908339,-14253.901407908339,-14253.901407908339,18056.86964825504,18056.86964825504,18056.86964825504,0.0,0.0,0.0,71479.0228152738
2020-05-10,67702.91246945501,71289.04498175989,77232.52024728413,67702.91246945501,67702.91246945501,6358.456969293516,6358.456969293516,6358.456969293516,-11460.703720536028,-11460.703720536028,-11460.703720536028,17819.160689829543,17819.160689829543,17819.160689829543,0.0,0.0,0.0,74061.36943874853
2020-05-11,67729.77036398293,82194.11922761005,88219.68876313124,67729.77036398293,67729.77036398293,17563.558912612694,17563.558912612694,17563.558912612694,-12.109897338291978,-12.109897338291978,-12.109897338291978,17575.66880995099,17575.66880995099,17575.66880995099,0.0,0.0,0.0,85293.32927659561
2020-05-12,67756.62825851084,93558.97437210183,99488.41860918843,67756.62825851084,67756.62825851084,28769.50407345393,28769.50407345393,28769.50407345393,11443.020755597909,11443.020755597909,11443.020755597909,17326.483317856022,17326.483317856022,17326.483317856022,0.0,0.0,0.0,96526.13233196476
2020-05-13,67783.48615303874,96375.26386047936,102551.12263004444,67783.48615303874,67783.48615303874,31359.401399714738,31359.401399714738,31359.401399714738,14287.696813032366,14287.696813032366,14287.696813032366,17071.704586682372,17071.704586682372,17071.704586682372,0.0,0.0,0.0,99142.88755275348
2020-05-14,67810.34404756667,87972.26225328587,93962.05670691354,67810.34404756667,67810.34404756667,23165.28417246154,23165.28417246154,23165.28417246154,6353.841117889768,6353.841117889768,6353.841117889768,16811.44305457177,16811.44305457177,16811.44305457177,0.0,0.0,0.0,90975.62822002821
2020-05-15,67837.20194209457,75008.22647004545,81097.11387676664,67837.20194209457,67837.20194209457,10187.974316041677,10187.974316041677,10187.974316041677,-6357.843660734316,-6357.843660734316,-6357.843660734316,16545.817976775994,16545.817976775994,16545.817976775994,0.0,0.0,0.0,78025.17625813626
2020-05-16,67864.05983662249,67016.55675365575,72853.28839765063,67864.05983662249,67864.05983662249,2021.0545665608581,2021.0545665608581,2021.0545665608581,-14253.901407910485,-14253.901407910485,-14253.901407910485,16274.955974471344,16274.955974471344,16274.955974471344,0.0,0.0,0.0,69885.11440318334
2020-05-17,67890.91773115039,69199.45002457405,75460.36138004976,67890.91773115039,67890.91773115039,4538.285711589618,4538.285711589618,4538.285711589618,-11460.70372053002,-11460.70372053002,-11460.70372053002,15998.989432119639,15998.989432119639,15998.989432119639,0.0,0.0,0.0,72429.20344274
2020-05-18,67917.77562567832,80646.72446466434,86642.85503783324,67917.77562567832,67917.77562567832,15705.944902211872,15705.944902211872,15705.944902211872,-12.109897381941108,-12.109897381941108,-12.109897381941108,15718.054799593814,15718.054799593814,15718.054799593814,0.0,0.0,0.0,83623.7205278902
2020-05-19,67944.63352020622,92020.57977811691,97861.90058440513,67944.63352020622,67944.63352020622,26875.311613387687,26875.311613387687,26875.311613387687,11443.020755603915,11443.020755603915,11443.020755603915,15432.290857783777,15432.290857783777,15432.290857783777,0.0,0.0,0.0,94819.94513359391
2020-05-20,67971.49141473412,94400.10219943675,100305.85969145033,67971.49141473412,67971.49141473412,29429.533819937456,29429.533819937456,29429.533819937456,14287.696813030198,14287.696813030198,14287.696813030198,15141.83700690726,15141.83700690726,15141.83700690726,0.0,0.0,0.0,97401.02523467157
2020-05-21,67998.34930926205,86356.62447389393,92259.26956904272,67998.34930926205,67998.34930926205,21200.672753145,21200.672753145,21200.672753145,6353.841117881119,6353.841117881119,6353.841117881119,14846.831635263881,14846.831635263881,14846.831635263881,0.0,0.0,0.0,89199.02206240705
2020-05-22,68025.20720378995,73318.47152720892,79490.86211899674,68025.20720378995,68025.20720378995,8189.566962057931,8189.566962057931,8189.566962057931,-6357.8436607430285,-6357.8436607430285,-6357.8436607430285,14547.41062280096,14547.41062280096,14547.41062280096,0.0,0.0,0.0,76214.77416584788
2020-05-23,68052.06509831786,65046.142073803836,70903.02899788778,68052.06509831786,68052.06509831786,-10.195379222641687,-10.195379222641687,-10.195379222641687,-14253.901407912655,-14253.901407912655,-14253.901407912655,14243.706028690014,14243.706028690014,14243.706028690014,0.0,0.0,0.0,68041.86971909522
2020-05-24,68078.92299284578,67322.85187915202,73489.32437720781,68078.92299284578,68078.92299284578,2475.1412847591196,2475.1412847591196,2475.1412847591196,-11460.703720557114,-11460.703720557114,-11460.703720557114,13935.845005316234,13935.845005316234,13935.845005316234,0.0,0.0,0.0,70554.06427760489
2020-05-25,68105.7808873737,78745.55337075809,84689.34057848509,68105.7808873737,68105.7808873737,13611.839075520442,13611.839075520442,13611.839075520442,-12.109897372241006,-12.109897372241006,-12.109897372241006,13623.948972892682,13623.948972892682,13623.948972892682,0.0,0.0,0.0,81717.61996289414
2020-05-26,68132.6387819016,90059.27582410333,95775.32578028436,68132.6387819016,68132.6387819016,24751.15383525398,24751.15383525398,24751.15383525398,11443.02075560998,11443.02075560998,11443.02075560998,13308.133079644,13308.133079644,13308.133079644,0.0,0.0,0.0,92883.79261715557
2020-05-27,68159.49667642951,92494.0481343487,98510.13529060487,68159.49667642951,68159.49667642951,27276.20277545207,27276.20277545207,27276.20277545207,14287.696813028026,14287.696813028026,14287.696813028026,12988.505962424048,12988.505962424048,12988.505962424048,0.0,0.0,0.0,95435.69945188158
2020-05-28,68186.35457095742,84209.30164155373,90297.23564160272,68186.35457095742,68186.35457095742,19019.010929946486,19019.010929946486,19019.010929946486,6353.8411179204495,6353.8411179204495,6353.8411179204495,12665.169812026037,12665.169812026037,12665.169812026037,0.0,0.0,0.0,87205.3655009039
2020-05-29,68213.21246548534,71127.69708582285,77228.3251444034,68213.21246548534,68213.21246548534,5980.377076126389,5980.377076126389,5980.377076126389,-6357.843660703813,-6357.843660703813,-6357.843660703813,12338.2207368302,12338.2207368302,12338.2207368302,0.0,0.0,0.0,74193.58954161173
2020-05-30,68240.07036001324,63220.567108202995,69055.9584214469,68240.07036001324,68240.07036001324,-2246.1519999598213,-2246.1519999598213,-2246.1519999598213,-14253.901407914824,-14253.901407914824,-14253.901407914824,12007.749407955003,12007.749407955003,12007.749407955003,0.0,0.0,0.0,65993.91836005342
2020-05-31,68266.92825454116,65608.89164353508,71413.38201865228,68266.92825454116,68266.92825454116,213.13823865020987,213.13823865020987,213.13823865020987,-11460.703720551099,-11460.703720551099,-11460.703720551099,11673.841959201309,11673.841959201309,11673.841959201309,0.0,0.0,0.0,68480.06649319136
2020-06-01,68293.78614906907,76613.79460983077,82640.26516709568,68293.78614906907,68293.78614906907,11324.47120877905,11324.47120877905,11324.47120877905,-12.109897362606635,-12.109897362606635,-12.109897362606635,11336.581106141657,11336.581106141657,11336.581106141657,0.0,0.0,0.0,79618.25735784812
2020-06-02,68320.64404359697,87726.32078514133,93633.04198329628,68320.64404359697,68320.64404359697,22439.068196523935,22439.068196523935,22439.068196523935,11443.020755616037,11443.020755616037,11443.020755616037,10996.047440907894,10996.047440907894,10996.047440907894,0.0,0.0,0.0,90759.7122401209
2020-06-03,68347.5019381249,90225.10489001547,96333.44482767023,68347.5019381249,68347.5019381249,24940.017665977794,24940.017665977794,24940.017665977794,14287.69681302592,14287.69681302592,14287.69681302592,10652.320852951874,10652.320852951874,10652.320852951874,0.0,0.0,0.0,93287.5196041027
2020-06-04,68374.3598326528,82236.44221160188,88131.34657360338,68374.3598326528,68374.3598326528,16659.323139254713,16659.323139254713,16659.323139254713,6353.841117911741,6353.841117911741,6353.841117911741,10305.482021342974,10305.482021342974,10305.482021342974,0.0,0.0,0.0,85033.68297190752
2020-06-05,68401.21772718072,69092.01554131061,74954.97312745407,68401.21772718072,68401.21772718072,3597.770260694186,3597.770260694186,3597.770260694186,-6357.8436607124795,-6357.8436607124795,-6357.8436607124795,9955.613921406666,9955.613921406666,9955.613921406666,0.0,0.0,0.0,71998.9879878749
2020-06-06,68428.07562170863,61062.88729184875,66811.34270664093,68428.07562170863,68428.07562170863,-4651.098120354131,-4651.098120354131,-4651.098120354131,-14253.901407916972,-14253.901407916972,-14253.901407916972,9602.80328756284,9602.80328756284,9602.80328756284,0.0,0.0,0.0,63776.9775013545
2020-06-07,68454.93351623655,63411.12847015016,69196.56912554654,68454.93351623655,68454.93351623655,-2213.5617452816787,-2213.5617452816787,-2213.5617452816787,-11460.703720545087,-11460.703720545087,-11460.703720545087,9247.141975263408,9247.141975263408,9247.141975263408,0.0,0.0,0.0,66241.37177095487
2020-06-08,68481.79141076445,74541.40514960898,80344.43622277264,68481.79141076445,68481.79141076445,8876.618270588315,8876.618270588315,8876.618270588315,-12.109897352906538,-12.109897352906538,-12.109897352906538,8888.728167941223,8888.728167941223,8888.728167941223,0.0,0.0,0.0,77358.40968135276
2020-06-09,68508.64930529235,85570.69649292598,91558.01636762578,68508.64930529235,68508.64930529235,19970.688135272507,19970.688135272507,19970.688135272507,11443.020755588785,11443.020755588785,11443.020755588785,8527.667379683719,8527.667379683719,8527.667379683719,0.0,0.0,0.0,88479.33744056485
2020-06-10,68535.50719686043,88058.56401724569,93968.11295911575,68535.50719686043,68535.50719686043,22451.770023895577,22451.770023895577,22451.770023895577,14287.696813023811,14287.696813023811,14287.696813023811,8164.073210871771,8164.073210871771,8164.073210871771,0.0,0.0,0.0,90987.277220756
2020-06-11,68562.3650884285,79911.77218468816,85775.43968044648,68562.3650884285,68562.3650884285,14151.90893993848,14151.90893993848,14151.90893993848,6353.841117902972,6353.841117902972,6353.841117902972,7798.067822035507,7798.067822035507,7798.067822035507,0.0,0.0,0.0,82714.27402836698
2020-06-12,68589.22297999659,66717.74233235256,72513.50483799363,68589.22297999659,68589.22297999659,1071.938439700697,1071.938439700697,1071.938439700697,-6357.843660721238,-6357.843660721238,-6357.843660721238,7429.782100421935,7429.782100421935,7429.782100421935,0.0,0.0,0.0,69661.16141969728
2020-06-13,68616.08087156466,58607.04060692905,64275.162373465035,68616.08087156466,68616.08087156466,-7194.5459039265625,-7194.5459039265625,-7194.5459039265625,-14253.901407919122,-14253.901407919122,-14253.901407919122,7059.3555039925595,7059.3555039925595,7059.3555039925595,0.0,0.0,0.0,61421.534967638094
2020-06-14,68642.93876313274,60689.91178230622,66824.18720794002,68642.93876313274,68642.93876313274,-4773.768142222373,-4773.768142222373,-4773.768142222373,-11460.703720572177,-11460.703720572177,-11460.703720572177,6686.935578349803,6686.935578349803,6686.935578349803,0.0,0.0,0.0,63869.170620910365
2020-06-15,68669.79665470081,72041.9473266166,77983.23717337051,68669.79665470081,68669.79665470081,6300.567255877109,6300.567255877109,6300.567255877109,-12.109897343238442,-12.109897343238442,-12.109897343238442,6312.6771532203475,6312.6771532203475,6312.6771532203475,0.0,0.0,0.0,74970.36391057791
2020-06-16,68696.6545462689,83101.75517139294,88849.20848479116,68696.6545462689,68696.6545462689,17379.76199174466,17379.76199174466,17379.76199174466,11443.020755594793,11443.020755594793,11443.020755594793,5936.741236149866,5936.741236149866,5936.741236149866,0.0,0.0,0.0,86076.41653801355
2020-06-17,68723.51243783697,85672.11182490822,91394.08646036469,68723.51243783697,68723.51243783697,19846.990444603183,19846.990444603183,19846.990444603183,14287.696813021637,14287.696813021637,14287.696813021637,5559.293631581541,5559.293631581541,5559.293631581541,0.0,0.0,0.0,88570.50288244015
2020-06-18,68750.37032940505,77366.88191731315,83066.655939798,68750.37032940505,68750.37032940505,11534.34444126765,11534.34444126765,11534.34444126765,6353.841117894263,6353.841117894263,6353.841117894263,5180.503323373387,5180.503323373387,5180.503323373387,0.0,0.0,0.0,80284.7147706727
2020-06-19,68777.22822097312,64325.56835735129,70208.25242855448,68777.22822097312,68777.22822097312,-1557.3029933071925,-1557.3029933071925,-1557.3029933071925,-6357.843660729906,-6357.843660729906,-6357.843660729906,4800.540667422713,4800.540667422713,4800.540667422713,0.0,0.0,0.0,67219.92522766592
2020-06-20,68804.0861125412,55982.10438702199,62047.024175675695,68804.0861125412,68804.0861125412,-9834.325959487345,-9834.325959487345,-9834.325959487345,-14253.901407909416,-14253.901407909416,-14253.901407909416,4419.57544842207,4419.57544842207,4419.57544842207,0.0,0.0,0.0,58969.76015305386
2020-06-21,68830.94400410927,58646.11039367765,64425.546451634575,68830.94400410927,68830.94400410927,-7422.928860195667,-7422.928860195667,-7422.928860195667,-11460.703720566169,-11460.703720566169,-11460.703720566169,4037.7748603705027,4037.7748603705027,4037.7748603705027,0.0,0.0,0.0,61408.01514391361
2020-06-22,68857.80189567734,69363.76944625132,75509.0770901888,68857.80189567734,68857.80189567734,3643.1915769875545,3643.1915769875545,3643.1915769875545,-12.109897333539207,-12.109897333539207,-12.109897333539207,3655.301474321094,3655.301474321094,3655.301474321094,0.0,0.0,0.0,72500.9934726649
2020-06-23,68884.65978724543,80657.3564184317,86435.41745359014,68884.65978724543,68884.65978724543,14715.332014250995,14715.332014250995,14715.332014250995,11443.020755600906,11443.020755600906,11443.020755600906,3272.3112586500883,3272.3112586500883,3272.3112586500883,0.0,0.0,0.0,83599.99180149642
2020-06-24,68911.51767881351,82934.11586307402,88874.3326634863,68911.51767881351,68911.51767881351,17176.648529930713,17176.648529930713,17176.648529930713,14287.696813019471,14287.696813019471,14287.696813019471,2888.9517169112446,2888.9517169112446,2888.9517169112446,0.0,0.0,0.0,86088.16620874422
2020-06-25,68938.37557038158,74790.10632838256,80817.71979599618,68938.37557038158,68938.37557038158,8859.201323964391,8859.201323964391,8859.201323964391,6353.841117933593,6353.841117933593,6353.841117933593,2505.3602060307976,2505.3602060307976,2505.3602060307976,0.0,0.0,0.0,77797.57689434597
2020-06-26,68965.23346194965,61543.19979057269,67430.9439923339,68965.23346194965,68965.23346194965,-4236.18116748394,-4236.18116748394,-4236.18116748394,-6357.843660738618,-6357.843660738618,-6357.843660738618,2121.6624932546783,2121.6624932546783,2121.6624932546783,0.0,0.0,0.0,64729.05229446571
2020-06-27,68992.09135351774,53493.57524987236,59182.90143805089,68992.09135351774,68992.09135351774,-12515.929803875617,-12515.929803875617,-12515.929803875617,-14253.901407911584,-14253.901407911584,-14253.901407911584,1737.9716040359674,1737.9716040359674,1737.9716040359674,0.0,0.0,0.0,56476.16154964212
2020-06-28,69018.94924508581,56133.56171092887,62120.63384528303,69018.94924508581,69018.94924508581,-10106.316715543788,-10106.316715543788,-10106.316715543788,-11460.703720560161,-11460.703720560161,-11460.703720560161,1354.3870050163737,1354.3870050163737,1354.3870050163737,0.0,0.0,0.0,58912.632529542025
2020-06-29,69045.8071366539,66929.84575734007,73116.4916719907,69045.8071366539,69045.8071366539,958.8842594754352,958.8842594754352,958.8842594754352,-12.109897323871108,-12.109897323871108,-12.109897323871108,970.9941567993064,970.9941567993064,970.9941567993064,0.0,0.0,0.0,70004.69139612933
2020-06-30,69072.66502822196,78233.39891861076,84202.39648001433,69072.66502822196,69072.66502822196,12030.885216060009,12030.885216060009,12030.885216060009,11443.020755606914,11443.020755606914,11443.020755606914,587.8644604530942,587.8644604530942,587.8644604530942,0.0,0.0,0.0,81103.55024428197
2020-07-01,69099.52291979005,80833.59765204543,86373.88347525094,69099.52291979005,69099.52291979005,14492.752423078464,14492.752423078464,14492.752423078464,14287.696813029113,14287.696813029113,14287.696813029113,205.05561004935112,205.05561004935112,205.05561004935112,0.0,0.0,0.0,83592.27534286851
2020-07-02,69126.38081135812,72434.78964323786,78261.26001392417,69126.38081135812,69126.38081135812,6176.45346925026,6176.45346925026,6176.45346925026,6353.841117924883,6353.841117924883,6353.841117924883,-177.38764867462305,-177.38764867462305,-177.38764867462305,0.0,0.0,0.0,75302.83428060838
2020-07-03,69153.2387029262,59499.47495526709,64970.06255490223,69153.2387029262,69153.2387029262,-6917.276026556417,-6917.276026556417,-6917.276026556417,-6357.843660747285,-6357.843660747285,-6357.843660747285,-559.4323658091308,-559.4323658091308,-559.4323658091308,0.0,0.0,0.0,62235.96267636979
2020-07-04,69180.09659449427,51077.26333292416,57100.06367434132,69180.09659449427,69180.09659449427,-15194.957273364556,-15194.957273364556,-15194.957273364556,-14253.90140791371,-14253.90140791371,-14253.90140791371,-941.0558654508461,-941.0558654508461,-941.0558654508461,0.0,0.0,0.0,53985.13932112972
2020-07-05,69206.95448606236,53834.873744437435,59549.04478672531,69206.95448606236,69206.95448606236,-12782.947611244,-12782.947611244,-12782.947611244,-11460.703720554144,-11460.703720554144,-11460.703720554144,-1322.2438906898556,-1322.2438906898556,-1322.2438906898556,0.0,0.0,0.0,56424.006874818355
2020-07-06,69233.81237763043,64683.644105219006,70621.9708292697,69233.81237763043,69233.81237763043,-1715.0983596274557,-1715.0983596274557,-1715.0983596274557,-12.109897367487369,-12.109897367487369,-12.109897367487369,-1702.9884622599684,-1702.9884622599684,-1702.9884622599684,0.0,0.0,0.0,67518.71401800297
2020-07-07,69260.67026919851,75670.36989531385,81498.5953083357,69260.67026919851,69260.67026919851,9359.735248478923,9359.735248478923,9359.735248478923,11443.020755612977,11443.020755612977,11443.020755612977,-2083.285507134055,-2083.285507134055,-2083.285507134055,0.0,0.0,0.0,78620.40551767743
2020-07-08,69287.52816076658,78285.70361041502,84129.42183616488,69287.52816076658,69287.52816076658,11824.56449181815,11824.56449181815,11824.56449181815,14287.696813027003,14287.696813027003,14287.696813027003,-2463.132321208854,-2463.132321208854,-2463.132321208854,0.0,0.0,0.0,81112.09265258473
2020-07-09,69314.38605233467,69649.58657018708,75689.07228645643,69314.38605233467,69314.38605233467,3511.3161816499537,3511.3161816499537,3511.3161816499537,6353.841117916115,6353.841117916115,6353.841117916115,-2842.524936266161,-2842.524936266161,-2842.524936266161,0.0,0.0,0.0,72825.70223398462
2020-07-10,69341.24394390274,56832.96415986452,62508.97363378211,69341.24394390274,69341.24394390274,-9579.299126127373,-9579.299126127373,-9579.299126127373,-6357.843660755999,-6357.843660755999,-6357.843660755999,-3221.4554653713735,-3221.4554653713735,-3221.4554653713735,0.0,0.0,0.0,59761.944817775366
2020-07-11,69368.1018354708,48735.463583067634,54450.77981113383,69368.1018354708,69368.1018354708,-17853.810910654815,-17853.810910654815,-17853.810910654815,-14253.90140791588,-14253.90140791588,-14253.90140791588,-3599.909502738935,-3599.909502738935,-3599.909502738935,0.0,0.0,0.0,51514.29092481599
2020-07-12,69394.95972703889,50853.41525090171,56851.42288113132,69394.95972703889,69394.95972703889,-15438.567374169565,-15438.567374169565,-15438.567374169565,-11460.703720548136,-11460.703720548136,-11460.703720548136,-3977.863653621429,-3977.863653621429,-3977.863653621429,0.0,0.0,0.0,53956.39235286933
2020-07-13,69421.81761860698,61996.71207188809,67956.98991622639,69421.81761860698,69421.81761860698,-4367.393164469474,-4367.393164469474,-4367.393164469474,-12.109897357820136,-12.109897357820136,-12.109897357820136,-4355.283267111653,-4355.283267111653,-4355.283267111653,0.0,0.0,0.0,65054.4244541375
2020-07-14,69448.67551017505,73095.13707868049,78945.82706025742,69448.67551017505,69448.67551017505,6710.900315779116,6710.900315779116,6710.900315779116,11443.020755618983,11443.020755618983,11443.020755618983,-4732.1204398398695,-4732.1204398398695,-4732.1204398398695,0.0,0.0,0.0,76159.57582595416
2020-07-15,69475.53340174312,75735.95972240526,81536.26743171044,69475.53340174312,69475.53340174312,9179.38446145554,9179.38446145554,9179.38446145554,14287.69681302483,14287.69681302483,14287.69681302483,-5108.312351569289,-5108.312351569289,-5108.312351569289,0.0,0.0,0.0,78654.91786319866
2020-07-16,69502.3912933112,67518.67547581682,73044.60486089751,69502.3912933112,69502.3912933112,870.061133073668,870.061133073668,870.061133073668,6353.8411179074665,6353.8411179074665,6353.8411179074665,-5483.779984833798,-5483.779984833798,-5483.779984833798,0.0,0.0,0.0,70372.45242638487
2020-07-17,69529.24918487927,54345.34187483196,60186.07296780593,69529.24918487927,69529.24918487927,-12216.27093094176,-12216.27093094176,-12216.27093094176,-6357.843660716783,-6357.843660716783,-6357.843660716783,-5858.427270224979,-5858.427270224979,-5858.427270224979,0.0,0.0,0.0,57312.97825393751
2020-07-18,69556.10707644736,45954.090931602885,51759.64642978404,69556.10707644736,69556.10707644736,-20486.042095034874,-20486.042095034874,-20486.042095034874,-14253.901407906147,-14253.901407906147,-14253.901407906147,-6232.140687128727,-6232.140687128727,-6232.140687128727,0.0,0.0,0.0,49070.06498141248
2020-07-19,69582.96496801543,48569.19486741488,54367.46614372585,69582.96496801543,69582.96496801543,-18065.49305735971,-18065.49305735971,-18065.49305735971,-11460.70372054213,-11460.70372054213,-11460.70372054213,-6604.789336817579,-6604.789336817579,-6604.789336817579,0.0,0.0,0.0,51517.47191065572
2020-07-20,69609.82285958351,59558.137119328654,65593.35665242704,69609.82285958351,69609.82285958351,-6988.335388707006,-6988.335388707006,-6988.335388707006,-12.109897348120034,-12.109897348120034,-12.109897348120034,-6976.225491358887,-6976.225491358887,-6976.225491358887,0.0,0.0,0.0,62621.487470876506
2020-07-21,69636.68075115158,71121.85035455323,76766.83597228814,69636.68075115158,69636.68075115158,4096.735147533742,4096.735147533742,4096.735147533742,11443.020755625046,11443.020755625046,11443.020755625046,-7346.285608091305,-7346.285608091305,-7346.285608091305,0.0,0.0,0.0,73733.41589868531
2020-07-22,69663.53864271966,73543.99454133477,79180.02322153804,69663.53864271966,69663.53864271966,6572.9050271297165,6572.9050271297165,6572.9050271297165,14287.696813034598,14287.696813034598,14287.696813034598,-7714.791785904883,-7714.791785904883,-7714.791785904883,0.0,0.0,0.0,76236.44366984938
2020-07-23,69690.39653428773,64980.408192368195,70978.27671989099,69690.39653428773,69690.39653428773,-1727.712508737252,-1727.712508737252,-1727.712508737252,6353.841117898696,6353.841117898696,6353.841117898696,-8081.5536266359495,-8081.5536266359495,-8081.5536266359495,0.0,0.0,0.0,67962.68402555048
2020-07-24,69717.25442585582,51822.724176391814,57860.89442904869,69717.25442585582,69717.25442585582,-14804.214113631291,-14804.214113631291,-14804.214113631291,-6357.843660725496,-6357.843660725496,-6357.843660725496,-8446.370452905796,-8446.370452905796,-8446.370452905796,0.0,0.0,0.0,54913.040312224526
2020-07-25,69744.11231742389,44122.20016310066,49974.83113692427,69744.11231742389,69744.11231742389,-23062.93523106385,-23062.93523106385,-23062.93523106385,-14253.901407908317,-14253.901407908317,-14253.901407908317,-8809.033823155534,-8809.033823155534,-8809.033823155534,0.0,0.0,0.0,46681.17708636004
2020-07-26,69770.97020899197,46208.29829721546,52012.32236705892,69770.97020899197,69770.97020899197,-20630.033996167604,-20630.033996167604,-20630.033996167604,-11460.70372053612,-11460.70372053612,-11460.70372053612,-9169.330275631486,-9169.330275631486,-9169.330275631486,0.0,0.0,0.0,49140.93621282437
2020-07-27,69797.82810056004,57343.05139427635,63107.40682027462,69797.82810056004,69797.82810056004,-9539.154123425766,-9539.154123425766,-9539.154123425766,-12.109897338485668,-12.109897338485668,-12.109897338485668,-9527.04422608728,-9527.04422608728,-9527.04422608728,0.0,0.0,0.0,60258.673977134276
2020-07-28,69824.68599212813,68354.08173402524,74442.15488683217,69824.68599212813,69824.68599212813,1561.0598164898286,1561.0598164898286,1561.0598164898286,11443.020755597845,11443.020755597845,11443.020755597845,-9881.960939108018,-9881.960939108018,-9881.960939108018,0.0,0.0,0.0,71385.74580861795
2020-07-29,69851.5438836962,71059.68549839416,76837.2137938693,69851.5438836962,69851.5438836962,4053.827322590489,4053.827322590489,4053.827322590489,14287.696813032368,14287.696813032368,14287.696813032368,-10233.869490441879,-10233.869490441879,-10233.869490441879,0.0,0.0,0.0,73905.37120628668
2020-07-30,69878.40177526427,62553.08542082757,68647.41777969354,69878.40177526427,69878.40177526427,-4228.724519690018,-4228.724519690018,-4228.724519690018,6353.841117889929,6353.841117889929,6353.841117889929,-10582.565637579946,-10582.565637579946,-10582.565637579946,0.0,0.0,0.0,65649.67725557425
2020-07-31,69905.25966683235,49424.37688462848,55344.05401028978,69905.25966683235,69905.25966683235,-17285.69817891136,-17285.69817891136,-17285.69817891136,-6357.843660734164,-6357.843660734164,-6357.843660734164,-10927.854518177199,-10927.854518177199,-10927.854518177199,0.0,0.0,0.0,52619.56148792099
2020-08-01,69932.11755840044,41475.03592589269,47162.491657555365,69932.11755840044,69932.11755840044,-25523.45450846109,-25523.45450846109,-25523.45450846109,-14253.901407910465,-14253.901407910465,-14253.901407910465,-11269.553100550627,-11269.553100550627,-11269.553100550627,0.0,0.0,0.0,44408.66304993935
2020-08-02,69958.97544996851,44146.387120392894,49741.06073907125,69958.97544996851,69958.97544996851,-23068.19603801252,-23068.19603801252,-23068.19603801252,-11460.703720563215,-11460.703720563215,-11460.703720563215,-11607.492317449301,-11607.492317449301,-11607.492317449301,0.0,0.0,0.0,46890.779411955984
2020-08-03,69985.83334153658,54941.79527063632,60919.09264967653,69985.83334153658,69985.83334153658,-11953.628720601428,-11953.628720601428,-11953.628720601428,-12.109897328785566,-12.109897328785566,-12.109897328785566,-11941.518823272641,-11941.518823272641,-11941.518823272641,0.0,0.0,0.0,58032.204620935154
2020-08-04,70012.69123310466,66202.57960070459,72279.52938095451,70012.69123310466,70012.69123310466,-828.4755700981451,-828.4755700981451,-828.4755700981451,11443.020755603906,11443.020755603906,11443.020755603906,-12271.496325702052,-12271.496325702052,-12271.496325702052,0.0,0.0,0.0,69184.21566300651
2020-08-05,70039.54912467273,68897.34655591767,74763.43834966498,70039.54912467273,70039.54912467273,1690.3903580329759,1690.3903580329759,1690.3903580329759,14287.69681303026,14287.69681303026,14287.69681303026,-12597.306454997284,-12597.306454997284,-12597.306454997284,0.0,0.0,0.0,71729.93948270571
2020-08-06,70066.40701624082,60595.30951221412,66648.61704458935,70066.40701624082,70066.40701624082,-6565.0080297124405,-6565.0080297124405,-6565.0080297124405,6353.841117881219,6353.841117881219,6353.841117881219,-12918.849147593659,-12918.849147593659,-12918.849147593659,0.0,0.0,0.0,63501.39898652838
2020-08-07,70093.26490780889,47688.28082921053,53572.55784089304,70093.26490780889,70093.26490780889,-19593.88619556526,-19593.88619556526,-19593.88619556526,-6357.843660742922,-6357.843660742922,-6357.843660742922,-13236.04253482234,-13236.04253482234,-13236.04253482234,0.0,0.0,0.0,50499.378712243626
2020-08-08,70120.08882182241,39299.14715735964,45572.90027987811,70120.08882182241,70120.08882182241,-27802.723749917357,-27802.723749917357,-27802.723749917357,-14253.901407912612,-14253.901407912612,-14253.901407912612,-13548.822342004745,-13548.822342004745,-13548.822342004745,0.0,0.0,0.0,42317.36507190506
2020-08-09,70146.91273583595,41878.751023862234,47841.79746559191,70146.91273583595,70146.91273583595,-25317.84453811278,-25317.84453811278,-25317.84453811278,-11460.7037205572,-11460.7037205572,-11460.7037205572,-13857.140817555575,-13857.140817555575,-13857.140817555575,0.0,0.0,0.0,44829.06819772317
2020-08-10,70173.73664984947,53029.28898565382,59013.710132180335,70173.73664984947,70173.73664984947,-14173.075122863858,-14173.075122863858,-14173.075122863858,-12.109897319084604,-12.109897319084604,-12.109897319084604,-14160.965225544775,-14160.965225544775,-14160.965225544775,0.0,0.0,0.0,56000.66152698561
2020-08-11,70200.56056386301,64458.40333900366,69988.76758080124,70200.56056386301,70200.56056386301,-3017.2551924335944,-3017.2551924335944,-3017.2551924335944,11443.020755609916,11443.020755609916,11443.020755609916,-14460.27594804351,-14460.27594804351,-14460.27594804351,0.0,0.0,0.0,67183.30537142941
2020-08-12,70227.38447787653,66737.4447992111,72574.76367724242,70227.38447787653,70227.38447787653,-467.36744209451405,-467.36744209451405,-467.36744209451405,14287.69681302809,14287.69681302809,14287.69681302809,-14755.064255122603,-14755.064255122603,-14755.064255122603,0.0,0.0,0.0,69760.01703578202
2020-08-13,70254.20839189005,58692.61108210845,64643.285317153546,70254.20839189005,70254.20839189005,-8691.48869228048,-8691.48869228048,-8691.48869228048,6353.84111792049,6353.84111792049,6353.84111792049,-15045.329810200972,-15045.329810200972,-15045.329810200972,0.0,0.0,0.0,61562.719699609566
2020-08-14,70281.03230590359,45565.57728960946,51361.320230018886,70281.03230590359,70281.03230590359,-21688.921647041076,-21688.921647041076,-21688.921647041076,-6357.843660703661,-6357.843660703661,-6357.843660703661,-15331.077986337415,-15331.077986337415,-15331.077986337415,0.0,0.0,0.0,48592.11065886251
2020-08-15,70307.85621991711,37531.71374201357,43365.34644681039,70307.85621991711,70307.85621991711,-29866.218482570283,-29866.218482570283,-29866.218482570283,-14253.901407914762,-14253.901407914762,-14253.901407914762,-15612.317074655519,-15612.317074655519,-15612.317074655519,0.0,0.0,0.0,40441.63773734683
2020-08-16,70334.68013393065,40049.61257640635,45918.84707971279,70334.68013393065,70334.68013393065,-27349.759189885095,-27349.759189885095,-27349.759189885095,-11460.703720551192,-11460.703720551192,-11460.703720551192,-15889.055469333905,-15889.055469333905,-15889.055469333905,0.0,0.0,0.0,42984.92094404556
2020-08-17,70361.50404794417,51610.06494883262,57205.433922398,70361.50404794417,70361.50404794417,-16173.408811604744,-16173.408811604744,-16173.408811604744,-12.109897309416505,-12.109897309416505,-12.109897309416505,-16161.298914295325,-16161.298914295325,-16161.298914295325,0.0,0.0,0.0,54188.095236339424
2020-08-18,70388.32796195771,62440.770884282036,68379.04887868,70388.32796195771,70388.32796195771,-4986.027139306775,-4986.027139306775,-4986.027139306775,11443.02075558266,11443.02075558266,11443.02075558266,-16429.047894889434,-16429.047894889434,-16429.047894889434,0.0,0.0,0.0,65402.300822650934
2020-08-19,70415.15187597123,64981.77757484374,71053.66545648237,70415.15187597123,70415.15187597123,-2404.5984405046847,-2404.5984405046847,-2404.5984405046847,14287.69681302592,14287.69681302592,14287.69681302592,-16692.295253530603,-16692.295253530603,-16692.295253530603,0.0,0.0,0.0,68010.55343546654
2020-08-20,70441.97578998476,56897.43449351184,62805.97550294693,70441.97578998476,70441.97578998476,-10597.182983600089,-10597.182983600089,-10597.182983600089,6353.84111791184,6353.84111791184,6353.84111791184,-16951.02410151193,-16951.02410151193,-16951.02410151193,0.0,0.0,0.0,59844.79280638467
2020-08-21,70468.79970399829,43988.777319181725,49944.845854323095,70468.79970399829,70468.79970399829,-23563.04975104815,-23563.04975104815,-23563.04975104815,-6357.843660712419,-6357.843660712419,-6357.843660712419,-17205.206090335734,-17205.206090335734,-17205.206090335734,0.0,0.0,0.0,46905.74995295014
2020-08-22,70495.62361801181,35794.33749687409,41484.22921742905,70495.62361801181,70495.62361801181,-31708.701502942804,-31708.701502942804,-31708.701502942804,-14253.90140791693,-14253.90140791693,-14253.90140791693,-17454.800095025872,-17454.800095025872,-17454.800095025872,0.0,0.0,0.0,38786.922115069014
2020-08-23,70522.44753202534,38453.156294579574,44464.359806817265,70522.44753202534,70522.44753202534,-29160.455069991884,-29160.455069991884,-29160.455069991884,-11460.703720545178,-11460.703720545178,-11460.703720545178,-17699.751349446702,-17699.751349446702,-17699.751349446702,0.0,0.0,0.0,41361.99246203346
2020-08-24,70549.27144603887,49785.85475725624,55483.64030544824,70549.27144603887,70549.27144603887,-17952.100957294155,-17952.100957294155,-17952.100957294155,-12.109897353000767,-12.109897353000767,-12.109897353000767,-17939.991059941156,-17939.991059941156,-17939.991059941156,0.0,0.0,0.0,52597.17048874471
2020-08-25,70576.09536005241,60922.475169701465,66758.29463390299,70576.09536005241,70576.09536005241,-6732.415753463716,-6732.415753463716,-6732.415753463716,11443.020755588674,11443.020755588674,11443.020755588674,-18175.436509052386,-18175.436509052386,-18175.436509052386,0.0,0.0,0.0,63843.67960658869
2020-08-26,70602.91927406592,63607.9658232811,69542.36549580823,70602.91927406592,70602.91927406592,-4118.2948331197595,-4118.2948331197595,-4118.2948331197595,14287.696813023747,14287.696813023747,14287.696813023747,-18405.991646143506,-18405.991646143506,-18405.991646143506,0.0,0.0,0.0,66484.62444094617
2020-08-27,70629.74318807946,55078.19538930816,61196.576974303214,70629.74318807946,70629.74318807946,-12277.707028895498,-12277.707028895498,-12277.707028895498,6353.841117903072,6353.841117903072,6353.841117903072,-18631.54814679857,-18631.54814679857,-18631.54814679857,0.0,0.0,0.0,58352.03615918396
2020-08-28,70656.56710209299,42379.42845323402,48241.598721767536,70656.56710209299,70656.56710209299,-25209.830569211288,-25209.830569211288,-25209.830569211288,-6357.843660721085,-6357.843660721085,-6357.843660721085,-18851.986908490206,-18851.986908490206,-18851.986908490206,0.0,0.0,0.0,45446.736532881696
2020-08-29,70683.39101610653,34646.459258331575,40382.57311444406,70683.39101610653,70683.39101610653,-33321.08134438006,-33321.08134438006,-33321.08134438006,-14253.901407907222,-14253.901407907222,-14253.901407907222,-19067.179936472832,-19067.179936472832,-19067.179936472832,0.0,0.0,0.0,37362.30967172647
2020-08-30,70710.21493012004,36888.240412043546,42871.67451817246,70710.21493012004,70710.21493012004,-30737.696282255565,-30737.696282255565,-30737.696282255565,-11460.703720539168,-11460.703720539168,-11460.703720539168,-19276.992561716397,-19276.992561716397,-19276.992561716397,0.0,0.0,0.0,39972.518647864475
2020-08-31,70737.03884413358,48312.248083486294,54271.31741287584,70737.03884413358,70737.03884413358,-19493.395819582853,-19493.395819582853,-19493.395819582853,-12.109897343399265,-12.109897343399265,-12.109897343399265,-19481.285922239455,-19481.285922239455,-19481.285922239455,0.0,0.0,0.0,51243.64302455073
2020-09-01,70763.86275814711,59569.98238575213,65341.64934447247,70763.86275814711,70763.86275814711,-8236.898875197328,-8236.898875197328,-8236.898875197328,11443.020755594784,11443.020755594784,11443.020755594784,-19679.919630792112,-19679.919630792112,-19679.919630792112,0.0,0.0,0.0,62526.96388294978
2020-09-02,70790.68667216062,62265.60615107216,68033.48336675706,70790.68667216062,70790.68667216062,-5585.0577326896,-5585.0577326896,-5585.0577326896,14287.696813021637,14287.696813021637,14287.696813021637,-19872.75454571124,-19872.75454571124,-19872.75454571124,0.0,0.0,0.0,65205.62893947102
2020-09-03,70817.51058617416,54332.57145256839,59845.69796967857,70817.51058617416,70817.51058617416,-13705.8144402834,-13705.8144402834,-13705.8144402834,6353.841117894363,6353.841117894363,6353.841117894363,-20059.655558177765,-20059.655558177765,-20059.655558177765,0.0,0.0,0.0,57111.69614589076
2020-09-04,70844.33450018769,41342.748046795976,47299.909201334354,70844.33450018769,70844.33450018769,-26598.337968817083,-26598.337968817083,-26598.337968817083,-6357.843660729754,-6357.843660729754,-6357.843660729754,-20240.49430808733,-20240.49430808733,-20240.49430808733,0.0,0.0,0.0,44245.996531370605
2020-09-05,70871.15841420121,33180.93756713453,39253.90836650875,70871.15841420121,70871.15841420121,-34669.053150340726,-34669.053150340726,-34669.053150340726,-14253.901407909392,-14253.901407909392,-14253.901407909392,-20415.15174243134,-20415.15174243134,-20415.15174243134,0.0,0.0,0.0,36202.10526386049
2020-09-06,70897.98232821474,35959.3635006516,41696.871020218154,70897.98232821474,70897.98232821474,-32044.224154918757,-32044.224154918757,-32044.224154918757,-11460.703720533156,-11460.703720533156,-11460.703720533156,-20583.5204343856,-20583.5204343856,-20583.5204343856,0.0,0.0,0.0,38853.75817329598
2020-09-07,70924.80624222828,47172.186905049646,53186.289260733625,70924.80624222828,70924.80624222828,-20757.6164854609,-20757.6164854609,-20757.6164854609,-12.109897333699164,-12.109897333699164,-12.109897333699164,-20745.506588127202,-20745.506588127202,-20745.506588127202,0.0,0.0,0.0,50167.18975676738
2020-09-08,70951.6301562418,58639.15498161987,64251.42411322746,70951.6301562418,70951.6301562418,-9458.010907957945,-9458.010907957945,-9458.010907957945,11443.020755600794,11443.020755600794,11443.020755600794,-20901.03166355874,-20901.03166355874,-20901.03166355874,0.0,0.0,0.0,61493.61924828385
2020-09-09,70978.45407025533,61158.528894430514,67117.98386099038,70978.45407025533,70978.45407025533,-6762.336753299046,-6762.336753299046,-6762.336753299046,14287.696813031345,14287.696813031345,14287.696813031345,-21050.033566330392,-21050.033566330392,-21050.033566330392,0.0,0.0,0.0,64216.11731695629
2020-09-10,71005.27798426886,53210.31442930701,59114.76568481658,71005.27798426886,71005.27798426886,-14838.626243604882,-14838.626243604882,-14838.626243604882,6353.841117933692,6353.841117933692,6353.841117933692,-21192.467361538576,-21192.467361538576,-21192.467361538576,0.0,0.0,0.0,56166.651740663976
2020-09-11,71032.10189828239,40395.66725203918,46321.49703326842,71032.10189828239,71032.10189828239,-27686.14914453438,-27686.14914453438,-27686.14914453438,-6357.843660738513,-6357.843660738513,-6357.843660738513,-21328.30548379587,-21328.30548379587,-21328.30548379587,0.0,0.0,0.0,43345.952753748
2020-09-12,71058.92581229591,32378.69460906205,38279.14747793646,71058.92581229591,71058.92581229591,-35711.43883957075,-35711.43883957075,-35711.43883957075,-14253.901407911517,-14253.901407911517,-14253.901407911517,-21457.537431659228,-21457.537431659228,-21457.537431659228,0.0,0.0,0.0,35347.486972725164
2020-09-13,71085.74972630944,35159.59252906337,41069.49227368776,71085.74972630944,71085.74972630944,-33040.87267069824,-33040.87267069824,-33040.87267069824,-11460.703720527148,-11460.703720527148,-11460.703720527148,-21580.16895017109,-21580.16895017109,-21580.16895017109,0.0,0.0,0.0,38044.8770556112
2020-09-14,71112.57364032298,46648.09119958541,52373.03665775017,71112.57364032298,71112.57364032298,-21708.33061843943,-21708.33061843943,-21708.33061843943,-12.109897377315425,-12.109897377315425,-12.109897377315425,-21696.220721062116,-21696.220721062116,-21696.220721062116,0.0,0.0,0.0,49404.24302188355
2020-09-15,71139.3975543365,57899.572355342585,63450.21940519131,71139.3975543365,71139.3975543365,-10362.70583989821,-10362.70583989821,-10362.70583989821,11443.0207556068,11443.0207556068,11443.0207556068,-21805.72659550501,-21805.72659550501,-21805.72659550501,0.0,0.0,0.0,60776.69171443828
2020-09-16,71166.22146835004,60727.96224260808,66508.0941372979,71166.22146835004,71166.22146835004,-7621.034605694412,-7621.034605694412,-7621.034605694412,14287.696813029237,14287.696813029237,14287.696813029237,-21908.731418723648,-21908.731418723648,-21908.731418723648,0.0,0.0,0.0,63545.186862655624
2020-09-17,71193.04538236356,52501.86030754697,58517.612169347085,71193.04538236356,71193.04538236356,-15651.447390912022,-15651.447390912022,-15651.447390912022,6353.841117924983,6353.841117924983,6353.841117924983,-22005.288508837006,-22005.288508837006,-22005.288508837006,0.0,0.0,0.0,55541.59799145154
2020-09-18,71219.86929637709,39745.44614176649,45731.674171554354,71219.86929637709,71219.86929637709,-28453.300524353523,-28453.300524353523,-28453.300524353523,-6357.8436607471795,-6357.8436607471795,-6357.8436607471795,-22095.456863606345,-22095.456863606345,-22095.456863606345,0.0,0.0,0.0,42766.568772023566
2020-09-19,71246.69321039061,31768.4152751293,37910.37723218117,71246.69321039061,71246.69321039061,-36433.199585863455,-36433.199585863455,-36433.199585863455,-14253.901407913689,-14253.901407913689,-14253.901407913689,-22179.298177949768,-22179.298177949768,-22179.298177949768,0.0,0.0,0.0,34813.49362452716
2020-09-20,71273.51712440416,34538.52693106402,40360.76924300897,71273.51712440416,71273.51712440416,-33717.57748242037,-33717.57748242037,-33717.57748242037,-11460.70372055424,-11460.70372055424,-11460.70372055424,-22256.873761866125,-22256.873761866125,-22256.873761866125,0.0,0.0,0.0,37555.93964198379
2020-09-21,71300.34103841767,46034.23338575211,51770.32961083739,71300.34103841767,71300.34103841767,-22340.35134992898,-22340.35134992898,-22340.35134992898,-12.10989736761446,-12.10989736761446,-12.10989736761446,-22328.241452561364,-22328.241452561364,-22328.241452561364,0.0,0.0,0.0,48959.989688488684
2020-09-22,71327.1649524312,57447.60997935844,63495.37452390352,71327.1649524312,71327.1649524312,-10950.431860333001,-10950.431860333001,-10950.431860333001,11443.020755612913,11443.020755612913,11443.020755612913,-22393.452615945913,-22393.452615945913,-22393.452615945913,0.0,0.0,0.0,60376.73309209819
2020-09-23,71353.98886644474,60334.75903137666,66235.47752311452,71353.98886644474,71353.98886644474,-8164.85251817265,-8164.85251817265,-8164.85251817265,14287.696813027003,14287.696813027003,14287.696813027003,-22452.549331199654,-22452.549331199654,-22452.549331199654,0.0,0.0,0.0,63189.136348272084
2020-09-24,71380.81278045826,52399.50550420174,58267.37711462816,71380.81278045826,71380.81278045826,-16151.720729902754,-16151.720729902754,-16151.720729902754,6353.841117916274,6353.841117916274,6353.841117916274,-22505.561847819026,-22505.561847819026,-22505.561847819026,0.0,0.0,0.0,55229.09205055551
2020-09-25,71407.63669447179,39536.28417287791,45713.56763400383,71407.63669447179,71407.63669447179,-28910.35005825253,-28910.35005825253,-28910.35005825253,-6357.843660707966,-6357.843660707966,-6357.843660707966,-22552.506397544566,-22552.506397544566,-22552.506397544566,0.0,0.0,0.0,42497.28663621926
2020-09-26,71434.46060848531,31775.748464246797,37569.016640858266,71434.46060848531,71434.46060848531,-36847.28484194206,-36847.28484194206,-36847.28484194206,-14253.901407915857,-14253.901407915857,-14253.901407915857,-22593.383434026204,-22593.383434026204,-22593.383434026204,0.0,0.0,0.0,34587.17576654325
2020-09-27,71461.28452249886,34385.894221887895,40382.4345651788,71461.28452249886,71461.28452249886,-34088.88008181391,-34088.88008181391,-34088.88008181391,-11460.70372054823,-11460.70372054823,-11460.70372054823,-22628.17636126568,-22628.17636126568,-22628.17636126568,0.0,0.0,0.0,37372.40444068494
2020-09-28,71488.10843651237,45723.60790888399,51693.29501163185,71488.10843651237,71488.10843651237,-22668.960695472262,-22668.960695472262,-22668.960695472262,-12.109897357947228,-12.109897357947228,-12.109897357947228,-22656.850798114312,-22656.850798114312,-22656.850798114312,0.0,0.0,0.0,48819.147741040106
2020-09-29,71514.93235052591,57349.51428226666,63316.6771733741,71514.93235052591,71514.93235052591,-11236.333655168999,-11236.333655168999,-11236.333655168999,11443.02075561892,11443.02075561892,11443.02075561892,-22679.35441078792,-22679.35441078792,-22679.35441078792,0.0,0.0,0.0,60278.59869535691
2020-09-30,71541.75626453944,60185.70468132171,66255.91026141525,71541.75626453944,71541.75626453944,-8407.92051591298,-8407.92051591298,-8407.92051591298,14287.696813024897,14287.696813024897,14287.696813024897,-22695.61732893788,-22695.61732893788,-22695.61732893788,0.0,0.0,0.0,63133.83574862646
2020-10-01,71568.58017855296,52122.35757637407,58145.066389772415,71568.58017855296,71568.58017855296,-16351.712025840337,-16351.712025840337,-16351.712025840337,6353.8411179075665,6353.8411179075665,6353.8411179075665,-22705.553143747904,-22705.553143747904,-22705.553143747904,0.0,0.0,0.0,55216.868152712625
2020-10-02,71595.40409256649,39500.210271850854,45368.46850187325,71595.40409256649,71595.40409256649,-29066.904130042298,-29066.904130042298,-29066.904130042298,-6357.843660716632,-6357.843660716632,-6357.843660716632,-22709.060469325665,-22709.060469325665,-22709.060469325665,0.0,0.0,0.0,42528.49996252419
2020-10-03,71622.22800658002,31839.542952170053,37570.708502873415,71622.22800658002,71622.22800658002,-36959.926439737734,-36959.926439737734,-36959.926439737734,-14253.901407917983,-14253.901407917983,-14253.901407917983,-22706.025031819743,-22706.025031819743,-22706.025031819743,0.0,0.0,0.0,34662.30156684228
2020-10-04,71649.05192059356,34602.231403344755,40565.37213454922,71649.05192059356,71649.05192059356,-34157.02595526658,-34157.02595526658,-34157.02595526658,-11460.703720542211,-11460.703720542211,-11460.703720542211,-22696.322234724375,-22696.322234724375,-22696.322234724375,0.0,0.0,0.0,37492.025965326975
2020-10-05,71650.53070770146,46249.64448292076,51962.0613160492,71650.53070770146,71650.53070770146,-22691.930031555265,-22691.930031555265,-22691.930031555265,-12.109897348280859,-12.109897348280859,-12.109897348280859,-22679.820134206984,-22679.820134206984,-22679.820134206984,0.0,0.0,0.0,48958.60067614619
2020-10-06,71652.00949480935,57392.07206544983,63544.48269925158,71652.00949480935,71652.00949480935,-11213.361989865505,-11213.361989865505,-11213.361989865505,11443.020755591668,11443.020755591668,11443.020755591668,-22656.382745457173,-22656.382745457173,-22656.382745457173,0.0,0.0,0.0,60438.647504943845
2020-10-07,71653.48828191725,60530.68050132695,66279.28207873144,71653.48828191725,71653.48828191725,-8338.176777370689,-8338.176777370689,-8338.176777370689,14287.696813022789,14287.696813022789,14287.696813022789,-22625.873590393476,-22625.873590393476,-22625.873590393476,0.0,0.0,0.0,63315.31150454656
2020-10-08,71654.96706902514,52569.83910070271,58343.014080942376,71654.96706902514,71654.96706902514,-16234.318271019318,-16234.318271019318,-16234.318271019318,6353.841117898797,6353.841117898797,6353.841117898797,-22588.159388918113,-22588.159388918113,-22588.159388918113,0.0,0.0,0.0,55420.648798005815
2020-10-09,71656.44585613304,39605.22683648673,45809.38383975641,71656.44585613304,71656.44585613304,-28900.957451257706,-28900.957451257706,-28900.957451257706,-6357.843660725344,-6357.843660725344,-6357.843660725344,-22543.113790532363,-22543.113790532363,-22543.113790532363,0.0,0.0,0.0,42755.48840487533
2020-10-10,71657.92464324093,32020.96752057184,37676.146967006105,71657.92464324093,71657.92464324093,-36744.52244862242,-36744.52244862242,-36744.52244862242,-14253.901407920155,-14253.901407920155,-14253.901407920155,-22490.621040702263,-22490.621040702263,-22490.621040702263,0.0,0.0,0.0,34913.40219461851
2020-10-11,71659.40343034882,34963.59160112198,40986.71016458386,71659.40343034882,71659.40343034882,-33891.28319756139,-33891.28319756139,-33891.28319756139,-11460.70372056931,-11460.70372056931,-11460.70372056931,-22430.579476992072,-22430.579476992072,-22430.579476992072,0.0,0.0,0.0,37768.12023278743
2020-10-12,71660.88221745672,46484.2560437127,52336.45804628542,71660.88221745672,71660.88221745672,-22375.014651004025,-22375.014651004025,-22375.014651004025,-12.10989733861276,-12.10989733861276,-12.10989733861276,-22362.904753665414,-22362.904753665414,-22362.904753665414,0.0,0.0,0.0,49285.867566452696
2020-10-13,71662.3610045646,57944.272467094175,63875.89128738044,71662.3610045646,71662.3610045646,-10844.511944522008,-10844.511944522008,-10844.511944522008,11443.020755597676,11443.020755597676,11443.020755597676,-22287.532700119686,-22287.532700119686,-22287.532700119686,0.0,0.0,0.0,60817.8490600426
2020-10-14,71663.83979167251,60733.714861378954,66634.37131541448,71663.83979167251,71663.83979167251,-7916.724914947335,-7916.724914947335,-7916.724914947335,14287.69681303243,14287.69681303243,14287.69681303243,-22204.421727979763,-22204.421727979763,-22204.421727979763,0.0,0.0,0.0,63747.11487672517
2020-10-15,71665.31857878041,52955.23721856577,58868.91387553878,71665.31857878041,71665.31857878041,-15759.713595816836,-15759.713595816836,-15759.713595816836,6353.841117890148,6353.841117890148,6353.841117890148,-22113.55471370698,-22113.55471370698,-22113.55471370698,0.0,0.0,0.0,55905.604982963574
2020-10-16,71666.7973658883,40412.27547045159,46143.86812232747,71666.7973658883,71666.7973658883,-28372.78395855863,-28372.78395855863,-28372.78395855863,-6357.843660734055,-6357.843660734055,-6357.843660734055,-22014.94029782457,-22014.94029782457,-22014.94029782457,0.0,0.0,0.0,43294.013407329665
2020-10-17,71668.2761529962,32566.35274444753,38489.6156628149,71668.2761529962,71668.2761529962,-36162.514965851886,-36162.514965851886,-36162.514965851886,-14253.901407910442,-14253.901407910442,-14253.901407910442,-21908.613557941437,-21908.613557941437,-21908.613557941437,0.0,0.0,0.0,35505.761187144315
2020-10-18,71669.75494010409,35453.912149841824,41389.50470588582,71669.75494010409,71669.75494010409,-33255.33975077718,-33255.33975077718,-33255.33975077718,-11460.703720563295,-11460.703720563295,-11460.703720563295,-21794.636030213886,-21794.636030213886,-21794.636030213886,0.0,0.0,0.0,38414.41518932691
2020-10-19,71671.23372721199,46876.57678584736,52843.776898520526,71671.23372721199,71671.23372721199,-21685.204969552018,-21685.204969552018,-21685.204969552018,-12.109897328912663,-12.109897328912663,-12.109897328912663,-21673.095072223106,-21673.095072223106,-21673.095072223106,0.0,0.0,0.0,49986.02875765997
2020-10-20,71672.71251431988,58569.16294291184,64512.78024747995,71672.71251431988,71672.71251431988,-10101.081823348943,-10101.081823348943,-10101.081823348943,11443.020755603737,11443.020755603737,11443.020755603737,-21544.10257895268,-21544.10257895268,-21544.10257895268,0.0,0.0,0.0,61571.63069097094
2020-10-21,71674.19130142778,61582.943267514696,67377.23238408857,71674.19130142778,71674.19130142778,-7120.096269025201,-7120.096269025201,-7120.096269025201,14287.696813030323,14287.696813030323,14287.696813030323,-21407.793082055527,-21407.793082055527,-21407.793082055527,0.0,0.0,0.0,64554.09503240258
2020-10-22,71675.67008853568,53688.58746414709,59541.17069238911,71675.67008853568,71675.67008853568,-14910.480162483494,-14910.480162483494,-14910.480162483494,6353.841117929418,6353.841117929418,6353.841117929418,-21264.32128041291,-21264.32128041291,-21264.32128041291,0.0,0.0,0.0,56765.18992605219
2020-10-23,71677.14887564357,41258.98479369258,47102.25107352673,71677.14887564357,71677.14887564357,-27471.70272728613,-27471.70272728613,-27471.70272728613,-6357.843660742771,-6357.843660742771,-6357.843660742771,-21113.85906654336,-21113.85906654336,-21113.85906654336,0.0,0.0,0.0,44205.44614835744
2020-10-24,71678.62766275147,33495.772753236975,39324.28502739267,71678.62766275147,71678.62766275147,-35210.49353617083,-35210.49353617083,-35210.49353617083,-14253.90140791259,-14253.90140791259,-14253.90140791259,-20956.59212825824,-20956.59212825824,-20956.59212825824,0.0,0.0,0.0,36468.13412658065
2020-10-25,71680.10644985936,36538.4894977201,42797.558527234636,71680.10644985936,71680.10644985936,-32253.419938185587,-32253.419938185587,-32253.419938185587,-11460.703720557292,-11460.703720557292,-11460.703720557292,-20792.716217628302,-20792.716217628302,-20792.716217628302,0.0,0.0,0.0,39426.686511673775
2020-10-26,71681.58523696726,48276.1307427085,54073.812697053,71681.58523696726,71681.58523696726,-20634.54308677641,-20634.54308677641,-20634.54308677641,-12.10989731927743,-12.10989731927743,-12.10989731927743,-20622.433189457133,-20622.433189457133,-20622.433189457133,0.0,0.0,0.0,51047.04215019086
2020-10-27,71683.06402407517,59888.42232898346,65826.71611943745,71683.06402407517,71683.06402407517,-9002.926163094971,-9002.926163094971,-9002.926163094971,11443.020755609798,11443.020755609798,11443.020755609798,-20445.94691870477,-20445.94691870477,-20445.94691870477,0.0,0.0,0.0,62680.1378609802
2020-10-28,71684.54281118306,62873.08693737523,68505.35436046937,71684.54281118306,71684.54281118306,-5975.762397471528,-5975.762397471528,-5975.762397471528,14287.696813028093,14287.696813028093,14287.696813028093,-20263.45921049962,-20263.45921049962,-20263.45921049962,0.0,0.0,0.0,65708.78041371153
2020-10-29,71686.02159829096,54962.00195170005,60906.027226920436,71686.02159829096,71686.02159829096,-13721.324699393836,-13721.324699393836,-13721.324699393836,6353.841117920708,6353.841117920708,6353.841117920708,-20075.165817314544,-20075.165817314544,-20075.165817314544,0.0,0.0,0.0,57964.69689889712
2020-10-30,71687.50038539883,42310.968670658105,48435.653353381065,71687.50038539883,71687.50038539883,-26239.09633630917,-26239.09633630917,-26239.09633630917,-6357.8436607514395,-6357.8436607514395,-6357.8436607514395,-19881.25267555773,-19881.25267555773,-19881.25267555773,0.0,0.0,0.0,45448.40404908966
2020-10-31,71688.97917250673,34882.01461774944,40541.46626949295,71688.97917250673,71688.97917250673,-33935.793876181786,-33935.793876181786,-33935.793876181786,-14253.901407914742,-14253.901407914742,-14253.901407914742,-19681.89246826704,-19681.89246826704,-19681.89246826704,0.0,0.0,0.0,37753.18529632495
2020-11-01,71690.45795961464,37667.197361079576,43622.076557397704,71690.45795961464,71690.45795961464,-30937.94533248853,-30937.94533248853,-30937.94533248853,-11460.703720551286,-11460.703720551286,-11460.703720551286,-19477.241611937246,-19477.241611937246,-19477.241611937246,0.0,0.0,0.0,40752.51262712611
2020-11-02,71691.93674672252,49537.64517812525,55363.86661357077,71691.93674672252,71691.93674672252,-19279.547651366232,-19279.547651366232,-19279.547651366232,-12.109897362860822,-12.109897362860822,-12.109897362860822,-19267.437754003367,-19267.437754003367,-19267.437754003367,0.0,0.0,0.0,52412.389095356295
2020-11-03,71693.41553383043,61034.42031875594,67123.97873668549,71693.41553383043,71693.41553383043,-7609.577097792507,-7609.577097792507,-7609.577097792507,11443.02075561586,11443.02075561586,11443.02075561586,-19052.597853408366,-19052.597853408366,-19052.597853408366,0.0,0.0,0.0,64083.83843603792
2020-11-04,71694.89432093831,64261.176486697725,70508.22665650053,71694.89432093831,71694.89432093831,-4545.1200874518845,-4545.1200874518845,-4545.1200874518845,14287.696813025981,14287.696813025981,14287.696813025981,-18832.816900477865,-18832.816900477865,-18832.816900477865,0.0,0.0,0.0,67149.77423348643
2020-11-05,71696.37310804622,56593.54903057436,62266.7340979006,71696.37310804622,71696.37310804622,-12254.326196434284,-12254.326196434284,-12254.326196434284,6353.84111791194,6353.84111791194,6353.84111791194,-18608.167314346225,-18608.167314346225,-18608.167314346225,0.0,0.0,0.0,59442.046911611935
2020-11-06,71697.8518951541,44064.00118741509,49873.07222732871,71697.8518951541,71697.8518951541,-24736.542697834037,-24736.542697834037,-24736.542697834037,-6357.843660760196,-6357.843660760196,-6357.843660760196,-18378.699037073842,-18378.699037073842,-18378.699037073842,0.0,0.0,0.0,46961.309197320064
2020-11-07,71699.330682262,36495.51835451059,42416.37505764652,71699.330682262,71699.330682262,-32398.341731638237,-32398.341731638237,-32398.341731638237,-14253.901407905034,-14253.901407905034,-14253.901407905034,-18144.440323733204,-18144.440323733204,-18144.440323733204,0.0,0.0,0.0,39300.98895062377
2020-11-08,71700.80946936991,39462.16483579847,45295.740631383975,71700.80946936991,71700.80946936991,-29366.102928412383,-29366.102928412383,-29366.102928412383,-11460.703720545265,-11460.703720545265,-11460.703720545265,-17905.399207867118,-17905.399207867118,-17905.399207867118,0.0,0.0,0.0,42334.70654095753
2020-11-09,71702.2882564778,51130.4704780308,56867.56412752166,71702.2882564778,71702.2882564778,-17673.675499634588,-17673.675499634588,-17673.675499634588,-12.109897353193587,-12.109897353193587,-12.109897353193587,-17661.565602281396,-17661.565602281396,-17661.565602281396,0.0,0.0,0.0,54028.61275684321
2020-11-10,71703.7670435857,62781.40365921203,68865.47067959046,71703.7670435857,71703.7670435857,-5969.893221121879,-5969.893221121879,-5969.893221121879,11443.020755588608,11443.020755588608,11443.020755588608,-17412.913976710486,-17412.913976710486,-17412.913976710486,0.0,0.0,0.0,65733.87382246382
2020-11-11,71705.24583069359,66106.50937675488,71779.78822246754,71705.24583069359,71705.24583069359,-2871.7097240608355,-2871.7097240608355,-2871.7097240608355,14287.696813023813,14287.696813023813,14287.696813023813,-17159.406537084647,-17159.406537084647,-17159.406537084647,0.0,0.0,0.0,68833.53610663275
2020-11-12,71706.72461780149,58204.86062102234,64074.31985620443,71706.72461780149,71706.72461780149,-10547.155698430559,-10547.155698430559,-10547.155698430559,6353.841117903172,6353.841117903172,6353.841117903172,-16900.99681633373,-16900.99681633373,-16900.99681633373,0.0,0.0,0.0,61159.56891937093
2020-11-13,71708.20340490939,45903.931209108174,51826.70055216519,71708.20340490939,71708.20340490939,-22995.477235105656,-22995.477235105656,-22995.477235105656,-6357.843660720934,-6357.843660720934,-6357.843660720934,-16637.633574384723,-16637.633574384723,-16637.633574384723,0.0,0.0,0.0,48712.72616980373
2020-11-14,71709.68219201728,38230.54461669845,44037.48771310737,71709.68219201728,71709.68219201728,-30623.166303493283,-30623.166303493283,-30623.166303493283,-14253.90140790718,-14253.90140790718,-14253.90140790718,-16369.264895586102,-16369.264895586102,-16369.264895586102,0.0,0.0,0.0,41086.515888523994
2020-11-15,71711.16097912518,41206.38188638476,46937.65299351359,71711.16097912518,71711.16097912518,-27556.5460860473,-27556.5460860473,-27556.5460860473,-11460.703720539259,-11460.703720539259,-11460.703720539259,-16095.842365508037,-16095.842365508037,-16095.842365508037,0.0,0.0,0.0,44154.61489307789
2020-11-16,71712.63976623307,52865.333247344235,58942.930954226555,71712.63976623307,71712.63976623307,-15829.435103492919,-15829.435103492919,-15829.435103492919,-12.10989734349349,-12.10989734349349,-12.10989734349349,-15817.325206149424,-15817.325206149424,-15817.325206149424,0.0,0.0,0.0,55883.20466274015
2020-11-17,71714.11855334097,64833.6572443833,70375.54070888452,71714.11855334097,71714.11855334097,-4090.6634934656463,-4090.6634934656463,-4090.6634934656463,11443.020755594667,11443.020755594667,11443.020755594667,-15533.684249060314,-15533.684249060314,-15533.684249060314,0.0,0.0,0.0,67623.45505987533
2020-11-18,71715.59734044886,67789.26694899575,73535.56864423431,71715.59734044886,71715.59734044886,-957.2088168428303,-957.2088168428303,-957.2088168428303,14287.696813033517,14287.696813033517,14287.696813033517,-15244.905629876348,-15244.905629876348,-15244.905629876348,0.0,0.0,0.0,70758.38852360603
2020-11-19,71717.07612755675,60103.598052964,66345.77238440201,71717.07612755675,71717.07612755675,-8597.152977158854,-8597.152977158854,-8597.152977158854,6353.8411178945225,6353.8411178945225,6353.8411178945225,-14950.994095053378,-14950.994095053378,-14950.994095053378,0.0,0.0,0.0,63119.923150397895
2020-11-20,71718.55491466465,47902.752837560896,53754.17465445319,71718.55491466465,71718.55491466465,-21009.81948279986,-21009.81948279986,-21009.81948279986,-6357.84366072965,-6357.84366072965,-6357.84366072965,-14651.975822070208,-14651.975822070208,-14651.975822070208,0.0,0.0,0.0,50708.73543186479
2020-11-21,71720.03370177254,39870.85945275894,45915.49294016328,71720.03370177254,71720.03370177254,-28601.802075628337,-28601.802075628337,-28601.802075628337,-14253.90140790935,-14253.90140790935,-14253.90140790935,-14347.900667718985,-14347.900667718985,-14347.900667718985,0.0,0.0,0.0,43118.2316261442
2020-11-22,71721.51248888044,43332.13433001622,49345.054183397486,71721.51248888044,71721.51248888044,-25499.547495495448,-25499.547495495448,-25499.547495495448,-11460.703720533249,-11460.703720533249,-11460.703720533249,-14038.843774962197,-14038.843774962197,-14038.843774962197,0.0,0.0,0.0,46221.964993384994
2020-11-23,71722.99127598833,55148.012994454366,60931.903665831225,71722.99127598833,71722.99127598833,-13737.016384127028,-13737.016384127028,-13737.016384127028,-12.109897333792528,-12.109897333792528,-12.109897333792528,-13724.906486793236,-13724.906486793236,-13724.906486793236,0.0,0.0,0.0,57985.974891861304
2020-11-24,71724.47006309623,66568.18529776487,72881.28140791738,71724.47006309623,71724.47006309623,-1963.1957794198784,-1963.1957794198784,-1963.1957794198784,11443.020755600677,11443.020755600677,11443.020755600677,-13406.216535020556,-13406.216535020556,-13406.216535020556,0.0,0.0,0.0,69761.27428367635
2020-11-25,71725.94885020413,69928.23921167615,76064.04484615501,71725.94885020413,71725.94885020413,1204.7693205973333,1204.7693205973333,1204.7693205973333,14287.696813031345,14287.696813031345,14287.696813031345,-13082.927492434013,-13082.927492434013,-13082.927492434013,0.0,0.0,0.0,72930.71817080147
2020-11-26,71727.42763731202,62414.316057229094,68529.92458410384,71727.42763731202,71727.42763731202,-6401.376379937946,-6401.376379937946,-6401.376379937946,6353.841117885753,6353.841117885753,6353.841117885753,-12755.217497823698,-12755.217497823698,-12755.217497823698,0.0,0.0,0.0,65326.05125737408
2020-11-27,71728.90642441993,50087.792854678264,55880.98470373084,71728.90642441993,71728.90642441993,-18781.130944816767,-18781.130944816767,-18781.130944816767,-6357.84366073836,-6357.84366073836,-6357.84366073836,-12423.287284078408,-12423.287284078408,-12423.287284078408,0.0,0.0,0.0,52947.77547960316
2020-11-28,71730.38521152781,42333.41280040476,48188.98299531163,71730.38521152781,71730.38521152781,-26341.25896762496,-26341.25896762496,-26341.25896762496,-14253.901407911499,-14253.901407911499,-14253.901407911499,-12087.35755971346,-12087.35755971346,-12087.35755971346,0.0,0.0,0.0,45389.12624390285
2020-11-29,71731.86399863572,45495.44352827384,51735.22389138692,71731.86399863572,71731.86399863572,-23208.36953348291,-23208.36953348291,-23208.36953348291,-11460.703720560341,-11460.703720560341,-11460.703720560341,-11747.665812922569,-11747.665812922569,-11747.665812922569,0.0,0.0,0.0,48523.494465152806
2020-11-30,71733.3427857436,57479.098631353154,63124.565441016486,71733.3427857436,71733.3427857436,-11416.572521428916,-11416.572521428916,-11416.572521428916,-12.109897324159023,-12.109897324159023,-12.109897324159023,-11404.462624104755,-11404.462624104755,-11404.462624104755,0.0,0.0,0.0,60316.77026431469
2020-12-01,71734.8215728515,69144.85607100418,74879.16606139536,71734.8215728515,71734.8215728515,385.0131682086391,385.0131682086391,385.0131682086391,11443.020755606789,11443.020755606789,11443.020755606789,-11058.00758739815,-11058.00758739815,-11058.00758739815,0.0,0.0,0.0,72119.83474106014
2020-12-02,71736.30030897363,72148.1753836047,78457.09761151142,71736.30030897363,71736.30030897363,3579.1318595721245,3579.1318595721245,3579.1318595721245,14287.696813029237,14287.696813029237,14287.696813029237,-10708.564953457115,-10708.564953457115,-10708.564953457115,0.0,0.0,0.0,75315.43216854575
2020-12-03,71737.77904509577,64818.411462474374,70807.03197859503,71737.77904509577,71737.77904509577,-4002.5579965353627,-4002.5579965353627,-4002.5579965353627,6353.841117877045,6353.841117877045,6353.841117877045,-10356.399114412408,-10356.399114412408,-10356.399114412408,0.0,0.0,0.0,67735.2210485604
2020-12-04,71739.25778121791,52556.53756652147,58324.59560121765,71739.25778121791,71739.25778121791,-16359.613717825769,-16359.613717825769,-16359.613717825769,-6357.843660699145,-6357.843660699145,-6357.843660699145,-10001.77005712662,-10001.77005712662,-10001.77005712662,0.0,0.0,0.0,55379.64406339214
2020-12-05,71740.73651734003,44837.20834512246,50883.380159120105,71740.73651734003,71740.73651734003,-23898.830320526205,-23898.830320526205,-23898.830320526205,-14253.901407913667,-14253.901407913667,-14253.901407913667,-9644.92891261254,-9644.92891261254,-9644.92891261254,0.0,0.0,0.0,47841.90619681383
2020-12-06,71742.21525346217,48135.06320248534,54130.145389796526,71742.21525346217,71742.21525346217,-20746.81744811752,-20746.81744811752,-20746.81744811752,-11460.703720554327,-11460.703720554327,-11460.703720554327,-9286.113727563194,-9286.113727563194,-9286.113727563194,0.0,0.0,0.0,50995.39780534465
2020-12-07,71743.69398958431,59682.39915360098,65771.26138374982,71743.69398958431,71743.69398958431,-8937.655475801426,-8937.655475801426,-8937.655475801426,-12.109897367807283,-12.109897367807283,-12.109897367807283,-8925.545578433619,-8925.545578433619,-8925.545578433619,0.0,0.0,0.0,62806.038513782885
2020-12-08,71745.17272570645,71769.26199943591,77713.37047127573,71745.17272570645,71745.17272570645,2879.595616013326,2879.595616013326,2879.595616013326,11443.020755612797,11443.020755612797,11443.020755612797,-8563.425139599472,-8563.425139599472,-8563.425139599472,0.0,0.0,0.0,74624.76834171977
2020-12-09,71746.65146182859,74794.17789901563,80772.9649154388,71746.65146182859,71746.65146182859,6087.767007986516,6087.767007986516,6087.767007986516,14287.696813027069,14287.696813027069,14287.696813027069,-8199.929805040554,-8199.929805040554,-8199.929805040554,0.0,0.0,0.0,77834.41846981511
2020-12-10,71748.13019795073,67346.42283622941,73328.95051638411,71748.13019795073,71748.13019795073,-1481.370330019488,-1481.370330019488,-1481.370330019488,6353.841117916375,6353.841117916375,6353.841117916375,-7835.211447935862,-7835.211447935862,-7835.211447935862,0.0,0.0,0.0,70266.75986793124
2020-12-11,71749.60893407285,55021.379698273406,60872.02866153948,71749.60893407285,71749.60893407285,-13827.238545886688,-13827.238545886688,-13827.238545886688,-6357.843660707856,-6357.843660707856,-6357.843660707856,-7469.394885178831,-7469.394885178831,-7469.394885178831,0.0,0.0,0.0,57922.37038818616
2020-12-12,71751.08767019499,47617.94153724643,53502.2271273131,71751.08767019499,71751.08767019499,-21356.478502278587,-21356.478502278587,-21356.478502278587,-14253.901407915793,-14253.901407915793,-14253.901407915793,-7102.577094362793,-7102.577094362793,-7102.577094362793,0.0,0.0,0.0,50394.6091679164
2020-12-13,71752.56640631713,50699.72278366675,56353.82693110071,71752.56640631713,71752.56640631713,-18195.53093051732,-18195.53093051732,-18195.53093051732,-11460.703720548321,-11460.703720548321,-11460.703720548321,-6734.827209969001,-6734.827209969001,-6734.827209969001,0.0,0.0,0.0,53557.03547579981
2020-12-14,71754.04514243925,62670.51024204269,68636.53389044445,71754.04514243925,71754.04514243925,-6378.297201112016,-6378.297201112016,-6378.297201112016,-12.109897358107185,-12.109897358107185,-12.109897358107185,-6366.18730375391,-6366.18730375391,-6366.18730375391,0.0,0.0,0.0,65375.74794132724
2020-12-15,71755.52387856139,74620.7587052725,80398.26385467325,71755.52387856139,71755.52387856139,5446.346823188624,5446.346823188624,5446.346823188624,11443.020755585545,11443.020755585545,11443.020755585545,-5996.67393239692,-5996.67393239692,-5996.67393239692,0.0,0.0,0.0,77201.87070175001
2020-12-16,71757.00261468353,77475.9547627447,83368.84931613517,71757.00261468353,71757.00261468353,8661.416399081432,8661.416399081432,8661.416399081432,14287.696813024957,14287.696813024957,14287.696813024957,-5626.280413943524,-5626.280413943524,-5626.280413943524,0.0,0.0,0.0,80418.41901376496
2020-12-17,71758.48135080565,69947.76225415613,75826.30480249473,71758.48135080565,71758.48135080565,1098.86134399045,1098.86134399045,1098.86134399045,6353.841117907665,6353.841117907665,6353.841117907665,-5254.979773917215,-5254.979773917215,-5254.979773917215,0.0,0.0,0.0,72857.3426947961
2020-12-18,71759.9600869278,57849.12539382274,63676.65198744072,71759.9600869278,71759.9600869278,-11240.571943740202,-11240.571943740202,-11240.571943740202,-6357.843660716571,-6357.843660716571,-6357.843660716571,-4882.728283023629,-4882.728283023629,-4882.728283023629,0.0,0.0,0.0,60519.38814318759
2020-12-19,71761.43882304995,50056.12621695985,55880.517995621434,71761.43882304995,71761.43882304995,-18763.370899333226,-18763.370899333226,-18763.370899333226,-14253.901407917961,-14253.901407917961,-14253.901407917961,-4509.469491415266,-4509.469491415266,-4509.469491415266,0.0,0.0,0.0,52998.06792371672
2020-12-20,71762.91755917207,53438.46812500179,59048.93360977103,71762.91755917207,71762.91755917207,-15595.842370749358,-15595.842370749358,-15595.842370749358,-11460.70372054231,-11460.70372054231,-11460.70372054231,-4135.138650207051,-4135.138650207051,-4135.138650207051,0.0,0.0,0.0,56167.075188422714
2020-12-21,71764.39629529421,64967.047044092455,70733.57352144025,71764.39629529421,71764.39629529421,-3771.777296890024,-3771.777296890024,-3771.777296890024,-12.109897348407952,-12.109897348407952,-12.109897348407952,-3759.6673995416163,-3759.6673995416163,-3759.6673995416163,0.0,0.0,0.0,67992.61899840418
2020-12-22,71765.87503141635,76745.97058983326,82741.18297349475,71765.87503141635,71765.87503141635,8060.032161006523,8060.032161006523,8060.032161006523,11443.020755591606,11443.020755591606,11443.020755591606,-3382.9885945850824,-3382.9885945850824,-3382.9885945850824,0.0,0.0,0.0,79825.90719242288
2020-12-23,71767.35376753847,80204.21103544135,85993.2639999291,71767.35376753847,71767.35376753847,11282.655676666274,11282.655676666274,11282.655676666274,14287.696813022727,14287.696813022727,14287.696813022727,-3005.041136356453,-3005.041136356453,-3005.041136356453,0.0,0.0,0.0,83050.00944420474
2020-12-24,71768.83250366061,72593.42056946213,78635.27590773207,71768.83250366061,71768.83250366061,3728.0664443519227,3728.0664443519227,3728.0664443519227,6353.841117898956,6353.841117898956,6353.841117898956,-2625.774673547034,-2625.774673547034,-2625.774673547034,0.0,0.0,0.0,75496.89894801253
2020-12-25,71770.31123978274,60351.10348486385,66055.4594857602,71770.31123978274,71770.31123978274,-8602.997705222779,-8602.997705222779,-8602.997705222779,-6357.843660725237,-6357.843660725237,-6357.843660725237,-2245.1540444975394,-2245.1540444975394,-2245.1540444975394,0.0,0.0,0.0,63167.31353455996
2020-12-26,71771.78997590487,52713.52910590016,58628.35667607085,71771.78997590487,71771.78997590487,-16117.064743049683,-16117.064743049683,-16117.064743049683,-14253.901407908254,-14253.901407908254,-14253.901407908254,-1863.1633351414334,-1863.1633351414334,-1863.1633351414334,0.0,0.0,0.0,55654.72523285519
2020-12-27,71773.26871202701,55852.962840635315,61869.002407559026,71773.26871202701,71773.26871202701,-12940.513159347885,-12940.513159347885,-12940.513159347885,-11460.703720536305,-11460.703720536305,-11460.703720536305,-1479.8094388115815,-1479.8094388115815,-1479.8094388115815,0.0,0.0,0.0,58832.755552679126
2020-12-28,71774.74744814914,67631.91013783825,73600.93361439298,71774.74744814914,71774.74744814914,-1107.234914480325,-1107.234914480325,-1107.234914480325,-12.109897338738989,-12.109897338738989,-12.109897338738989,-1095.125017141586,-1095.125017141586,-1095.125017141586,0.0,0.0,0.0,70667.5125336688
2020-12-29,71776.22618427129,79517.43802920467,85432.3728203644,71776.22618427129,71776.22618427129,10733.849978141683,10733.849978141683,10733.849978141683,11443.020755597667,11443.020755597667,11443.020755597667,-709.170777455982,-709.170777455982,-709.170777455982,0.0,0.0,0.0,82510.07616241297
2020-12-30,71777.70492039343,82976.95840849285,88872.5419459149,71777.70492039343,71777.70492039343,13965.659812441505,13965.659812441505,13965.659812441505,14287.696813020615,14287.696813020615,14287.696813020615,-322.03700057911027,-322.03700057911027,-322.03700057911027,0.0,0.0,0.0,85743.36473283493
2020-12-31,71779.18365651555,74979.27001184465,81269.28624320641,71779.18365651555,71779.18365651555,6419.996844540148,6419.996844540148,6419.996844540148,6353.841117938286,6353.841117938286,6353.841117938286,66.1557266018628,66.1557266018628,66.1557266018628,0.0,0.0,0.0,78199.1805010557
2021-01-01,71780.66239263769,62904.75378849689,68739.54565601391,71780.66239263769,71780.66239263769,-5902.587063010665,-5902.587063010665,-5902.587063010665,-6357.843660733906,-6357.843660733906,-6357.843660733906,455.25659772324144,455.25659772324144,455.25659772324144,0.0,0.0,0.0,65878.07532962703
2021-01-02,71782.14112875983,55525.14680775251,61229.97767936929,71782.14112875983,71782.14112875983,-13408.815913782331,-13408.815913782331,-13408.815913782331,-14253.901407910402,-14253.901407910402,-14253.901407910402,845.0854941280693,845.0854941280693,845.0854941280693,0.0,0.0,0.0,58373.3252149775
2021-01-03,71783.61986488196,58551.2320658889,64425.053949498506,71783.61986488196,71783.61986488196,-10225.269028902894,-10225.269028902894,-10225.269028902894,-11460.703720530286,-11460.703720530286,-11460.703720530286,1235.43469162739,1235.43469162739,1235.43469162739,0.0,0.0,0.0,61558.35083597906
2021-01-04,71785.0986010041,70684.06453254815,76480.9841775051,71785.0986010041,71785.0986010041,1613.961426413334,1613.961426413334,1613.961426413334,-12.10989732907262,-12.10989732907262,-12.10989732907262,1626.0713237424068,1626.0713237424068,1626.0713237424068,0.0,0.0,0.0,73399.06002741742
2021-01-05,71786.57733712623,82373.51757902373,88065.4414911905,71786.57733712623,71786.57733712623,13459.761293181185,13459.761293181185,13459.761293181185,11443.020755603675,11443.020755603675,11443.020755603675,2016.7405375775095,2016.7405375775095,2016.7405375775095,0.0,0.0,0.0,85246.33863030742
2021-01-06,71788.05607324836,85450.6149323244,91592.40674664151,71788.05607324836,71788.05607324836,16694.866072341938,16694.866072341938,16694.866072341938,14287.696813030321,14287.696813030321,14287.696813030321,2407.169259311615,2407.169259311615,2407.169259311615,0.0,0.0,0.0,88482.9221455903
2021-01-07,71789.5348093705,78131.96786650392,84064.2250341471,71789.5348093705,71789.5348093705,9150.911587446006,9150.911587446006,9150.911587446006,6353.841117929516,6353.841117929516,6353.841117929516,2797.070469516488,2797.070469516488,2797.070469516488,0.0,0.0,0.0,80940.44639681651
2021-01-08,71791.01354549263,65451.97394952988,71542.41498522683,71791.01354549263,71791.01354549263,-3171.695786365814,-3171.695786365814,-3171.695786365814,-6357.843660742619,-6357.843660742619,-6357.843660742619,3186.147874376806,3186.147874376806,3186.147874376806,0.0,0.0,0.0,68619.31775912682
2021-01-09,71792.49228161477,58077.545789492324,64364.350846415364,71792.49228161477,71792.49228161477,-10679.800560004467,-10679.800560004467,-10679.800560004467,-14253.901407912548,-14253.901407912548,-14253.901407912548,3574.100847908081,3574.100847908081,3574.100847908081,0.0,0.0,0.0,61112.6917216103
2021-01-10,71793.97101773691,61503.9444618619,67211.22783600383,71793.97101773691,71793.97101773691,-7500.074207763886,-7500.074207763886,-7500.074207763886,-11460.703720557378,-11460.703720557378,-11460.703720557378,3960.6295127934923,3960.6295127934923,3960.6295127934923,0.0,0.0,0.0,64293.89680997303
2021-01-11,71795.44975385905,73287.79276725822,79125.62217643764,71795.44975385905,71795.44975385905,4333.329926113658,4333.329926113658,4333.329926113658,-12.109897372688016,-12.109897372688016,-12.109897372688016,4345.439823486346,4345.439823486346,4345.439823486346,0.0,0.0,0.0,76128.77967997271
2021-01-12,71796.92848998118,85027.37685482918,91124.05330148214,71796.92848998118,71796.92848998118,16171.26927073489,16171.26927073489,16171.26927073489,11443.020755609681,11443.020755609681,11443.020755609681,4728.248515125209,4728.248515125209,4728.248515125209,0.0,0.0,0.0,87968.19776071607
2021-01-13,71798.40722610331,88118.9058770622,94043.50960096135,71798.40722610331,71798.40722610331,19396.484598453415,19396.484598453415,19396.484598453415,14287.696813028155,14287.696813028155,14287.696813028155,5108.787785425259,5108.787785425259,5108.787785425259,0.0,0.0,0.0,91194.89182455673
2021-01-14,71799.88596222545,80769.29018238574,86620.14555466377,71799.88596222545,71799.88596222545,11840.650701854194,11840.650701854194,11840.650701854194,6353.841117920868,6353.841117920868,6353.841117920868,5486.809583933324,5486.809583933324,5486.809583933324,0.0,0.0,0.0,83640.53666407964
2021-01-15,71801.36469834758,68247.24164589967,74102.96189932465,71801.36469834758,71801.36469834758,-495.75426698544476,-495.75426698544476,-495.75426698544476,-6357.843660751332,-6357.843660751332,-6357.843660751332,5862.089393765887,5862.089393765887,5862.089393765887,0.0,0.0,0.0,71305.61043136213
2021-01-16,71802.84343446972,60928.12113903983,66597.81729559567,71802.84343446972,71802.84343446972,-8019.472003121463,-8019.472003121463,-8019.472003121463,-14253.901407914718,-14253.901407914718,-14253.901407914718,6234.429404793255,6234.429404793255,6234.429404793255,0.0,0.0,0.0,63783.371431348256
2021-01-17,71804.32217059185,63943.21458383085,69756.39047948687,71804.32217059185,71804.32217059185,-4857.042726703308,-4857.042726703308,-4857.042726703308,-11460.703720551364,-11460.703720551364,-11460.703720551364,6603.660993848057,6603.660993848057,6603.660993848057,0.0,0.0,0.0,66947.27944388855
2021-01-18,71805.80090671398,75793.09500285922,81652.43969494346,71805.80090671398,71805.80090671398,6957.53654909433,6957.53654909433,6957.53654909433,-12.109897362987915,-12.109897362987915,-12.109897362987915,6969.646446457319,6969.646446457319,6969.646446457319,0.0,0.0,0.0,78763.33745580832
2021-01-19,71807.27964283613,87458.71751477488,93433.524256761,71807.27964283613,71807.27964283613,18775.30063087064,18775.30063087064,18775.30063087064,11443.020755615744,11443.020755615744,11443.020755615744,7332.279875254897,7332.279875254897,7332.279875254897,0.0,0.0,0.0,90582.58027370677
2021-01-20,71808.75837895827,90811.02995740088,96724.01177087723,71808.75837895827,71808.75837895827,21979.18412517909,21979.18412517909,21979.18412517909,14287.696813025983,14287.696813025983,14287.696813025983,7691.48731215311,7691.48731215311,7691.48731215311,0.0,0.0,0.0,93787.94250413736
2021-01-21,71810.2371150804,83404.54006535209,89115.26963627206,71810.2371150804,71810.2371150804,14401.067091700044,14401.067091700044,14401.067091700044,6353.841117912099,6353.841117912099,6353.841117912099,8047.225973787945,8047.225973787945,8047.225973787945,0.0,0.0,0.0,86211.30420678043
2021-01-22,71811.71585120253,71158.7335730852,76803.40672749928,71811.71585120253,71811.71585120253,2041.6390614690708,2041.6390614690708,2041.6390614690708,-6357.843660712116,-6357.843660712116,-6357.843660712116,8399.482722181187,8399.482722181187,8399.482722181187,0.0,0.0,0.0,73853.35491267161
2021-01-23,71813.19458732467,63375.22251284293,69099.75130968077,71813.19458732467,71813.19458732467,-5505.629643513092,-5505.629643513092,-5505.629643513092,-14253.901407916886,-14253.901407916886,-14253.901407916886,8748.271764403797,8748.271764403797,8748.271764403797,0.0,0.0,0.0,66307.56494381158
2021-01-24,71814.6733234468,66562.49576826506,72437.75528699903,71814.6733234468,71814.6733234468,-2367.072065074259,-2367.072065074259,-2367.072065074259,-11460.703720545358,-11460.703720545358,-11460.703720545358,9093.631655471097,9093.631655471097,9093.631655471097,0.0,0.0,0.0,69447.60125837254
2021-01-25,71816.15205956894,78423.34301907789,84078.82622494467,71816.15205956894,71816.15205956894,9423.51179013449,9423.51179013449,9423.51179013449,-12.109897353354414,-12.109897353354414,-12.109897353354414,9435.621687487843,9435.621687487843,9435.621687487843,0.0,0.0,0.0,81239.66384970343
2021-01-26,71817.63079569108,90253.14840676487,96012.96041826654,71817.63079569108,71817.63079569108,21217.33852000905,21217.33852000905,21217.33852000905,11443.020755621805,11443.020755621805,11443.020755621805,9774.31776438725,9774.31776438725,9774.31776438725,0.0,0.0,0.0,93034.96931570012
2021-01-27,71819.1095318132,93286.12687797216,99283.66194905585,71819.1095318132,71819.1095318132,24397.50468830304,24397.50468830304,24397.50468830304,14287.696813035687,14287.696813035687,14287.696813035687,10109.807875267355,10109.807875267355,10109.807875267355,0.0,0.0,0.0,96216.61422011624
2021-01-28,71820.58826793534,85529.23746254737,91739.01102295732,71820.58826793534,71820.58826793534,16796.028407657846,16796.028407657846,16796.028407657846,6353.841117903391,6353.841117903391,6353.841117903391,10442.187289754458,10442.187289754458,10442.187289754458,0.0,0.0,0.0,88616.61667559319
2021-01-29,71822.06700405748,73363.76980266535,79107.46783408594,71822.06700405748,71822.06700405748,4413.7099451770655,4413.7099451770655,4413.7099451770655,-6357.843660720783,-6357.843660720783,-6357.843660720783,10771.553605897849,10771.553605897849,10771.553605897849,0.0,0.0,0.0,76235.77694923454
2021-01-30,71823.54814420806,65652.27668225518,71534.57431140525,71823.54814420806,71823.54814420806,-3155.8996233798052,-3155.8996233798052,-3155.8996233798052,-14253.901407919037,-14253.901407919037,-14253.901407919037,11098.00178453923,11098.00178453923,11098.00178453923,0.0,0.0,0.0,68667.64852082825
2021-01-31,71825.02928435865,68728.68245601575,74856.81855652566,71825.02928435865,71825.02928435865,-39.08441667149322,-39.08441667149322,-39.08441667149322,-11460.703720539346,-11460.703720539346,-11460.703720539346,11421.619303867852,11421.619303867852,11421.619303867852,0.0,0.0,0.0,71785.94486768715
2021-02-01,71826.51042450927,80518.5658392257,86556.50123780941,71826.51042450927,71826.51042450927,11730.371666641244,11730.371666641244,11730.371666641244,-12.109897343653445,-12.109897343653445,-12.109897343653445,11742.481563984897,11742.481563984897,11742.481563984897,0.0,0.0,0.0,83556.8820911505
2021-02-02,71827.99156465985,92265.70919069795,98308.69366217867,71827.99156465985,71827.99156465985,23503.668419443078,23503.668419443078,23503.668419443078,11443.020755594553,11443.020755594553,11443.020755594553,12060.647663848526,12060.647663848526,12060.647663848526,0.0,0.0,0.0,95331.65998410294
2021-02-03,71829.47270481044,95617.43689745468,101561.19924994388,71829.47270481044,71829.47270481044,26663.85347529591,26663.85347529591,26663.85347529591,14287.696813033517,14287.696813033517,14287.696813033517,12376.156662262394,12376.156662262394,12376.156662262394,0.0,0.0,0.0,98493.32618010635
2021-02-04,71830.95384496104,87915.32874587625,93861.73644805819,71830.95384496104,71830.95384496104,19042.865538679143,19042.865538679143,19042.865538679143,6353.841117894622,6353.841117894622,6353.841117894622,12689.02442078452,12689.02442078452,12689.02442078452,0.0,0.0,0.0,90873.81938364019
2021-02-05,71832.43498511163,75720.18800479574,81513.46929301276,71832.43498511163,71832.43498511163,6641.397449371792,6641.397449371792,6641.397449371792,-6357.843660729542,-6357.843660729542,-6357.843660729542,12999.241110101333,12999.241110101333,12999.241110101333,0.0,0.0,0.0,78473.83243448343
2021-02-06,71833.91612526223,67997.50347306122,73828.57205613186,71833.91612526223,71833.91612526223,-947.1319650045767,-947.1319650045767,-947.1319650045767,-14253.901407909285,-14253.901407909285,-14253.901407909285,13306.76944290471,13306.76944290471,13306.76944290471,0.0,0.0,0.0,70886.78416025765
2021-02-07,71835.39726541283,70942.30851239672,76836.18964075262,71835.39726541283,71835.39726541283,2150.8399556367053,2150.8399556367053,2150.8399556367053,-11460.703720566438,-11460.703720566438,-11460.703720566438,13611.543676203142,13611.543676203142,13611.543676203142,0.0,0.0,0.0,73986.23722104954
2021-02-08,71836.87840556342,82842.18803948919,88642.52691686599,71836.87840556342,71836.87840556342,13901.359507472396,13901.359507472396,13901.359507472396,-12.109897333986215,-12.109897333986215,-12.109897333986215,13913.469404806385,13913.469404806385,13913.469404806385,0.0,0.0,0.0,85738.23791303582
2021-02-09,71838.359545714,94553.2299957466,100390.92066924578,71838.359545714,71838.359545714,25655.4449017279,25655.4449017279,25655.4449017279,11443.020755600557,11443.020755600557,11443.020755600557,14212.424146127341,14212.424146127341,14212.424146127341,0.0,0.0,0.0,97493.8044474419
2021-02-10,71839.8406858646,97787.55278500383,103492.88432958598,71839.8406858646,71839.8406858646,28795.955507948594,28795.955507948594,28795.955507948594,14287.69681303141,14287.69681303141,14287.69681303141,14508.258694917184,14508.258694917184,14508.258694917184,0.0,0.0,0.0,100635.7961938132
2021-02-11,71841.3218260152,90018.38667781976,95824.68333557578,71841.3218260152,71841.3218260152,21154.64032369784,21154.64032369784,21154.64032369784,6353.841117885913,6353.841117885913,6353.841117885913,14800.799205811927,14800.799205811927,14800.799205811927,0.0,0.0,0.0,92995.96214971304
2021-02-12,71842.80296616581,77485.74294940506,83401.08243956245,71842.80296616581,71842.80296616581,8732.006281366414,8732.006281366414,8732.006281366414,-6357.84366073821,-6357.84366073821,-6357.84366073821,15089.849942104624,15089.849942104624,15089.849942104624,0.0,0.0,0.0,80574.80924753222
2021-02-13,71844.2841063164,69959.62040831374,76112.00287689155,71844.2841063164,71844.2841063164,1121.2952036225404,1121.2952036225404,1121.2952036225404,-14253.901407911455,-14253.901407911455,-14253.901407911455,15375.196611533996,15375.196611533996,15375.196611533996,0.0,0.0,0.0,72965.57930993894
2021-02-14,71845.76524646698,73123.33903380894,78910.92116431541,71845.76524646698,71845.76524646698,4195.906474010382,4195.906474010382,4195.906474010382,-11460.703720560427,-11460.703720560427,-11460.703720560427,15656.610194570809,15656.610194570809,15656.610194570809,0.0,0.0,0.0,76041.67172047736
2021-02-15,71847.24638661758,84999.83437024469,90779.1755713025,71847.24638661758,71847.24638661758,15921.741260738676,15921.741260738676,15921.741260738676,-12.109897324286118,-12.109897324286118,-12.109897324286118,15933.85115806296,15933.85115806296,15933.85115806296,0.0,0.0,0.0,87768.98764735626
2021-02-16,71848.72752676817,96438.52896473941,102493.87810742603,71848.72752676817,71848.72752676817,27649.694693183974,27649.694693183974,27649.694693183974,11443.020755606673,11443.020755606673,11443.020755606673,16206.673937577303,16206.673937577303,16206.673937577303,0.0,0.0,0.0,99498.42221995215
2021-02-17,71850.20866691877,99494.70126088905,105823.60909869167,71850.20866691877,71850.20866691877,30762.52837850397,30762.52837850397,30762.52837850397,14287.696813029179,14287.696813029179,14287.696813029179,16474.831565474793,16474.831565474793,16474.831565474793,0.0,0.0,0.0,102612.73704542273
2021-02-18,71851.68980706937,91882.75113438565,98068.16081646013,71851.68980706937,71851.68980706937,23091.921436864643,23091.921436864643,23091.921436864643,6353.8411179252425,6353.8411179252425,6353.8411179252425,16738.080318939403,16738.080318939403,16738.080318939403,0.0,0.0,0.0,94943.61124393402
2021-02-19,71853.17094721996,79685.72078049844,85386.72262788712,71853.17094721996,71853.17094721996,10638.340602078953,10638.340602078953,10638.340602078953,-6357.843660746922,-6357.843660746922,-6357.843660746922,16996.184262825875,16996.184262825875,16996.184262825875,0.0,0.0,0.0,82491.51154929891
2021-02-20,71854.65208737054,71678.06195002094,77740.35701813566,71854.65208737054,71854.65208737054,2995.018158366906,2995.018158366906,2995.018158366906,-14253.901407913623,-14253.901407913623,-14253.901407913623,17248.91956628053,17248.91956628053,17248.91956628053,0.0,0.0,0.0,74849.67024573745
2021-02-21,71856.13322752115,74929.00495956147,81125.0245748349,71856.13322752115,71856.13322752115,6035.374758924865,6035.374758924865,6035.374758924865,-11460.703720554418,-11460.703720554418,-11460.703720554418,17496.078479479285,17496.078479479285,17496.078479479285,0.0,0.0,0.0,77891.50798644601
2021-02-22,71857.61436767175,86395.03603509227,92482.8849158911,71857.61436767175,71857.61436767175,17725.36296994082,17725.36296994082,17725.36296994082,-12.109897314618884,-12.109897314618884,-12.109897314618884,17737.472867255437,17737.472867255437,17737.472867255437,0.0,0.0,0.0,89582.97733761257
2021-02-23,71859.09550782233,98438.00631230013,104462.76852038677,71859.09550782233,71859.09550782233,29415.95796518786,29415.95796518786,29415.95796518786,11443.020755579368,11443.020755579368,11443.020755579368,17972.93720960849,17972.93720960849,17972.93720960849,0.0,0.0,0.0,101275.0534730102
2021-02-24,71860.57664797294,101418.42637284976,107242.66075811598,71860.57664797294,71860.57664797294,32490.02780762273,32490.02780762273,32490.02780762273,14287.696813027069,14287.696813027069,14287.696813027069,18202.330994595664,18202.330994595664,18202.330994595664,0.0,0.0,0.0,104350.60445559566
2021-02-25,71862.05778812352,93663.47276917036,99452.25935712998,71862.05778812352,71862.05778812352,24779.381564478565,24779.381564478565,24779.381564478565,6353.841117916532,6353.841117916532,6353.841117916532,18425.54044656203,18425.54044656203,18425.54044656203,0.0,0.0,0.0,96641.43935260209
2021-02-26,71863.53892827412,81235.53382346507,87075.82822483813,71863.53892827412,71863.53892827412,12284.635890731335,12284.635890731335,12284.635890731335,-6357.8436607555905,-6357.8436607555905,-6357.8436607555905,18642.479551486926,18642.479551486926,18642.479551486926,0.0,0.0,0.0,84148.17481900546
2021-02-27,71865.02006842472,73620.31911119715,79430.38945969325,71865.02006842472,71865.02006842472,4599.188952989992,4599.188952989992,4599.188952989992,-14253.901407915771,-14253.901407915771,-14253.901407915771,18853.090360905764,18853.090360905764,18853.090360905764,0.0,0.0,0.0,76464.20902141472
2021-02-28,71866.50120857531,76547.44968367433,82270.78473185546,71866.50120857531,71866.50120857531,7596.6388552982,7596.6388552982,7596.6388552982,-11460.703720548401,-11460.703720548401,-11460.703720548401,19057.342575846604,19057.342575846604,19057.342575846604,0.0,0.0,0.0,79463.1400638735
2021-03-01,71867.98234872591,88194.46379150033,94182.59120951513,71867.98234872591,71867.98234872591,19243.122534558133,19243.122534558133,19243.122534558133,-12.109897358235141,-12.109897358235141,-12.109897358235141,19255.232431916367,19255.232431916367,19255.232431916367,0.0,0.0,0.0,91111.10488328405
2021-03-02,71869.4634888765,99667.28369919943,105646.06785972693,71869.4634888765,71869.4634888765,30889.80168117607,30889.80168117607,30889.80168117607,11443.020755585481,11443.020755585481,11443.020755585481,19446.780925590592,19446.780925590592,19446.780925590592,0.0,0.0,0.0,102759.26517005257
2021-03-03,71870.94462902709,102638.21546519644,108617.88110604444,71870.94462902709,71870.94462902709,33919.72825232245,33919.72825232245,33919.72825232245,14287.69681302496,14287.69681302496,14287.69681302496,19632.03143929749,19632.03143929749,19632.03143929749,0.0,0.0,0.0,105790.67288134954
2021-03-04,71872.4257691777,95061.32553025878,101001.2324108304,71872.4257691777,71872.4257691777,26164.887956558403,26164.887956558403,26164.887956558403,6353.841117907765,6353.841117907765,6353.841117907765,19811.046838650636,19811.046838650636,19811.046838650636,0.0,0.0,0.0,98037.31372573611
2021-03-05,71873.90690932829,82530.15077538133,88384.06733825826,71873.90690932829,71873.90690932829,13626.062467977978,13626.062467977978,13626.062467977978,-6357.8436607164185,-6357.8436607164185,-6357.8436607164185,19983.906128694394,19983.906128694394,19983.906128694394,0.0,0.0,0.0,85499.96937730626
2021-03-06,71875.38804947888,74904.7499467174,80500.41422468559,71875.38804947888,71875.38804947888,5896.799359055146,5896.799359055146,5896.799359055146,-14253.901407906083,-14253.901407906083,-14253.901407906083,20150.70076696123,20150.70076696123,20150.70076696123,0.0,0.0,0.0,77772.18740853402
2021-03-07,71876.86918962948,77594.93098551361,83673.29781237608,71876.86918962948,71876.86918962948,8850.827018649527,8850.827018649527,8850.827018649527,-11460.703720542395,-11460.703720542395,-11460.703720542395,20311.53073919192,20311.53073919192,20311.53073919192,0.0,0.0,0.0,80727.696208279
2021-03-08,71878.35032978006,89441.64210691233,95283.53380108946,71878.35032978006,71878.35032978006,20454.390611250372,20454.390611250372,20454.390611250372,-12.10989734856791,-12.10989734856791,-12.10989734856791,20466.500508598936,20466.500508598936,20466.500508598936,0.0,0.0,0.0,92332.74094103044
2021-03-09,71879.83146993066,101117.51614987986,106760.16466768637,71879.83146993066,71879.83146993066,32058.735706970678,32058.735706970678,32058.735706970678,11443.02075559149,11443.02075559149,11443.02075559149,20615.714951379192,20615.714951379192,20615.714951379192,0.0,0.0,0.0,103938.56717690134
2021-03-10,71881.31261008127,104020.74621062099,110008.39708629265,71881.31261008127,71881.31261008127,35046.97220289106,35046.97220289106,35046.97220289106,14287.69681302279,14287.69681302279,14287.69681302279,20759.27538986827,20759.27538986827,20759.27538986827,0.0,0.0,0.0,106928.28481297233
2021-03-11,71882.79375023185,96108.41754067873,102230.73442126883,71882.79375023185,71882.79375023185,27251.11694819711,27251.11694819711,27251.11694819711,6353.8411178991155,6353.8411178991155,6353.8411178991155,20897.275830297993,20897.275830297993,20897.275830297993,0.0,0.0,0.0,99133.91069842895
2021-03-12,71884.27489038245,83585.17787342612,89533.2020902442,71884.27489038245,71884.27489038245,14671.955844036254,14671.955844036254,14671.955844036254,-6357.843660725133,-6357.843660725133,-6357.843660725133,21029.799504761388,21029.799504761388,21029.799504761388,0.0,0.0,0.0,86556.23073441871
2021-03-13,71885.75603053304,75666.60120547168,81693.2550537577,71885.75603053304,71885.75603053304,6903.014399037919,6903.014399037919,6903.014399037919,-14253.901407908208,-14253.901407908208,-14253.901407908208,21156.915806946126,21156.915806946126,21156.915806946126,0.0,0.0,0.0,78788.77042957096
2021-03-14,71887.23717068363,78994.3766636169,84647.47975438318,71887.23717068363,71887.23717068363,9817.973978237631,9817.973978237631,9817.973978237631,-11460.703720536389,-11460.703720536389,-11460.703720536389,21278.67769877402,21278.67769877402,21278.67769877402,0.0,0.0,0.0,81705.21114892125
2021-03-15,71888.71831083424,90326.00699859753,96263.02970170506,71888.71831083424,71888.71831083424,21383.00975336195,21383.00975336195,21383.00975336195,-12.109897338866947,-12.109897338866947,-12.109897338866947,21395.119650700817,21395.119650700817,21395.119650700817,0.0,0.0,0.0,93271.72806419618
2021-03-16,71890.19945098483,101965.55124308488,108000.37734625103,71890.19945098483,71890.19945098483,32949.2769180649,32949.2769180649,32949.2769180649,11443.020755597548,11443.020755597548,11443.020755597548,21506.256162467347,21506.256162467347,21506.256162467347,0.0,0.0,0.0,104839.47636904972
2021-03-17,71891.68059113542,104874.18910095739,110783.90907667748,71891.68059113542,71891.68059113542,35899.7777071131,35899.7777071131,35899.7777071131,14287.696813032555,14287.696813032555,14287.696813032555,21612.080894080544,21612.080894080544,21612.080894080544,0.0,0.0,0.0,107791.45829824852
2021-03-18,71893.16173128602,97096.79776913012,102902.55476530101,71893.16173128602,71893.16173128602,28066.40753709226,28066.40753709226,28066.40753709226,6353.841117890348,6353.841117890348,6353.841117890348,21712.566419201914,21712.566419201914,21712.566419201914,0.0,0.0,0.0,99959.56926837828
2021-03-19,71894.6428714366,84368.96015593056,90316.96329764569,71894.6428714366,71894.6428714366,15449.820934726431,15449.820934726431,15449.820934726431,-6357.843660733844,-6357.843660733844,-6357.843660733844,21807.664595460275,21807.664595460275,21807.664595460275,0.0,0.0,0.0,87344.46380616304
2021-03-20,71896.1240115872,76310.96328712793,82844.80489394644,71896.1240115872,71896.1240115872,7643.406121075361,7643.406121075361,7643.406121075361,-14253.901407910378,-14253.901407910378,-14253.901407910378,21897.30752898574,21897.30752898574,21897.30752898574,0.0,0.0,0.0,79539.53013266256
2021-03-21,71897.60515173781,79497.28403738562,85220.75879950469,71897.60515173781,71897.60515173781,10520.705373630799,10520.705373630799,10520.705373630799,-11460.703720530377,-11460.703720530377,-11460.703720530377,21981.409094161176,21981.409094161176,21981.409094161176,0.0,0.0,0.0,82418.31052536861
2021-03-22,71899.0862918884,90951.44767251582,96812.05796681825,71899.0862918884,71899.0862918884,22047.757057301973,22047.757057301973,22047.757057301973,-12.10989738251694,-12.10989738251694,-12.10989738251694,22059.86695468449,22059.86695468449,22059.86695468449,0.0,0.0,0.0,93946.84334919037
2021-03-23,71900.567432039,102447.01365332745,108490.49358419144,71900.567432039,71900.567432039,33575.58577450116,33575.58577450116,33575.58577450116,11443.020755603611,11443.020755603611,11443.020755603611,22132.565018897556,22132.565018897556,22132.565018897556,0.0,0.0,0.0,105476.15320654016
2021-03-24,71902.04857218958,105416.87815511017,111354.56281953561,71902.04857218958,71902.04857218958,36487.07306438814,36487.07306438814,36487.07306438814,14287.696813030323,14287.696813030323,14287.696813030323,22199.376251357815,22199.376251357815,22199.376251357815,0.0,0.0,0.0,108389.12163657772
2021-03-25,71903.52971234018,97581.89102367578,103339.19438533222,71903.52971234018,71903.52971234018,28614.00687194383,28614.00687194383,28614.00687194383,6353.841117881578,6353.841117881578,6353.841117881578,22260.16575406225,22260.16575406225,22260.16575406225,0.0,0.0,0.0,100517.53658428401
2021-03-26,71905.01085249078,85018.2008302567,90692.5360793298,71905.01085249078,71905.01085249078,15956.950364060924,15956.950364060924,15956.950364060924,-6357.843660742513,-6357.843660742513,-6357.843660742513,22314.794024803436,22314.794024803436,22314.794024803436,0.0,0.0,0.0,87861.9612165517
2021-03-27,71906.49199264137,77331.78200411488,82919.10610254704,71906.49199264137,71906.49199264137,8109.218889060208,8109.218889060208,8109.218889060208,-14253.901407912528,-14253.901407912528,-14253.901407912528,22363.12029697274,22363.12029697274,22363.12029697274,0.0,0.0,0.0,80015.71088170158
2021-03-28,71907.97313279197,79696.5554653297,85826.39353580347,71907.97313279197,71907.97313279197,10944.302144212683,10944.302144212683,10944.302144212683,-11460.703720557474,-11460.703720557474,-11460.703720557474,22405.005864770155,22405.005864770155,22405.005864770155,0.0,0.0,0.0,82852.27527700465
2021-03-29,71921.30310415124,91345.03603357659,97402.76759950857,71921.30310415124,71921.30310415124,22428.207402841126,22428.207402841126,22428.207402841126,-12.10989737281511,-12.10989737281511,-12.10989737281511,22440.31730021394,22440.31730021394,22440.31730021394,0.0,0.0,0.0,94349.51050699237
2021-03-30,71934.63307551052,102857.7640885606,108886.08786312793,71934.63307551052,71934.63307551052,33911.95022903951,33911.95022903951,33911.95022903951,11443.020755609672,11443.020755609672,11443.020755609672,22468.929473429835,22468.929473429835,22468.929473429835,0.0,0.0,0.0,105846.58330455003
2021-03-31,71947.9630468698,105838.16070728075,111546.48891291418,71947.9630468698,71947.9630468698,36778.42510830003,36778.42510830003,36778.42510830003,14287.696813028215,14287.696813028215,14287.696813028215,22490.728295271812,22490.728295271812,22490.728295271812,0.0,0.0,0.0,108726.38815516983
2021-04-01,71961.29301822906,97808.96216011586,103621.91891242457,71961.29301822906,71961.29301822906,28859.454228980467,28859.454228980467,28859.454228980467,6353.84111787287,6353.84111787287,6353.84111787287,22505.6131111076,22505.6131111076,22505.6131111076,0.0,0.0,0.0,100820.74724720953
2021-04-02,71974.62298958834,85089.04703818055,91113.69034528808,71974.62298958834,71974.62298958834,16155.65502557367,16155.65502557367,16155.65502557367,-6357.843660703296,-6357.843660703296,-6357.843660703296,22513.498686276966,22513.498686276966,22513.498686276966,0.0,0.0,0.0,88130.27801516201
2021-04-03,71987.95296094762,77205.30136418671,83081.0479618307,71987.95296094762,71987.95296094762,8260.415329011988,8260.415329011988,8260.415329011988,-14253.901407914678,-14253.901407914678,-14253.901407914678,22514.316736926667,22514.316736926667,22514.316736926667,0.0,0.0,0.0,80248.3682899596
2021-04-04,72001.2829323069,80371.5890287478,85848.80625121076,72001.2829323069,72001.2829323069,11047.313253676797,11047.313253676797,11047.313253676797,-11460.703720551459,-11460.703720551459,-11460.703720551459,22508.016974228256,22508.016974228256,22508.016974228256,0.0,0.0,0.0,83048.5961859837
2021-04-05,72014.61290366617,91564.1747003463,97560.57842682225,72014.61290366617,72014.61290366617,22482.45774759317,22482.45774759317,22482.45774759317,-12.109897363181608,-12.109897363181608,-12.109897363181608,22494.567644956347,22494.567644956347,22494.567644956347,0.0,0.0,0.0,94497.07065125935
2021-04-06,72027.94287502543,102991.12225415543,109174.74531918798,72027.94287502543,72027.94287502543,33916.976322208015,33916.976322208015,33916.976322208015,11443.02075561568,11443.02075561568,11443.02075561568,22473.955566592333,22473.955566592333,22473.955566592333,0.0,0.0,0.0,105944.91919723345
2021-04-07,72041.27284638472,105917.75508374645,111834.27300461422,72041.27284638472,72041.27284638472,36733.88248309392,36733.88248309392,36733.88248309392,14287.696813026045,14287.696813026045,14287.696813026045,22446.185670067876,22446.185670067876,22446.185670067876,0.0,0.0,0.0,108775.15532947864
2021-04-08,72054.60281774399,97957.77338254593,103949.53711864988,72054.60281774399,72054.60281774399,28765.121195450054,28765.121195450054,28765.121195450054,6353.8411179121995,6353.8411179121995,6353.8411179121995,22411.280077537856,22411.280077537856,22411.280077537856,0.0,0.0,0.0,100819.72401319403
2021-04-09,72067.93278910326,85131.89858191564,90902.2384282128,72067.93278910326,72067.93278910326,16011.433095044005,16011.433095044005,16011.433095044005,-6357.843660711965,-6357.843660711965,-6357.843660711965,22369.27675575597,22369.27675575597,22369.27675575597,0.0,0.0,0.0,88079.36588414726
2021-04-10,72081.26276046254,77371.08710252968,83277.05491463274,72081.26276046254,72081.26276046254,8066.326389434077,8066.326389434077,8066.326389434077,-14253.901407916825,-14253.901407916825,-14253.901407916825,22320.2277973509,22320.2277973509,22320.2277973509,0.0,0.0,0.0,80147.58914989662
2021-04-11,72094.5927318218,80195.59558237887,85850.16758048393,72094.5927318218,72094.5927318218,10803.493671683953,10803.493671683953,10803.493671683953,-11460.70372054545,-11460.70372054545,-11460.70372054545,22264.197392229406,22264.197392229406,22264.197392229406,0.0,0.0,0.0,82898.08640350576
2021-04-12,72107.92270318109,91268.65238145803,97407.13271753033,72107.92270318109,72107.92270318109,22189.14966185878,22189.14966185878,22189.14966185878,-12.109897353481506,-12.109897353481506,-12.109897353481506,22201.259559212263,22201.259559212263,22201.259559212263,0.0,0.0,0.0,94297.07236503987
2021-04-13,72121.25267454036,102772.19769966639,108796.18965732356,72121.25267454036,72121.25267454036,33574.51646921295,33574.51646921295,33574.51646921295,11443.020755588426,11443.020755588426,11443.020755588426,22131.495713624518,22131.495713624518,22131.495713624518,0.0,0.0,0.0,105695.7691437533
2021-04-14,72134.58264589965,105549.58475600205,111507.61559233324,72134.58264589965,72134.58264589965,36342.68896281237,36342.68896281237,36342.68896281237,14287.696813023875,14287.696813023875,14287.696813023875,22054.992149788493,22054.992149788493,22054.992149788493,0.0,0.0,0.0,108477.271608712
2021-04-15,72147.9126172589,97476.34095258467,103641.20579646455,72147.9126172589,72147.9126172589,28325.678636050834,28325.678636050834,28325.678636050834,6353.841117903549,6353.841117903549,6353.841117903549,21971.837518147284,21971.837518147284,21971.837518147284,0.0,0.0,0.0,100473.59125330974
2021-04-16,72161.24258861817,84705.19671813425,90852.30070495703,72161.24258861817,72161.24258861817,15524.276714370953,15524.276714370953,15524.276714370953,-6357.843660720721,-6357.843660720721,-6357.843660720721,21882.120375091672,21882.120375091672,21882.120375091672,0.0,0.0,0.0,87685.51930298912
2021-04-17,72174.57255997746,76952.33385422971,82795.6516766257,72174.57255997746,72174.57255997746,7532.02547165607,7532.02547165607,7532.02547165607,-14253.901407918995,-14253.901407918995,-14253.901407918995,21785.926879575065,21785.926879575065,21785.926879575065,0.0,0.0,0.0,79706.59803163353
2021-04-18,72187.90253133673,79496.43045043334,85420.47561433104,72187.90253133673,72187.90253133673,10222.634983842816,10222.634983842816,10222.634983842816,-11460.703720572536,-11460.703720572536,-11460.703720572536,21683.338704415353,21683.338704415353,21683.338704415353,0.0,0.0,0.0,82410.53751517955
2021-04-19,72201.232502696,90907.98576738908,96683.3785363229,72201.232502696,72201.232502696,21562.321324712862,21562.321324712862,21562.321324712862,-12.109897343780544,-12.109897343780544,-12.109897343780544,21574.431222056646,21574.431222056646,21574.431222056646,0.0,0.0,0.0,93763.55382740886
2021-04-20,72214.56247405527,102340.46264752904,108152.79215674537,72214.56247405527,72214.56247405527,32902.2927703387,32902.2927703387,32902.2927703387,11443.020755594434,11443.020755594434,11443.020755594434,21459.27201474426,21459.27201474426,21459.27201474426,0.0,0.0,0.0,105116.85524439398
2021-04-21,72227.89244541455,104506.0324499159,110714.0153822088,72227.89244541455,72227.89244541455,35625.61656092362,35625.61656092362,35625.61656092362,14287.696813021703,14287.696813021703,14287.696813021703,21337.919747901917,21337.919747901917,21337.919747901917,0.0,0.0,0.0,107853.50900633816
2021-04-22,72241.22241677383,96878.9975827448,102612.21569351201,72241.22241677383,72241.22241677383,27564.264551240107,27564.264551240107,27564.264551240107,6353.841117894781,6353.841117894781,6353.841117894781,21210.423433345324,21210.423433345324,21210.423433345324,0.0,0.0,0.0,99805.48696801394
2021-04-23,72254.5523881331,83961.825271181,90005.81349028254,72254.5523881331,72254.5523881331,14718.978435479643,14718.978435479643,14718.978435479643,-6357.84366072939,-6357.84366072939,-6357.84366072939,21076.82209620903,21076.82209620903,21076.82209620903,0.0,0.0,0.0,86973.53082361275
2021-04-24,72267.88235949239,75908.91684825164,81947.21153141382,72267.88235949239,72267.88235949239,6683.243438611384,6683.243438611384,6683.243438611384,-14253.901407909285,-14253.901407909285,-14253.901407909285,20937.144846520667,20937.144846520667,20937.144846520667,0.0,0.0,0.0,78951.12579810378
2021-04-25,72281.21233085165,78546.31213542179,84291.36652629059,72281.21233085165,72281.21233085165,9330.707623029075,9330.707623029075,9330.707623029075,-11460.70372056653,-11460.70372056653,-11460.70372056653,20791.411343595602,20791.411343595602,20791.411343595602,0.0,0.0,0.0,81611.91995388072
2021-04-26,72294.54230221092,90012.86560789964,95941.39042131767,72294.54230221092,72294.54230221092,20627.522731955538,20627.522731955538,20627.522731955538,-12.109897334146174,-12.109897334146174,-12.109897334146174,20639.632629289685,20639.632629289685,20639.632629289685,0.0,0.0,0.0,92922.06503416646
2021-04-27,72307.8722735702,101435.08168329777,107194.68409788844,72307.8722735702,72307.8722735702,31924.83305055413,31924.83305055413,31924.83305055413,11443.02075560055,11443.02075560055,11443.02075560055,20481.812294953583,20481.812294953583,20481.812294953583,0.0,0.0,0.0,104232.70532412434
2021-04-28,72321.20224492947,103894.41083456113,109938.02215532746,72321.20224492947,72321.20224492947,34605.64475006667,34605.64475006667,34605.64475006667,14287.696813019596,14287.696813019596,14287.696813019596,20317.947937047065,20317.947937047065,20317.947937047065,0.0,0.0,0.0,106926.84699499614
2021-04-29,72334.53221628875,95940.05632724763,101666.26649622218,72334.53221628875,72334.53221628875,26501.873966003783,26501.873966003783,26501.873966003783,6353.841117934111,6353.841117934111,6353.841117934111,20148.03284806967,20148.03284806967,20148.03284806967,0.0,0.0,0.0,98836.40618229253
2021-04-30,72347.86218764802,83093.93905274423,88783.21243243101,72347.86218764802,72347.86218764802,13614.21422224358,13614.21422224358,13614.21422224358,-6357.84366073806,-6357.84366073806,-6357.84366073806,19972.05788298164,19972.05788298164,19972.05788298164,0.0,0.0,0.0,85962.0764098916
2021-05-01,72361.19215900729,74848.00764006459,80962.88478698197,72361.19215900729,72361.19215900729,5536.112028908536,5536.112028908536,5536.112028908536,-14253.901407911451,-14253.901407911451,-14253.901407911451,19790.013436819987,19790.013436819987,19790.013436819987,0.0,0.0,0.0,77897.30418791583
2021-05-02,72374.52213036657,77459.84822017998,83475.46727459712,72374.52213036657,72374.52213036657,8141.187746266558,8141.187746266558,8141.187746266558,-11460.70372056052,-11460.70372056052,-11460.70372056052,19601.891466827077,19601.891466827077,19601.891466827077,0.0,0.0,0.0,80515.70987663313
2021-05-03,72387.85210172585,88673.52214264491,94852.06870122136,72387.85210172585,72387.85210172585,19395.577594891292,19395.577594891292,19395.577594891292,-12.109897324446939,-12.109897324446939,-12.109897324446939,19407.68749221574,19407.68749221574,19407.68749221574,0.0,0.0,0.0,91783.42969661714
2021-05-04,72401.18207308512,100100.10381833786,106007.95576357139,72401.18207308512,72401.18207308512,30650.42326221259,30650.42326221259,30650.42326221259,11443.020755606558,11443.020755606558,11443.020755606558,19207.40250660603,19207.40250660603,19207.40250660603,0.0,0.0,0.0,103051.6053352977
2021-05-05,72414.51204444439,102733.33455138296,108738.11236437215,72414.51204444439,72414.51204444439,33288.74155516809,33288.74155516809,33288.74155516809,14287.696813029237,14287.696813029237,14287.696813029237,19001.04474213885,19001.04474213885,19001.04474213885,0.0,0.0,0.0,105703.25359961248
2021-05-06,72427.84201580366,94639.32326484553,100493.25892723825,72427.84201580366,72427.84201580366,25142.472348051077,25142.472348051077,25142.472348051077,6353.841117925343,6353.841117925343,6353.841117925343,18788.63123012574,18788.63123012574,18788.63123012574,0.0,0.0,0.0,97570.31436385473
2021-05-07,72441.17198716295,81711.83523254555,87782.52166928949,72441.17198716295,72441.17198716295,12212.345449902277,12212.345449902277,12212.345449902277,-6357.843660746815,-6357.843660746815,-6357.843660746815,18570.189110649095,18570.189110649095,18570.189110649095,0.0,0.0,0.0,84653.51743706522
2021-05-08,72454.50195852222,73716.19506080842,79361.83723959411,72454.50195852222,72454.50195852222,4091.8552445516575,4091.8552445516575,4091.8552445516575,-14253.90140791358,-14253.90140791358,-14253.90140791358,18345.756652465236,18345.756652465236,18345.756652465236,0.0,0.0,0.0,76546.35720307387
2021-05-09,72467.83192988147,76015.7847239931,82278.4631459575,72467.83192988147,72467.83192988147,6654.680234112983,6654.680234112983,6654.680234112983,-11460.703720554506,-11460.703720554506,-11460.703720554506,18115.383954667486,18115.383954667486,18115.383954667486,0.0,0.0,0.0,79122.51216399446
2021-05-10,72481.16190124076,87697.2521517269,93241.92011331435,72481.16190124076,72481.16190124076,17867.023415047173,17867.023415047173,17867.023415047173,-12.109897368061473,-12.109897368061473,-12.109897368061473,17879.133312415233,17879.133312415233,17879.133312415233,0.0,0.0,0.0,90348.18531628794
2021-05-11,72494.49187260003,98509.5912170111,104551.6839225904,72494.49187260003,72494.49187260003,29080.09999594233,29080.09999594233,29080.09999594233,11443.020755612562,11443.020755612562,11443.020755612562,17637.079240329764,17637.079240329764,17637.079240329764,0.0,0.0,0.0,101574.59186854237
2021-05-12,72507.82184395932,101280.4708387489,107135.07449624289,72507.82184395932,72507.82184395932,31677.00497153369,31677.00497153369,31677.00497153369,14287.69681302713,14287.69681302713,14287.69681302713,17389.308158506556,17389.308158506556,17389.308158506556,0.0,0.0,0.0,104184.82681549301
2021-05-13,72521.15181531859,93071.10621896753,98825.1263131324,72521.15181531859,72521.15181531859,23489.75887504722,23489.75887504722,23489.75887504722,6353.841117916633,6353.841117916633,6353.841117916633,17135.917757130588,17135.917757130588,17135.917757130588,0.0,0.0,0.0,96010.91069036581
2021-05-14,72534.48178667786,80056.13621854327,86174.90464704084,72534.48178667786,72534.48178667786,10519.172405326524,10519.172405326524,10519.172405326524,-6357.843660755484,-6357.843660755484,-6357.843660755484,16877.01606608201,16877.01606608201,16877.01606608201,0.0,0.0,0.0,83053.65419200438
2021-05-15,72547.81175803713,71843.43721617726,77762.25797745076,72547.81175803713,72547.81175803713,2358.8188573705947,2358.8188573705947,2358.8188573705947,-14253.901407915748,-14253.901407915748,-14253.901407915748,16612.72026528634,16612.72026528634,16612.72026528634,0.0,0.0,0.0,74906.63061540773
2021-05-16,72561.1417293964,74510.31037198409,80307.78267974229,72561.1417293964,72561.1417293964,4882.451559156865,4882.451559156865,4882.451559156865,-11460.703720548492,-11460.703720548492,-11460.703720548492,16343.15527970536,16343.15527970536,16343.15527970536,0.0,0.0,0.0,77443.59328855327
2021-05-17,72574.47170075569,85491.33433981183,91589.35979749094,72574.47170075569,72574.47170075569,16056.3423120676,16056.3423120676,16056.3423120676,-12.109897358362234,-12.109897358362234,-12.109897358362234,16068.452209425961,16068.452209425961,16068.452209425961,0.0,0.0,0.0,88630.81401282329
2021-05-18,72587.80167211495,96664.84562029417,102814.8043091058,72587.80167211495,72587.80167211495,27231.7674057739,27231.7674057739,27231.7674057739,11443.020755618678,11443.020755618678,11443.020755618678,15788.74665015522,15788.74665015522,15788.74665015522,0.0,0.0,0.0,99819.56907788885
2021-05-19,72601.13164347422,99411.97931040126,105362.39166562214,72601.13164347422,72601.13164347422,29791.87377541884,29791.87377541884,29791.87377541884,14287.696813024897,14287.696813024897,14287.696813024897,15504.176962393944,15504.176962393944,15504.176962393944,0.0,0.0,0.0,102393.00541889307
2021-05-20,72614.4616148335,91184.99074329255,97294.57565982634,72614.4616148335,72614.4616148335,21568.72366646792,21568.72366646792,21568.72366646792,6353.841117907925,6353.841117907925,6353.841117907925,15214.882548559992,15214.882548559992,15214.882548559992,0.0,0.0,0.0,94183.18528130143
2021-05-21,72627.79158619278,78260.46823635194,84298.18839172399,72627.79158619278,72627.79158619278,8563.158535658857,8563.158535658857,8563.158535658857,-6357.8436607162685,-6357.8436607162685,-6357.8436607162685,14921.002196375124,14921.002196375124,14921.002196375124,0.0,0.0,0.0,81190.95012185164
2021-05-22,72641.12155755206,69956.90091743617,76060.779706607,72641.12155755206,72641.12155755206,368.77113597788025,368.77113597788025,368.77113597788025,-14253.90140790602,-14253.90140790602,-14253.90140790602,14622.6725438839,14622.6725438839,14622.6725438839,0.0,0.0,0.0,73009.89269352994
2021-05-23,72654.45152891132,72502.5662688912,78164.74432205924,72654.45152891132,72654.45152891132,2859.3229962208943,2859.3229962208943,2859.3229962208943,-11460.70372054249,-11460.70372054249,-11460.70372054249,14320.026716763383,14320.026716763383,14320.026716763383,0.0,0.0,0.0,75513.77452513222
2021-05-24,72667.7815002706,83710.97710791965,89647.25801295796,72667.7815002706,72667.7815002706,14001.083284807955,14001.083284807955,14001.083284807955,-12.109897348694139,-12.109897348694139,-12.109897348694139,14013.19318215665,14013.19318215665,14013.19318215665,0.0,0.0,0.0,86668.86478507856
2021-05-25,72681.11147162988,94870.99485783189,100438.22039058871,72681.11147162988,72681.11147162988,25145.315611039572,25145.315611039572,25145.315611039572,11443.020755624688,11443.020755624688,11443.020755624688,13702.29485541488,13702.29485541488,13702.29485541488,0.0,0.0,0.0,97826.42708266946
2021-05-26,72694.44169937065,97342.49685628699,103407.98305346983,72694.44169937065,72694.44169937065,27675.145300131288,27675.145300131288,27675.145300131288,14287.696813034667,14287.696813034667,14287.696813034667,13387.448487096619,13387.448487096619,13387.448487096619,0.0,0.0,0.0,100369.58699950195
2021-05-27,72707.77192711142,89271.60399820891,94963.13076836262,72707.77192711142,72707.77192711142,19422.605465545912,19422.605465545912,19422.605465545912,6353.8411178992155,6353.8411178992155,6353.8411178992155,13068.764347646698,13068.764347646698,13068.764347646698,0.0,0.0,0.0,92130.37739265733
2021-05-28,72721.1021548522,76182.53765164022,82197.79761319567,72721.1021548522,72721.1021548522,6388.50255600157,6388.50255600157,6388.50255600157,-6357.843660724935,-6357.843660724935,-6357.843660724935,12746.346216726506,12746.346216726506,12746.346216726506,0.0,0.0,0.0,79109.60471085376
2021-05-29,72734.43238259298,67625.60618285833,74030.07668959428,72734.43238259298,72734.43238259298,-1833.609734456449,-1833.609734456449,-1833.609734456449,-14253.901407908188,-14253.901407908188,-14253.901407908188,12420.29167345174,12420.29167345174,12420.29167345174,0.0,0.0,0.0,70900.82264813653
2021-05-30,72747.76261033374,70501.66284119894,76244.78052817895,72747.76261033374,72747.76261033374,629.9889527583413,629.9889527583413,629.9889527583413,-11460.70372053647,-11460.70372053647,-11460.70372053647,12090.69267329481,12090.69267329481,12090.69267329481,0.0,0.0,0.0,73377.75156309208
2021-05-31,72761.09283807452,81534.77477001587,87663.92439708243,72761.09283807452,72761.09283807452,11745.526490005072,11745.526490005072,11745.526490005072,-12.109897339026908,-12.109897339026908,-12.109897339026908,11757.636387344099,11757.636387344099,11757.636387344099,0.0,0.0,0.0,84506.61932807959
2021-06-01,72774.4230658153,93009.27275919949,98659.3158312715,72774.4230658153,72774.4230658153,22864.227025996504,22864.227025996504,22864.227025996504,11443.020755597488,11443.020755597488,11443.020755597488,11421.206270399018,11421.206270399018,11421.206270399018,0.0,0.0,0.0,95638.6500918118
2021-06-02,72787.75329355607,95296.33385295238,101345.85075350675,72787.75329355607,72787.75329355607,25369.180129308865,25369.180129308865,25369.180129308865,14287.696813032497,14287.696813032497,14287.696813032497,11081.483316276372,11081.483316276372,11081.483316276372,0.0,0.0,0.0,98156.93342286494
2021-06-03,72801.08352129684,86917.90025894283,92806.94905538527,72801.08352129684,72801.08352129684,17092.3885699164,17092.3885699164,17092.3885699164,6353.841117890447,6353.841117890447,6353.841117890447,10738.54745202595,10738.54745202595,10738.54745202595,0.0,0.0,0.0,89893.47209121323
2021-06-04,72814.41374903762,73904.31526861175,80215.12664117942,72814.41374903762,72814.41374903762,4034.6353568972663,4034.6353568972663,4034.6353568972663,-6357.843660733648,-6357.843660733648,-6357.843660733648,10392.479017630914,10392.479017630914,10392.479017630914,0.0,0.0,0.0,76849.04910593489
2021-06-05,72827.7439767784,65646.98702290653,71237.8127261383,72827.7439767784,72827.7439767784,-4210.541133398128,-4210.541133398128,-4210.541133398128,-14253.901407910358,-14253.901407910358,-14253.901407910358,10043.36027451223,10043.36027451223,10043.36027451223,0.0,0.0,0.0,68617.20284338026
2021-06-06,72841.07420451916,68048.70119965533,74099.61943214576,72841.07420451916,72841.07420451916,-1769.4268358250483,-1769.4268358250483,-1769.4268358250483,-11460.703720563568,-11460.703720563568,-11460.703720563568,9691.27688473852,9691.27688473852,9691.27688473852,0.0,0.0,0.0,71071.6473686941
2021-06-07,72854.40443225994,79283.8056039572,84986.43329409955,72854.40443225994,72854.40443225994,9324.209406082644,9324.209406082644,9324.209406082644,-12.109897329359674,-12.109897329359674,-12.109897329359674,9336.319303412003,9336.319303412003,9336.319303412003,0.0,0.0,0.0,82178.61383834259
2021-06-08,72867.73466000071,90484.69483068652,96502.07240305579,72867.73466000071,72867.73466000071,20421.604784808365,20421.604784808365,20421.604784808365,11443.020755603495,11443.020755603495,11443.020755603495,8978.584029204872,8978.584029204872,8978.584029204872,0.0,0.0,0.0,93289.33944480908
2021-06-09,72881.06488774148,92809.112083377,98661.50867269027,72881.06488774148,72881.06488774148,22905.871475417745,22905.871475417745,22905.871475417745,14287.696813030389,14287.696813030389,14287.696813030389,8618.174662387357,8618.174662387357,8618.174662387357,0.0,0.0,0.0,95786.93636315923
2021-06-10,72894.39511548226,84453.7178071479,90394.74040051992,72894.39511548226,72894.39511548226,14609.043843708081,14609.043843708081,14609.043843708081,6353.841117881798,6353.841117881798,6353.841117881798,8255.202725826282,8255.202725826282,8255.202725826282,0.0,0.0,0.0,87503.43895919033
2021-06-11,72907.72534322304,71625.31064278987,77304.047585712,72907.72534322304,72907.72534322304,1531.9445513091505,1531.9445513091505,1531.9445513091505,-6357.843660742362,-6357.843660742362,-6357.843660742362,7889.788212051512,7889.788212051512,7889.788212051512,0.0,0.0,0.0,74439.66989453218
2021-06-12,72921.05557096381,63161.327901027515,69129.1078266239,72921.05557096381,72921.05557096381,-6731.841579416359,-6731.841579416359,-6731.841579416359,-14253.901407912485,-14253.901407912485,-14253.901407912485,7522.059828496125,7522.059828496125,7522.059828496125,0.0,0.0,0.0,66189.21399154745
2021-06-13,72934.38579870458,65830.93201040101,71763.53474286618,72934.38579870458,72934.38579870458,-4308.548797575382,-4308.548797575382,-4308.548797575382,-11460.703720557553,-11460.703720557553,-11460.703720557553,7152.154922982171,7152.154922982171,7152.154922982171,0.0,0.0,0.0,68625.8370011292
2021-06-14,72947.71602644536,76698.94784506578,82630.24965397685,72947.71602644536,72947.71602644536,6768.109184910543,6768.109184910543,6768.109184910543,-12.109897319659572,-12.109897319659572,-12.109897319659572,6780.219082230203,6780.219082230203,6780.219082230203,0.0,0.0,0.0,79715.8252113559
2021-06-15,72961.04625418613,87865.85183021183,93759.5218241098,72961.04625418613,72961.04625418613,17849.426162841057,17849.426162841057,17849.426162841057,11443.020755609557,11443.020755609557,11443.020755609557,6406.4054072314975,6406.4054072314975,6406.4054072314975,0.0,0.0,0.0,90810.4724170272
2021-06-16,72974.3764819269,90143.4092425015,96354.47351882586,72974.3764819269,72974.3764819269,20318.570293412606,20318.570293412606,20318.570293412606,14287.696813028278,14287.696813028278,14287.696813028278,6030.873480384329,6030.873480384329,6030.873480384329,0.0,0.0,0.0,93292.9467753395
2021-06-17,72987.70670966768,81929.10476544271,87931.70650194773,72987.70670966768,72987.70670966768,12007.629167963785,12007.629167963785,12007.629167963785,6353.841117921068,6353.841117921068,6353.841117921068,5653.788050042715,5653.788050042715,5653.788050042715,0.0,0.0,0.0,84995.33587763146
2021-06-18,73001.03693740845,68902.41689450796,74845.64597231383,73001.03693740845,73001.03693740845,-1082.526192597007,-1082.526192597007,-1082.526192597007,-6357.84366070319,-6357.84366070319,-6357.84366070319,5275.317468106184,5275.317468106184,5275.317468106184,0.0,0.0,0.0,71918.51074481144
2021-06-19,73014.36716514922,60750.735462849945,66633.58946067064,73014.36716514922,73014.36716514922,-9358.26948259681,-9358.26948259681,-9358.26948259681,-14253.901407914655,-14253.901407914655,-14253.901407914655,4895.631925317845,4895.631925317845,4895.631925317845,0.0,0.0,0.0,63656.09768255241
2021-06-20,73027.69739289,62979.7941600278,69179.7655805145,73027.69739289,73027.69739289,-6945.802183969582,-6945.802183969582,-6945.802183969582,-11460.70372055155,-11460.70372055155,-11460.70372055155,4514.901536581968,4514.901536581968,4514.901536581968,0.0,0.0,0.0,66081.89520892041
2021-06-21,73041.02762063078,74226.39129531558,80250.02340838613,73041.02762063078,73041.02762063078,4121.184437394543,4121.184437394543,4121.184437394543,-12.109897310024339,-12.109897310024339,-12.109897310024339,4133.294334704567,4133.294334704567,4133.294334704567,0.0,0.0,0.0,77162.21205802532
2021-06-22,73054.35784837154,85345.1615050575,91102.56071548788,73054.35784837154,73054.35784837154,15193.994990831226,15193.994990831226,15193.994990831226,11443.020755582304,11443.020755582304,11443.020755582304,3750.974235248924,3750.974235248924,3750.974235248924,0.0,0.0,0.0,88248.35283920277
2021-06-23,73067.68807611232,87585.04867402883,93600.37344417119,73067.68807611232,73067.68807611232,17655.795850550847,17655.795850550847,17655.795850550847,14287.696813026045,14287.696813026045,14287.696813026045,3368.099037524803,3368.099037524803,3368.099037524803,0.0,0.0,0.0,90723.48392666316
2021-06-24,73081.0183038531,79732.87315143696,85681.46587298001,73081.0183038531,73081.0183038531,9338.659644957737,9338.659644957737,9338.659644957737,6353.841117912359,6353.841117912359,6353.841117912359,2984.818527045378,2984.818527045378,2984.818527045378,0.0,0.0,0.0,82419.67794881083
2021-06-25,73094.34853159387,66555.03666799635,72358.81195796657,73094.34853159387,73094.34853159387,-3756.5709177607237,-3756.5709177607237,-3756.5709177607237,-6357.843660711857,-6357.843660711857,-6357.843660711857,2601.272742951134,2601.272742951134,2601.272742951134,0.0,0.0,0.0,69337.77761383315
2021-06-26,73107.67875933464,58039.63177533982,63953.85033840648,73107.67875933464,73107.67875933464,-12036.310937809298,-12036.310937809298,-12036.310937809298,-14253.901407916803,-14253.901407916803,-14253.901407916803,2217.5904701075046,2217.5904701075046,2217.5904701075046,0.0,0.0,0.0,61071.36782152534
2021-06-27,73121.00898707542,60556.35435401749,66598.70348143496,73121.00898707542,73121.00898707542,-9626.815710774446,-9626.815710774446,-9626.815710774446,-11460.703720545544,-11460.703720545544,-11460.703720545544,1833.8880097710974,1833.8880097710974,1833.8880097710974,0.0,0.0,0.0,63494.19327630097
2021-06-28,73134.3392148162,71509.03610179415,77384.98585125958,73134.3392148162,73134.3392148162,1438.15837780048,1438.15837780048,1438.15837780048,-12.109897353607735,-12.109897353607735,-12.109897353607735,1450.2682751540876,1450.2682751540876,1450.2682751540876,0.0,0.0,0.0,74572.49759261668
2021-06-29,73147.66944255696,82498.97827686109,88306.08194796165,73147.66944255696,73147.66944255696,12509.841004656912,12509.841004656912,12509.841004656912,11443.020755588364,11443.020755588364,11443.020755588364,1066.8202490685474,1066.8202490685474,1066.8202490685474,0.0,0.0,0.0,85657.51044721386
2021-06-30,73160.99967029774,85240.89994399047,91162.05547287017,73160.99967029774,73160.99967029774,14971.315643395128,14971.315643395128,14971.315643395128,14287.696813023937,14287.696813023937,14287.696813023937,683.6188303711899,683.6188303711899,683.6188303711899,0.0,0.0,0.0,88132.31531369286
2021-07-01,73174.32989803852,76803.68022247206,82851.03694819512,73174.32989803852,73174.32989803852,6654.566202409915,6654.566202409915,6654.566202409915,6353.841117903589,6353.841117903589,6353.841117903589,300.72508450632506,300.72508450632506,300.72508450632506,0.0,0.0,0.0,79828.89610044843
2021-07-02,73187.66012577928,63767.92043751527,69623.9869615629,73187.66012577928,73187.66012577928,-6439.6567594093685,-6439.6567594093685,-6439.6567594093685,-6357.84366072057,-6357.84366072057,-6357.84366072057,-81.81309868879825,-81.81309868879825,-81.81309868879825,0.0,0.0,0.0,66748.00336636991
2021-07-03,73200.99035352006,55916.865865931024,61315.306094432024,73200.99035352006,73200.99035352006,-14717.861357034046,-14717.861357034046,-14717.861357034046,-14253.901407907091,-14253.901407907091,-14253.901407907091,-463.9599491269529,-463.9599491269529,-463.9599491269529,0.0,0.0,0.0,58483.12899648601
2021-07-04,73214.32058126084,57935.8976406229,63927.79434284322,73214.32058126084,73214.32058126084,-12306.394104556312,-12306.394104556312,-12306.394104556312,-11460.703720539525,-11460.703720539525,-11460.703720539525,-845.6903840167861,-845.6903840167861,-845.6903840167861,0.0,0.0,0.0,60907.926476704524
2021-07-05,73227.65080900161,68918.94383694058,74955.42919543204,73227.65080900161,73227.65080900161,-1239.0981295035665,-1239.0981295035665,-1239.0981295035665,-12.109897343973367,-12.109897343973367,-12.109897343973367,-1226.9882321595933,-1226.9882321595933,-1226.9882321595933,0.0,0.0,0.0,71988.55267949805
2021-07-06,73240.98103674238,80322.6833311765,86042.98956683876,73240.98103674238,73240.98103674238,9835.176596339068,9835.176596339068,9835.176596339068,11443.020755594373,11443.020755594373,11443.020755594373,-1607.8441592553056,-1607.8441592553056,-1607.8441592553056,0.0,0.0,0.0,83076.15763308144
2021-07-07,73254.31126448316,82746.15521119893,88474.373266341,73254.31126448316,73254.31126448316,12299.443464753818,12299.443464753818,12299.443464753818,14287.696813021767,14287.696813021767,14287.696813021767,-1988.2533482679464,-1988.2533482679464,-1988.2533482679464,0.0,0.0,0.0,85553.75472923697
2021-07-08,73267.64149222393,74353.39427423962,80087.75206651354,73267.64149222393,73267.64149222393,3985.628120676461,3985.628120676461,3985.628120676461,6353.841117894822,6353.841117894822,6353.841117894822,-2368.212997218361,-2368.212997218361,-2368.212997218361,0.0,0.0,0.0,77253.26961290039
2021-07-09,73280.9717199647,61065.59928690132,66798.1319623926,73280.9717199647,73280.9717199647,-9105.563363960042,-9105.563363960042,-9105.563363960042,-6357.843660729239,-6357.843660729239,-6357.843660729239,-2747.719703230803,-2747.719703230803,-2747.719703230803,0.0,0.0,0.0,64175.40835600466
2021-07-10,73294.30194770548,52997.57813482836,59124.09321370626,73294.30194770548,73294.30194770548,-17380.668214156205,-17380.668214156205,-17380.668214156205,-14253.901407909241,-14253.901407909241,-14253.901407909241,-3126.766806246964,-3126.766806246964,-3126.766806246964,0.0,0.0,0.0,55913.63373354927
2021-07-11,73307.63217544626,55325.18082531332,61498.754912888275,73307.63217544626,73307.63217544626,-14966.04548865286,-14966.04548865286,-14966.04548865286,-11460.703720533518,-11460.703720533518,-11460.703720533518,-3505.3417681193428,-3505.3417681193428,-3505.3417681193428,0.0,0.0,0.0,58341.586686793395
2021-07-12,73320.96240318702,66459.11429980207,72351.9289894383,73320.96240318702,73320.96240318702,-3895.533560357142,-3895.533560357142,-3895.533560357142,-12.109897334273269,-12.109897334273269,-12.109897334273269,-3883.4236630228693,-3883.4236630228693,-3883.4236630228693,0.0,0.0,0.0,69425.42884282988
2021-07-13,73334.2926309278,77535.77834827558,83506.30182312385,73334.2926309278,73334.2926309278,7182.039902669145,7182.039902669145,7182.039902669145,11443.020755600433,11443.020755600433,11443.020755600433,-4260.980852931289,-4260.980852931289,-4260.980852931289,0.0,0.0,0.0,80516.33253359694
2021-07-14,73347.62285866858,79783.73506849707,85870.97910122722,73347.62285866858,73347.62285866858,9649.727895472937,9649.727895472937,9649.727895472937,14287.696813031473,14287.696813031473,14287.696813031473,-4637.968917558536,-4637.968917558536,-4637.968917558536,0.0,0.0,0.0,82997.35075414152
2021-07-15,73360.95308640934,71535.44846972366,77644.77722910808,73360.95308640934,73360.95308640934,1339.5122162192092,1339.5122162192092,1339.5122162192092,6353.841117934271,6353.841117934271,6353.841117934271,-5014.328901715062,-5014.328901715062,-5014.328901715062,0.0,0.0,0.0,74700.46530262855
2021-07-16,73374.28331415012,58499.29977223679,64694.80426272109,73374.28331415012,73374.28331415012,-11747.829595342413,-11747.829595342413,-11747.829595342413,-6357.843660737997,-6357.843660737997,-6357.843660737997,-5389.985934604416,-5389.985934604416,-5389.985934604416,0.0,0.0,0.0,61626.45371880771
2021-07-17,73387.6135418909,50446.684102346415,56619.993718058315,73387.6135418909,73387.6135418909,-20018.7496733271,-20018.7496733271,-20018.7496733271,-14253.90140791141,-14253.90140791141,-14253.90140791141,-5764.848265415688,-5764.848265415688,-5764.848265415688,0.0,0.0,0.0,53368.8638685638
2021-07-18,73400.94376963167,52706.66536791658,58724.91560751114,73400.94376963167,73400.94376963167,-17599.510468627177,-17599.510468627177,-17599.510468627177,-11460.703720527506,-11460.703720527506,-11460.703720527506,-6138.806748099671,-6138.806748099671,-6138.806748099671,0.0,0.0,0.0,55801.433301004494
2021-07-19,73414.27399737244,63873.59341608249,70000.52047715118,73414.27399737244,73414.27399737244,-6523.844692890536,-6523.844692890536,-6523.844692890536,-12.10989737789039,-12.10989737789039,-12.10989737789039,-6511.734795512645,-6511.734795512645,-6511.734795512645,0.0,0.0,0.0,66890.4293044819
2021-07-20,73427.60422511322,75039.85630024047,81006.74712021984,73427.60422511322,73427.60422511322,4559.531945805207,4559.531945805207,4559.531945805207,11443.020755606442,11443.020755606442,11443.020755606442,-6883.488809801235,-6883.488809801235,-6883.488809801235,0.0,0.0,0.0,77987.13617091843
2021-07-21,73440.934452854,77664.56260687692,83392.57728899753,73440.934452854,73440.934452854,7033.787730841857,7033.787730841857,7033.787730841857,14287.6968130293,14287.6968130293,14287.6968130293,-7253.909082187445,-7253.909082187445,-7253.909082187445,0.0,0.0,0.0,80474.72218369585
2021-07-22,73454.26468059476,69360.9693823986,75325.77521380139,73454.26468059476,73454.26468059476,-1268.9800238206797,-1268.9800238206797,-1268.9800238206797,6353.841117925561,6353.841117925561,6353.841117925561,-7622.821141746242,-7622.821141746242,-7622.821141746242,0.0,0.0,0.0,72185.28465677408
2021-07-23,73467.59490833552,56247.11393807482,62145.34589046534,73467.59490833552,73467.59490833552,-14347.881180390561,-14347.881180390561,-14347.881180390561,-6357.843660746666,-6357.843660746666,-6357.843660746666,-7990.037519643896,-7990.037519643896,-7990.037519643896,0.0,0.0,0.0,59119.71372794496
2021-07-24,73480.92512846418,48111.89509044474,53981.81458748953,73480.92512846418,73480.92512846418,-22609.26129093926,-22609.26129093926,-22609.26129093926,-14253.90140791356,-14253.90140791356,-14253.90140791356,-8355.359883025698,-8355.359883025698,-8355.359883025698,0.0,0.0,0.0,50871.66383752492
2021-07-25,73494.25534859282,50219.01327658009,56191.834339534165,73494.25534859282,73494.25534859282,-20179.285202388368,-20179.285202388368,-20179.285202388368,-11460.703720554598,-11460.703720554598,-11460.703720554598,-8718.581481833773,-8718.581481833773,-8718.581481833773,0.0,0.0,0.0,53314.970146204454
2021-07-26,73507.58556872146,61318.4265702649,67255.12333937788,73507.58556872146,73507.58556872146,-9091.599739735651,-9091.599739735651,-9091.599739735651,-12.109897368222295,-12.109897368222295,-12.109897368222295,-9079.48984236743,-9079.48984236743,-9079.48984236743,0.0,0.0,0.0,64415.98582898581
2021-07-27,73520.9157888501,72689.1356894346,78375.82982177676,73520.9157888501,73520.9157888501,2005.1511216923461,2005.1511216923461,2005.1511216923461,11443.020755612555,11443.020755612555,11443.020755612555,-9437.869633920209,-9437.869633920209,-9437.869633920209,0.0,0.0,0.0,75526.06691054245
2021-07-28,73534.24600897876,75104.54540285695,80859.53521120666,73534.24600897876,73534.24600897876,4494.191183651832,4494.191183651832,4494.191183651832,14287.696813027194,14287.696813027194,14287.696813027194,-9793.505629375362,-9793.505629375362,-9793.505629375362,0.0,0.0,0.0,78028.43719263059
2021-07-29,73547.57622910739,66958.71804600651,72758.53247502145,73547.57622910739,73547.57622910739,-3792.344559670123,-3792.344559670123,-3792.344559670123,6353.841117916793,6353.841117916793,6353.841117916793,-10146.185677586916,-10146.185677586916,-10146.185677586916,0.0,0.0,0.0,69755.23166943727
2021-07-30,73560.90644923605,53528.73752930335,59744.19168432766,73560.90644923605,73560.90644923605,-16853.54726527963,-16853.54726527963,-16853.54726527963,-6357.843660707449,-6357.843660707449,-6357.843660707449,-10495.703604572183,-10495.703604572183,-10495.703604572183,0.0,0.0,0.0,56707.35918395642
2021-07-31,73574.23666936469,45435.710193870975,51179.084057302156,73574.23666936469,73574.23666936469,-25095.76337020449,-25095.76337020449,-25095.76337020449,-14253.901407915726,-14253.901407915726,-14253.901407915726,-10841.861962288764,-10841.861962288764,-10841.861962288764,0.0,0.0,0.0,48478.4732991602
2021-08-01,73587.56688949333,48109.101451452996,54007.67410547648,73587.56688949333,73587.56688949333,-22645.178268424188,-22645.178268424188,-22645.178268424188,-11460.703720548587,-11460.703720548587,-11460.703720548587,-11184.474547875605,-11184.474547875605,-11184.474547875605,0.0,0.0,0.0,50942.38862106914
2021-08-02,73600.89710962198,59332.96521014353,64921.834503921076,73600.89710962198,73600.89710962198,-11535.478519959564,-11535.478519959564,-11535.478519959564,-12.109897358554198,-12.109897358554198,-12.109897358554198,-11523.36862260101,-11523.36862260101,-11523.36862260101,0.0,0.0,0.0,62065.41858966241
2021-08-03,73614.22732975063,70230.14634387326,76100.5639749299,73614.22732975063,73614.22732975063,-415.36601264096777,-415.36601264096777,-415.36601264096777,11443.020755618563,11443.020755618563,11443.020755618563,-11858.38676825953,-11858.38676825953,-11858.38676825953,0.0,0.0,0.0,73198.86131710967
2021-08-04,73627.55754987928,72679.7678962883,78629.14081654613,73627.55754987928,73627.55754987928,2098.308483875984,2098.308483875984,2098.308483875984,14287.69681302502,14287.69681302502,14287.69681302502,-12189.388329149038,-12189.388329149038,-12189.388329149038,0.0,0.0,0.0,75725.86603375526
2021-08-05,73640.88777000792,64452.42238666281,70314.33021771345,73640.88777000792,73640.88777000792,-6162.40928177243,-6162.40928177243,-6162.40928177243,6353.841117908025,6353.841117908025,6353.841117908025,-12516.250399680455,-12516.250399680455,-12516.250399680455,0.0,0.0,0.0,67478.47848823549
2021-08-06,73654.21799013656,51587.62996182555,57153.76753705305,73654.21799013656,73654.21799013656,-19196.711991543583,-19196.711991543583,-19196.711991543583,-6357.843660716161,-6357.843660716161,-6357.843660716161,-12838.86833082742,-12838.86833082742,-12838.86833082742,0.0,0.0,0.0,54457.50599859298
2021-08-07,73667.54821026522,43376.951531356506,49206.26231659877,73667.54821026522,73667.54821026522,-27411.057150549354,-27411.057150549354,-27411.057150549354,-14253.901407917856,-14253.901407917856,-14253.901407917856,-13157.155742631498,-13157.155742631498,-13157.155742631498,0.0,0.0,0.0,46256.49105971586
2021-08-08,73680.87843039384,45897.45086427443,51753.066156111265,73680.87843039384,73680.87843039384,-24931.747764963653,-24931.747764963653,-24931.747764963653,-11460.703720542571,-11460.703720542571,-11460.703720542571,-13471.04404442108,-13471.04404442108,-13471.04404442108,0.0,0.0,0.0,48749.13066543019
2021-08-09,73694.2086505225,57002.638749572056,62769.24715594608,73694.2086505225,73694.2086505225,-13792.591376156242,-13792.591376156242,-13792.591376156242,-12.10989734885496,-12.10989734885496,-12.10989734885496,-13780.481478807387,-13780.481478807387,-13780.481478807387,0.0,0.0,0.0,59901.61727436626
2021-08-10,73707.53887065114,67945.409522218,74049.79316207745,73707.53887065114,73707.53887065114,-2642.4109639198928,-2642.4109639198928,-2642.4109639198928,11443.02075559131,11443.02075559131,11443.02075559131,-14085.431719511202,-14085.431719511202,-14085.431719511202,0.0,0.0,0.0,71065.12790673126
2021-08-11,73720.8690907798,70464.28902393553,76586.5302786934,73720.8690907798,73720.8690907798,-98.17525325073234,-98.17525325073234,-98.17525325073234,14287.696813022914,14287.696813022914,14287.696813022914,-14385.872066273647,-14385.872066273647,-14385.872066273647,0.0,0.0,0.0,73622.69383752906
2021-08-12,73734.19931090843,62463.51502415766,68484.08267123699,73734.19931090843,73734.19931090843,-8327.950174038231,-8327.950174038231,-8327.950174038231,6353.841117899316,6353.841117899316,6353.841117899316,-14681.791291937549,-14681.791291937549,-14681.791291937549,0.0,0.0,0.0,65406.249136870196
2021-08-13,73747.52953103707,49418.56595143841,55430.91007016301,73747.52953103707,73747.52953103707,-21331.030867877194,-21331.030867877194,-21331.030867877194,-6357.843660724873,-6357.843660724873,-6357.843660724873,-14973.187207152323,-14973.187207152323,-14973.187207152323,0.0,0.0,0.0,52416.49866315987
2021-08-14,73760.85975116573,41406.690168498164,47104.47686712801,73760.85975116573,73760.85975116573,-29513.965424409624,-29513.965424409624,-29513.965424409624,-14253.901407920022,-14253.901407920022,-14253.901407920022,-15260.064016489601,-15260.064016489601,-15260.064016489601,0.0,0.0,0.0,44246.894326756104
2021-08-15,73774.18997129436,43935.8293009733,49622.95584926663,73774.18997129436,73774.18997129436,-27003.133266575653,-27003.133266575653,-27003.133266575653,-11460.703720569663,-11460.703720569663,-11460.703720569663,-15542.429546005988,-15542.429546005988,-15542.429546005988,0.0,0.0,0.0,46771.05670471871
2021-08-16,73787.52019142301,54736.11166993608,60899.9580709765,73787.52019142301,73787.52019142301,-15832.402323437931,-15832.402323437931,-15832.402323437931,-12.109897339153997,-12.109897339153997,-12.109897339153997,-15820.292426098777,-15820.292426098777,-15820.292426098777,0.0,0.0,0.0,57955.117867985085
2021-08-17,73800.85041155166,66259.19379949418,72052.1433526905,73800.85041155166,73800.85041155166,-4650.638559239388,-4650.638559239388,-4650.638559239388,11443.02075559737,11443.02075559737,11443.02075559737,-16093.65931483676,-16093.65931483676,-16093.65931483676,0.0,0.0,0.0,69150.21185231226
2021-08-18,73814.18063168031,68600.94249279759,74659.11900652737,73814.18063168031,73814.18063168031,-2074.8354327576862,-2074.8354327576862,-2074.8354327576862,14287.696813032495,14287.696813032495,14287.696813032495,-16362.532245790182,-16362.532245790182,-16362.532245790182,0.0,0.0,0.0,71739.34519892263
2021-08-19,73827.51085180894,60634.96873311909,66335.45777965225,73827.51085180894,73827.51085180894,-10273.065062711981,-10273.065062711981,-10273.065062711981,6353.841117890605,6353.841117890605,6353.841117890605,-16626.906180602586,-16626.906180602586,-16626.906180602586,0.0,0.0,0.0,63554.44578909696
2021-08-20,73840.8410719376,47653.334989682684,53496.78468293435,73840.8410719376,73840.8410719376,-23244.610501173072,-23244.610501173072,-23244.610501173072,-6357.8436607335425,-6357.8436607335425,-6357.8436607335425,-16886.76684043953,-16886.76684043953,-16886.76684043953,0.0,0.0,0.0,50596.23057076453
2021-08-21,73854.17129206625,39379.02412462526,45426.68226413041,73854.17129206625,73854.17129206625,-31395.99028997899,-31395.99028997899,-31395.99028997899,-14253.901407910318,-14253.901407910318,-14253.901407910318,-17142.08888206867,-17142.08888206867,-17142.08888206867,0.0,0.0,0.0,42458.181002087265
2021-08-22,73867.50151219488,42049.27392107303,47990.86860260714,73867.50151219488,73867.50151219488,-28853.53819447622,-28853.53819447622,-28853.53819447622,-11460.70372056366,-11460.70372056366,-11460.70372056366,-17392.834473912557,-17392.834473912557,-17392.834473912557,0.0,0.0,0.0,45013.96331771866
2021-08-23,73880.83173232352,53396.767552688725,59129.27099453328,73880.83173232352,73880.83173232352,-17651.062212675795,-17651.062212675795,-17651.062212675795,-12.10989732948763,-12.10989732948763,-12.10989732948763,-17638.952315346312,-17638.952315346312,-17638.952315346312,0.0,0.0,0.0,56229.76951964773
2021-08-24,73894.16195245218,64439.783839867996,70563.19379359737,73894.16195245218,73894.16195245218,-6437.356373470761,-6437.356373470761,-6437.356373470761,11443.020755603431,11443.020755603431,11443.020755603431,-17880.377129074193,-17880.377129074193,-17880.377129074193,0.0,0.0,0.0,67456.80557898142
2021-08-25,73907.49217258082,67187.0257204347,72919.52487121867,73907.49217258082,73907.49217258082,-3829.332829012066,-3829.332829012066,-3829.332829012066,14287.696813030389,14287.696813030389,14287.696813030389,-18117.029642042457,-18117.029642042457,-18117.029642042457,0.0,0.0,0.0,70078.15934356875
2021-08-26,73920.82239270947,59174.79758034901,64968.042147677734,73920.82239270947,73920.82239270947,-11994.975937525063,-11994.975937525063,-11994.975937525063,6353.841117929936,6353.841117929936,6353.841117929936,-18348.817055455,-18348.817055455,-18348.817055455,0.0,0.0,0.0,61925.8464551844
2021-08-27,73934.15261283811,46063.869186611344,51906.23153242498,73934.15261283811,73934.15261283811,-24933.477650218203,-24933.477650218203,-24933.477650218203,-6357.843660742209,-6357.843660742209,-6357.843660742209,-18575.633989475995,-18575.633989475995,-18575.633989475995,0.0,0.0,0.0,49000.6749626199
2021-08-28,73947.48283296677,38183.59535316779,43776.677391895304,73947.48283296677,73947.48283296677,-33051.265281552245,-33051.265281552245,-33051.265281552245,-14253.901407912464,-14253.901407912464,-14253.901407912464,-18797.363873639784,-18797.363873639784,-18797.363873639784,0.0,0.0,0.0,40896.21755141452
2021-08-29,73960.8130530954,40418.4715087769,46486.3321187662,73960.8130530954,73960.8130530954,-30474.584460754817,-30474.584460754817,-30474.584460754817,-11460.70372055764,-11460.70372055764,-11460.70372055764,-19013.880740197175,-19013.880740197175,-19013.880740197175,0.0,0.0,0.0,43486.22859234057
2021-08-30,73974.14327322405,51774.520734353355,57515.788277892934,73974.14327322405,73974.14327322405,-19237.161262411024,-19237.161262411024,-19237.161262411024,-12.10989731981953,-12.10989731981953,-12.10989731981953,-19225.051365091207,-19225.051365091207,-19225.051365091207,0.0,0.0,0.0,54736.98201081302
2021-08-31,73987.47349335269,62978.41181559094,68971.5775107521,73987.47349335269,73987.47349335269,-7987.716934771391,-7987.716934771391,-7987.716934771391,11443.02075560944,11443.02075560944,11443.02075560944,-19430.737690380833,-19430.737690380833,-19430.737690380833,0.0,0.0,0.0,65999.7565585813
2021-09-01,74000.80371348133,65708.1602990786,71724.92905569593,74000.80371348133,74000.80371348133,-5343.1026399015145,-5343.1026399015145,-5343.1026399015145,14287.696813028217,14287.696813028217,14287.696813028217,-19630.799452929732,-19630.799452929732,-19630.799452929732,0.0,0.0,0.0,68657.70107357982
2021-09-02,74014.13393360998,57488.038559235945,63507.603740589875,74014.13393360998,74014.13393360998,-13471.255819591875,-13471.255819591875,-13471.255819591875,6353.841117921168,6353.841117921168,6353.841117921168,-19825.096937513044,-19825.096937513044,-19825.096937513044,0.0,0.0,0.0,60542.8781140181
2021-09-03,74027.46415373863,44680.3877650692,50467.72551649707,74027.46415373863,74027.46415373863,-26371.33742895596,-26371.33742895596,-26371.33742895596,-6357.843660750923,-6357.843660750923,-6357.843660750923,-20013.49376820504,-20013.49376820504,-20013.49376820504,0.0,0.0,0.0,47656.126724782676
2021-09-04,74040.79437386728,36654.547694647175,42617.96383235201,74040.79437386728,74040.79437386728,-34449.76105819688,-34449.76105819688,-34449.76105819688,-14253.901407914615,-14253.901407914615,-14253.901407914615,-20195.859650282266,-20195.859650282266,-20195.859650282266,0.0,0.0,0.0,39591.0333156704
2021-09-05,74054.12459399592,39408.08727972746,45429.65514534123,74054.12459399592,74054.12459399592,-31832.776696409495,-31832.776696409495,-31832.776696409495,-11460.703720551635,-11460.703720551635,-11460.703720551635,-20372.072975857853,-20372.072975857853,-20372.072975857853,0.0,0.0,0.0,42221.34789758643
2021-09-06,74067.45481412456,50312.01062752436,56394.98170730441,74067.45481412456,74067.45481412456,-20554.13310749397,-20554.13310749397,-20554.13310749397,-12.109897363434927,-12.109897363434927,-12.109897363434927,-20542.023210130534,-20542.023210130534,-20542.023210130534,0.0,0.0,0.0,53513.321706630595
2021-09-07,74080.78503425322,61787.36916910328,67841.64798497735,74080.78503425322,74080.78503425322,-9262.592225720704,-9262.592225720704,-9262.592225720704,11443.02075561545,11443.02075561545,11443.02075561545,-20705.61298133615,-20705.61298133615,-20705.61298133615,0.0,0.0,0.0,64818.19280853251
2021-09-08,74094.11525438185,64432.98390511411,70358.21639484155,74094.11525438185,74094.11525438185,-6575.06299305671,-6575.06299305671,-6575.06299305671,14287.69681302611,14287.69681302611,14287.69681302611,-20862.75980608282,-20862.75980608282,-20862.75980608282,0.0,0.0,0.0,67519.05226132514
2021-09-09,74107.4454745105,56594.24958693345,62540.27227926448,74107.4454745105,74107.4454745105,-14659.556274576065,-14659.556274576065,-14659.556274576065,6353.841117912518,6353.841117912518,6353.841117912518,-21013.397392488583,-21013.397392488583,-21013.397392488583,0.0,0.0,0.0,59447.889199934434
2021-09-10,74120.77569463915,43715.71335740319,49471.639020156406,74120.77569463915,74120.77569463915,-27515.320136855174,-27515.320136855174,-27515.320136855174,-6357.843660759635,-6357.843660759635,-6357.843660759635,-21157.47647609554,-21157.47647609554,-21157.47647609554,0.0,0.0,0.0,46605.45555778397
2021-09-11,74134.1059147678,35499.38127785792,41405.58869854604,74134.1059147678,74134.1059147678,-35548.86656548922,-35548.86656548922,-35548.86656548922,-14253.901407904901,-14253.901407904901,-14253.901407904901,-21294.965157584316,-21294.965157584316,-21294.965157584316,0.0,0.0,0.0,38585.239349278585
2021-09-12,74147.43613489643,38324.92104225954,44381.22385623748,74147.43613489643,74147.43613489643,-32886.55244692603,-32886.55244692603,-32886.55244692603,-11460.703720545622,-11460.703720545622,-11460.703720545622,-21425.848726380405,-21425.848726380405,-21425.848726380405,0.0,0.0,0.0,41260.8836879704
2021-09-13,74160.76635502509,49547.63599756987,55520.05183856168,74160.76635502509,74160.76635502509,-21562.238867300915,-21562.238867300915,-21562.238867300915,-12.109897353735692,-12.109897353735692,-12.109897353735692,-21550.128969947178,-21550.128969947178,-21550.128969947178,0.0,0.0,0.0,52598.527487724175
2021-09-14,74174.09657515373,60962.39835303206,66873.58694991963,74174.09657515373,74174.09657515373,-10224.802228801038,-10224.802228801038,-10224.802228801038,11443.020755588246,11443.020755588246,11443.020755588246,-21667.822984389284,-21667.822984389284,-21667.822984389284,0.0,0.0,0.0,63949.29434635269
2021-09-15,74187.42679528236,63739.67832319274,69540.9163385016,74187.42679528236,74187.42679528236,-7491.264704465977,-7491.264704465977,-7491.264704465977,14287.696813023938,14287.696813023938,14287.696813023938,-21778.961517489915,-21778.961517489915,-21778.961517489915,0.0,0.0,0.0,66696.16209081637
2021-09-16,74200.75701541101,55712.18945229295,61611.09816115803,74200.75701541101,74200.75701541101,-15529.745772087137,-15529.745772087137,-15529.745772087137,6353.84111790375,6353.84111790375,6353.84111790375,-21883.586889990886,-21883.586889990886,-21883.586889990886,0.0,0.0,0.0,58671.011243323876
2021-09-17,74214.08723553967,42853.85346881095,48916.10185596867,74214.08723553967,74214.08723553967,-28339.59421510014,-28339.59421510014,-28339.59421510014,-6357.843660720419,-6357.843660720419,-6357.843660720419,-21981.75055437972,-21981.75055437972,-21981.75055437972,0.0,0.0,0.0,45874.493020439535
2021-09-18,74227.41745566831,35073.07088031084,40671.47792801779,74227.41745566831,74227.41745566831,-36327.411770119055,-36327.411770119055,-36327.411770119055,-14253.90140790705,-14253.90140790705,-14253.90140790705,-22073.510362211997,-22073.510362211997,-22073.510362211997,0.0,0.0,0.0,37900.00568554926
2021-09-19,74240.74767579696,37729.73443920457,43765.641098389904,74240.74767579696,74240.74767579696,-33619.63134129117,-33619.63134129117,-33619.63134129117,-11460.70372053962,-11460.70372053962,-11460.70372053962,-22158.92762075155,-22158.92762075155,-22158.92762075155,0.0,0.0,0.0,40621.11633450579
2021-09-20,74252.42247449214,49162.07722520823,54873.31151489025,74252.42247449214,74252.42247449214,-22250.173924458595,-22250.173924458595,-22250.173924458595,-12.109897344101324,-12.109897344101324,-12.109897344101324,-22238.0640271145,-22238.0640271145,-22238.0640271145,0.0,0.0,0.0,52002.248550033546
2021-09-21,74264.09727318735,60629.593948223104,66511.94274087512,74264.09727318735,74264.09727318735,-10867.957817333998,-10867.957817333998,-10867.957817333998,11443.02075559436,11443.02075559436,11443.02075559436,-22310.978572928358,-22310.978572928358,-22310.978572928358,0.0,0.0,0.0,63396.13945585335
2021-09-22,74275.77207188254,63217.750167141945,69193.27607902879,74275.77207188254,74275.77207188254,-8090.027701562898,-8090.027701562898,-8090.027701562898,14287.696813033645,14287.696813033645,14287.696813033645,-22377.724514596543,-22377.724514596543,-22377.724514596543,0.0,0.0,0.0,66185.74437031965
2021-09-23,74287.44687057774,55394.01721920145,61035.52138555501,74287.44687057774,74287.44687057774,-16084.50538560333,-16084.50538560333,-16084.50538560333,6353.841117895041,6353.841117895041,6353.841117895041,-22438.34650349837,-22438.34650349837,-22438.34650349837,0.0,0.0,0.0,58202.941484974406
2021-09-24,74299.12166927294,42422.975213570244,48384.62467963262,74299.12166927294,74299.12166927294,-28850.72162760173,-28850.72162760173,-28850.72162760173,-6357.843660729088,-6357.843660729088,-6357.843660729088,-22492.877966872646,-22492.877966872646,-22492.877966872646,0.0,0.0,0.0,45448.40004167121
2021-09-25,74310.79646796812,34559.735975862844,40638.62536019357,74310.79646796812,74310.79646796812,-36795.240231689386,-36795.240231689386,-36795.240231689386,-14253.901407909221,-14253.901407909221,-14253.901407909221,-22541.338823780163,-22541.338823780163,-22541.338823780163,0.0,0.0,0.0,37515.55623627873
2021-09-26,74322.47126666333,37348.020601157084,43341.10520871634,74322.47126666333,74322.47126666333,-34044.43733214844,-34044.43733214844,-34044.43733214844,-11460.703720533604,-11460.703720533604,-11460.703720533604,-22583.733611614844,-22583.733611614844,-22583.733611614844,0.0,0.0,0.0,40278.03393451489
2021-09-27,74334.14606535852,48753.23743456413,54545.82728139764,74334.14606535852,74334.14606535852,-22632.159984686677,-22632.159984686677,-22632.159984686677,-12.109897334401225,-12.109897334401225,-12.109897334401225,-22620.050087352276,-22620.050087352276,-22620.050087352276,0.0,0.0,0.0,51701.98608067185
2021-09-28,74345.82086405372,60369.838433161516,65925.5839041826,74345.82086405372,74345.82086405372,-11207.237598815587,-11207.237598815587,-11207.237598815587,11443.020755600372,11443.020755600372,11443.020755600372,-22650.258354415957,-22650.258354415957,-22650.258354415957,0.0,0.0,0.0,63138.583265238136
2021-09-29,74357.49566274892,62753.618486273226,68993.49116091277,74357.49566274892,74357.49566274892,-8386.61373804425,-8386.61373804425,-8386.61373804425,14287.696813031473,14287.696813031473,14287.696813031473,-22674.310551075723,-22674.310551075723,-22674.310551075723,0.0,0.0,0.0,65970.88192470466
2021-09-30,74369.1704614441,54985.709693335026,60862.29963154421,74369.1704614441,74369.1704614441,-16338.30000221322,-16338.30000221322,-16338.30000221322,6353.8411178862725,6353.8411178862725,6353.8411178862725,-22692.141120099495,-22692.141120099495,-22692.141120099495,0.0,0.0,0.0,58030.87045923088
2021-10-01,74380.8452601393,42513.52749885714,48487.01203389344,74380.8452601393,74380.8452601393,-29061.511323168346,-29061.511323168346,-29061.511323168346,-6357.843660737846,-6357.843660737846,-6357.843660737846,-22703.6676624305,-22703.6676624305,-22703.6676624305,0.0,0.0,0.0,45319.33393697094
2021-10-02,74392.5200588345,34427.61427015147,40303.273450885776,74392.5200588345,74392.5200588345,-36962.69376835439,-36962.69376835439,-36962.69376835439,-14253.901407911346,-14253.901407911346,-14253.901407911346,-22708.792360443043,-22708.792360443043,-22708.792360443043,0.0,0.0,0.0,37429.826290480116
2021-10-03,74404.1948575297,37315.67275610321,43264.214416125076,74404.1948575297,74404.1948575297,-34168.1076599161,-34168.1076599161,-34168.1076599161,-11460.703720560694,-11460.703720560694,-11460.703720560694,-22707.40393935541,-22707.40393935541,-22707.40393935541,0.0,0.0,0.0,40236.0871976136
2021-10-04,74415.8696562249,48682.657701264296,54919.23542959053,74415.8696562249,74415.8696562249,-22711.490016471133,-22711.490016471133,-22711.490016471133,-12.109897324733124,-12.109897324733124,-12.109897324733124,-22699.3801191464,-22699.3801191464,-22699.3801191464,0.0,0.0,0.0,51704.379639753766
2021-10-05,74427.54445492008,60065.28335758148,66362.01791225727,74427.54445492008,74427.54445492008,-11241.569738710563,-11241.569738710563,-11241.569738710563,11443.020755606376,11443.020755606376,11443.020755606376,-22684.590494316937,-22684.590494316937,-22684.590494316937,0.0,0.0,0.0,63185.974716209515
2021-10-06,74439.21925361527,62984.41612050475,68920.26200778084,74439.21925361527,74439.21925361527,-8375.202952483747,-8375.202952483747,-8375.202952483747,14287.696813029363,14287.696813029363,14287.696813029363,-22662.89976551311,-22662.89976551311,-22662.89976551311,0.0,0.0,0.0,66064.01630113153
2021-10-07,74450.89405231047,55371.09902084511,61225.616670134346,74450.89405231047,74450.89405231047,-16280.330117913638,-16280.330117913638,-16280.330117913638,6353.841117877563,6353.841117877563,6353.841117877563,-22634.171235791204,-22634.171235791204,-22634.171235791204,0.0,0.0,0.0,58170.56393439683
2021-10-08,74462.56885100568,42537.148466376624,48602.38363172251,74462.56885100568,74462.56885100568,-28956.114136196895,-28956.114136196895,-28956.114136196895,-6357.843660698582,-6357.843660698582,-6357.843660698582,-22598.270475498317,-22598.270475498317,-22598.270475498317,0.0,0.0,0.0,45506.45471480879
2021-10-09,74474.24364970086,34752.35513641488,40653.20236124816,74474.24364970086,74474.24364970086,-36808.970461569064,-36808.970461569064,-36808.970461569064,-14253.90140791352,-14253.90140791352,-14253.90140791352,-22555.06905365555,-22555.06905365555,-22555.06905365555,0.0,0.0,0.0,37665.273188131796
2021-10-10,74485.91844839606,37628.87583276227,43499.12206321989,74485.91844839606,74485.91844839606,-33965.151951110034,-33965.151951110034,-33965.151951110034,-11460.703720554684,-11460.703720554684,-11460.703720554684,-22504.44823055535,-22504.44823055535,-22504.44823055535,0.0,0.0,0.0,40520.76649728602
2021-10-11,74497.59324709125,49036.9796503153,54827.77998196916,74497.59324709125,74497.59324709125,-22458.412403513856,-22458.412403513856,-22458.412403513856,-12.109897368349385,-12.109897368349385,-12.109897368349385,-22446.302506145505,-22446.302506145505,-22446.302506145505,0.0,0.0,0.0,52039.1808435774
2021-10-12,74509.26804578645,60711.935286842236,66700.68796903925,74509.26804578645,74509.26804578645,-10937.522166082792,-10937.522166082792,-10937.522166082792,11443.02075561244,11443.02075561244,11443.02075561244,-22380.542921695233,-22380.542921695233,-22380.542921695233,0.0,0.0,0.0,63571.74587970365
2021-10-13,74520.94284448166,63680.097052698766,69595.23707627416,74520.94284448166,74520.94284448166,-8019.403205145065,-8019.403205145065,-8019.403205145065,14287.696813027133,14287.696813027133,14287.696813027133,-22307.100018172197,-22307.100018172197,-22307.100018172197,0.0,0.0,0.0,66501.5396393366
2021-10-14,74532.61764317684,55631.19404500306,61516.87024180864,74532.61764317684,74532.61764317684,-15872.085245621862,-15872.085245621862,-15872.085245621862,6353.8411179168925,6353.8411179168925,6353.8411179168925,-22225.92636353875,-22225.92636353875,-22225.92636353875,0.0,0.0,0.0,58660.532397554976
2021-10-15,74544.29244187204,43047.571344251744,49109.44906654726,74544.29244187204,74544.29244187204,-28494.84223330259,-28494.84223330259,-28494.84223330259,-6357.843660707342,-6357.843660707342,-6357.843660707342,-22136.998572595247,-22136.998572595247,-22136.998572595247,0.0,0.0,0.0,46049.45020856945
2021-10-16,74555.96724056723,35459.88992788407,41148.98496181062,74555.96724056723,74555.96724056723,-36294.22016463654,-36294.22016463654,-36294.22016463654,-14253.901407915684,-14253.901407915684,-14253.901407915684,-22040.31875672086,-22040.31875672086,-22040.31875672086,0.0,0.0,0.0,38261.74707593069
2021-10-17,74567.64203926243,38064.50508963156,43951.422005537206,74567.64203926243,74567.64203926243,-33396.619077074945,-33396.619077074945,-33396.619077074945,-11460.703720548678,-11460.703720548678,-11460.703720548678,-21935.91535652626,-21935.91535652626,-21935.91535652626,0.0,0.0,0.0,41171.02296218748
2021-10-18,74579.31683795761,49854.99809782786,55511.88758244416,74579.31683795761,74579.31683795761,-21835.953224949433,-21835.953224949433,-21835.953224949433,-12.109897358682154,-12.109897358682154,-12.109897358682154,-21823.843327590752,-21823.843327590752,-21823.843327590752,0.0,0.0,0.0,52743.36361300817
2021-10-19,74590.99163665282,61336.166967437915,67237.42082222158,74590.99163665282,74590.99163665282,-10261.16291203683,-10261.16291203683,-10261.16291203683,11443.020755585134,11443.020755585134,11443.020755585134,-21704.183667621965,-21704.183667621965,-21704.183667621965,0.0,0.0,0.0,64329.82872461599
2021-10-20,74602.66643534802,64524.559162894984,70427.51291814247,74602.66643534802,74602.66643534802,-7289.345479018507,-7289.345479018507,-7289.345479018507,14287.696813025024,14287.696813025024,14287.696813025024,-21577.04229204353,-21577.04229204353,-21577.04229204353,0.0,0.0,0.0,67313.32095632951
2021-10-21,74614.34123404321,56464.4624167457,62455.018828839326,74614.34123404321,74614.34123404321,-15088.707165708938,-15088.707165708938,-15088.707165708938,6353.841117908184,6353.841117908184,6353.841117908184,-21442.548283617125,-21442.548283617125,-21442.548283617125,0.0,0.0,0.0,59525.63406833427
2021-10-22,74626.01603273841,44094.25195438042,50109.12797806168,74626.01603273841,74626.01603273841,-27658.695220463498,-27658.695220463498,-27658.695220463498,-6357.84366071601,-6357.84366071601,-6357.84366071601,-21300.851559747487,-21300.851559747487,-21300.851559747487,0.0,0.0,0.0,46967.320812274906
2021-10-23,74637.6908314336,36511.3614702014,42055.7146289343,74637.6908314336,74637.6908314336,-35406.02142594887,-35406.02142594887,-35406.02142594887,-14253.901407917836,-14253.901407917836,-14253.901407917836,-21152.120018031037,-21152.120018031037,-21152.120018031037,0.0,0.0,0.0,39231.66940548473
2021-10-24,74649.3656301288,39077.704719239395,45228.8106689781,74649.3656301288,74649.3656301288,-32457.239956465033,-32457.239956465033,-32457.239956465033,-11460.70372054266,-11460.70372054266,-11460.70372054266,-20996.536235922373,-20996.536235922373,-20996.536235922373,0.0,0.0,0.0,42192.125673663766
2021-10-25,74661.040428824,50999.59749515912,56866.297343131955,74661.040428824,74661.040428824,-20846.4037109924,-20846.4037109924,-20846.4037109924,-12.109897349014918,-12.109897349014918,-12.109897349014918,-20834.29381364338,-20834.29381364338,-20834.29381364338,0.0,0.0,0.0,53814.6367178316
2021-10-26,74672.71522751919,62450.321698353706,68234.06296379243,74672.71522751919,74672.71522751919,-9222.572704656079,-9222.572704656079,-9222.572704656079,11443.020755591248,11443.020755591248,11443.020755591248,-20665.593460247328,-20665.593460247328,-20665.593460247328,0.0,0.0,0.0,65450.14252286311
2021-10-27,74684.39002621439,65372.313651057506,71471.75668076186,74684.39002621439,74684.39002621439,-6202.942117741781,-6202.942117741781,-6202.942117741781,14287.696813022914,14287.696813022914,14287.696813022914,-20490.638930764693,-20490.638930764693,-20490.638930764693,0.0,0.0,0.0,68481.4479084726
2021-10-28,74696.06482490957,57815.06737906157,63770.77592236143,74696.06482490957,74696.06482490957,-13955.791809406028,-13955.791809406028,-13955.791809406028,6353.841117899475,6353.841117899475,6353.841117899475,-20309.632927305505,-20309.632927305505,-20309.632927305505,0.0,0.0,0.0,60740.27301550354
2021-10-29,74707.73962360476,44999.50827237473,51173.40670046795,74707.73962360476,74707.73962360476,-26480.616739498935,-26480.616739498935,-26480.616739498935,-6357.843660724722,-6357.843660724722,-6357.843660724722,-20122.77307877421,-20122.77307877421,-20122.77307877421,0.0,0.0,0.0,48227.12288410583
2021-10-30,74719.41442229997,37578.952418095265,43404.00303634019,74719.41442229997,74719.41442229997,-34184.14952024166,-34184.14952024166,-34184.14952024166,-14253.901407908144,-14253.901407908144,-14253.901407908144,-19930.248112333516,-19930.248112333516,-19930.248112333516,0.0,0.0,0.0,40535.26490205831
2021-10-31,74731.08922099517,40577.70979372711,46348.195560474516,74731.08922099517,74731.08922099517,-31192.93804552921,-31192.93804552921,-31192.93804552921,-11460.703720536654,-11460.703720536654,-11460.703720536654,-19732.23432499255,-19732.23432499255,-19732.23432499255,0.0,0.0,0.0,43538.15117546596
2021-11-01,74742.76401969037,52177.228660181776,58230.78255609149,74742.76401969037,74742.76401969037,-19541.00235313578,-19541.00235313578,-19541.00235313578,-12.109897339347688,-12.109897339347688,-12.109897339347688,-19528.892455796435,-19528.892455796435,-19528.892455796435,0.0,0.0,0.0,55201.76166655459
2021-11-02,74754.43881838555,63645.26765652886,69799.11242834057,74754.43881838555,74754.43881838555,-7877.344292662119,-7877.344292662119,-7877.344292662119,11443.020755597257,11443.020755597257,11443.020755597257,-19320.365048259377,-19320.365048259377,-19320.365048259377,0.0,0.0,0.0,66877.09452572343
2021-11-03,74766.11361708074,67090.25379328683,72968.23026439917,74766.11361708074,74766.11361708074,-4819.077566209443,-4819.077566209443,-4819.077566209443,14287.696813020746,14287.696813020746,14287.696813020746,-19106.774379230188,-19106.774379230188,-19106.774379230188,0.0,0.0,0.0,69947.0360508713
2021-11-04,74777.78841577594,59578.79389862719,65318.2598300321,74777.78841577594,74777.78841577594,-12534.379896683708,-12534.379896683708,-12534.379896683708,6353.841117938805,6353.841117938805,6353.841117938805,-18888.22101462251,-18888.22101462251,-18888.22101462251,0.0,0.0,0.0,62243.408519092234
2021-11-05,74789.46321447115,46762.628204347275,52662.05667537311,74789.46321447115,74789.46321447115,-25022.62669563585,-25022.62669563585,-25022.62669563585,-6357.843660733434,-6357.843660733434,-6357.843660733434,-18664.783034902415,-18664.783034902415,-18664.783034902415,0.0,0.0,0.0,49766.836518835305
2021-11-06,74801.13801316633,38714.88833450224,45109.22139391221,74801.13801316633,74801.13801316633,-32690.417362225064,-32690.417362225064,-32690.417362225064,-14253.901407910273,-14253.901407910273,-14253.901407910273,-18436.515954314786,-18436.515954314786,-18436.515954314786,0.0,0.0,0.0,42110.720650941264
2021-11-07,74812.81281186153,42150.02829976691,48063.75515029028,74812.81281186153,74812.81281186153,-29664.157058666166,-29664.157058666166,-29664.157058666166,-11460.703720530648,-11460.703720530648,-11460.703720530648,-18203.453338135518,-18203.453338135518,-18203.453338135518,0.0,0.0,0.0,45148.65575319536
2021-11-08,74824.48761055672,53868.602476740176,59914.80119532301,74824.48761055672,74824.48761055672,-17977.717999627883,-17977.717999627883,-17977.717999627883,-12.109897329646722,-12.109897329646722,-12.109897329646722,-17965.608102298236,-17965.608102298236,-17965.608102298236,0.0,0.0,0.0,56846.76961092884
2021-11-09,74836.16240925192,65860.95618606792,71542.82301729987,74836.16240925192,74836.16240925192,-6279.9537045272555,-6279.9537045272555,-6279.9537045272555,11443.020755603315,11443.020755603315,11443.020755603315,-17722.974460130572,-17722.974460130572,-17722.974460130572,0.0,0.0,0.0,68556.20870472466
2021-11-10,74847.83720794712,68525.8597607839,74423.49820017068,74847.83720794712,74847.83720794712,-3187.8336492087,-3187.8336492087,-3187.8336492087,14287.696813030516,14287.696813030516,14287.696813030516,-17475.530462239214,-17475.530462239214,-17475.530462239214,0.0,0.0,0.0,71660.00355873842
2021-11-11,74859.51200664231,61117.97304035309,66838.77646697241,74859.51200664231,74859.51200664231,-10869.399940349187,-10869.399940349187,-10869.399940349187,6353.8411179300365,6353.8411179300365,6353.8411179300365,-17223.241058279225,-17223.241058279225,-17223.241058279225,0.0,0.0,0.0,63990.11206629312
2021-11-12,74871.18680533751,48623.482367364566,54284.789970103375,74871.18680533751,74871.18680533751,-23323.905254777528,-23323.905254777528,-23323.905254777528,-6357.843660742151,-6357.843660742151,-6357.843660742151,-16966.06159403538,-16966.06159403538,-16966.06159403538,0.0,0.0,0.0,51547.28155055998
2021-11-13,74882.8616040327,41168.0405712812,47131.2229731493,74882.8616040327,74882.8616040327,-30957.843052195618,-30957.843052195618,-30957.843052195618,-14253.901407912439,-14253.901407912439,-14253.901407912439,-16703.941644283175,-16703.941644283175,-16703.941644283175,0.0,0.0,0.0,43925.018551837085
2021-11-14,74894.5364027279,44010.57131680421,50063.89595351019,74894.5364027279,74894.5364027279,-27897.532792292128,-27897.532792292128,-27897.532792292128,-11460.703720557733,-11460.703720557733,-11460.703720557733,-16436.829071734395,-16436.829071734395,-16436.829071734395,0.0,0.0,0.0,46997.00361043577
2021-11-15,74906.21120142308,55779.69093820983,61688.95559887347,74906.21120142308,74906.21120142308,-16176.784092651149,-16176.784092651149,-16176.784092651149,-12.109897373262982,-12.109897373262982,-12.109897373262982,-16164.674195277887,-16164.674195277887,-16164.674195277887,0.0,0.0,0.0,58729.42710877193
2021-11-16,74917.88600011829,67489.34750965808,73357.0606843815,74917.88600011829,74917.88600011829,-4444.413191351261,-4444.413191351261,-4444.413191351261,11443.020755609376,11443.020755609376,11443.020755609376,-15887.433946960637,-15887.433946960637,-15887.433946960637,0.0,0.0,0.0,70473.47280876702
2021-11-17,74928.62763569428,70651.28984342769,76531.74366352522,74928.62763569428,74928.62763569428,-1317.3790837372694,-1317.3790837372694,-1317.3790837372694,14287.696813028282,14287.696813028282,14287.696813028282,-15605.07589676555,-15605.07589676555,-15605.07589676555,0.0,0.0,0.0,73611.24855195702
2021-11-18,74939.36927127028,63064.17107380467,69015.86653030994,74939.36927127028,74939.36927127028,-8963.740909452157,-8963.740909452157,-8963.740909452157,6353.841117921387,6353.841117921387,6353.841117921387,-15317.582027373546,-15317.582027373546,-15317.582027373546,0.0,0.0,0.0,65975.62836181812
2021-11-19,74950.11090684628,50563.12658295415,56575.36733960449,74950.11090684628,74950.11090684628,-21382.795808315757,-21382.795808315757,-21382.795808315757,-6357.843660750817,-6357.843660750817,-6357.843660750817,-15024.95214756494,-15024.95214756494,-15024.95214756494,0.0,0.0,0.0,53567.315098530526
2021-11-20,74960.85254242226,43081.50817696244,48697.46473215427,74960.85254242226,74960.85254242226,-28981.1082505418,-28981.1082505418,-28981.1082505418,-14253.90140791459,-14253.90140791459,-14253.90140791459,-14727.206842627213,-14727.206842627213,-14727.206842627213,0.0,0.0,0.0,45979.74429188046
2021-11-21,74971.59417799827,46233.295188330485,51974.21613158815,74971.59417799827,74971.59417799827,-25885.093593351314,-25885.093593351314,-25885.093593351314,-11460.70372055173,-11460.70372055173,-11460.70372055173,-14424.389872799584,-14424.389872799584,-14424.389872799584,0.0,0.0,0.0,49086.50058464696
2021-11-22,74982.33581357426,57990.891488568835,63662.52682973369,74982.33581357426,74982.33581357426,-14128.679843417687,-14128.679843417687,-14128.679843417687,-12.109897363562022,-12.109897363562022,-12.109897363562022,-14116.569946054124,-14116.569946054124,-14116.569946054124,0.0,0.0,0.0,60853.65597015657
2021-11-23,74993.07744915027,69566.43581528252,75473.40239477702,74993.07744915027,74993.07744915027,-2360.8210533835113,-2360.8210533835113,-2360.8210533835113,11443.020755615438,11443.020755615438,11443.020755615438,-13803.84180899895,-13803.84180899895,-13803.84180899895,0.0,0.0,0.0,72632.25639576676
2021-11-24,75003.81908472624,72791.69421111025,78505.4211215042,75003.81908472624,75003.81908472624,801.3701942053833,801.3701942053833,801.3701942053833,14287.69681302617,14287.69681302617,14287.69681302617,-13486.326618820787,-13486.326618820787,-13486.326618820787,0.0,0.0,0.0,75805.18927893163
2021-11-25,75014.56072030225,65048.60910387409,71453.68244088213,75014.56072030225,75014.56072030225,-6810.33046163729,-6810.33046163729,-6810.33046163729,6353.841117912618,6353.841117912618,6353.841117912618,-13164.171579549908,-13164.171579549908,-13164.171579549908,0.0,0.0,0.0,68204.23025866496
2021-11-26,75025.30235587824,53120.916590149645,58857.32607869003,75025.30235587824,75025.30235587824,-19195.392507540015,-19195.392507540015,-19195.392507540015,-6357.8436607116,-6357.8436607116,-6357.8436607116,-12837.548846828415,-12837.548846828415,-12837.548846828415,0.0,0.0,0.0,55829.909848338226
2021-11-27,75036.04399145424,45218.80031714175,51048.90355601803,75036.04399145424,75036.04399145424,-26760.55513420302,-26760.55513420302,-26760.55513420302,-14253.90140791674,-14253.90140791674,-14253.90140791674,-12506.653726286278,-12506.653726286278,-12506.653726286278,0.0,0.0,0.0,48275.48885725121
2021-11-28,75046.78562703023,48567.464020181134,54329.949192008025,75046.78562703023,75046.78562703023,-23632.40593149,-23632.40593149,-23632.40593149,-11460.70372054571,-11460.70372054571,-11460.70372054571,-12171.702210944286,-12171.702210944286,-12171.702210944286,0.0,0.0,0.0,51414.37969554023
2021-11-29,75057.52726260624,60282.025545184275,66137.23376707443,75057.52726260624,75057.52726260624,-11845.037819543451,-11845.037819543451,-11845.037819543451,-12.109897353928519,-12.109897353928519,-12.109897353928519,-11832.927922189523,-11832.927922189523,-11832.927922189523,0.0,0.0,0.0,63212.48944306278
2021-11-30,75068.26889818223,71889.76922654842,77963.38139625783,75068.26889818223,75068.26889818223,-47.55778067170288,-47.55778067170288,-47.55778067170288,11443.020755621445,11443.020755621445,11443.020755621445,-11490.57853629315,-11490.57853629315,-11490.57853629315,0.0,0.0,0.0,75020.71111751052
2021-12-01,75079.01053375822,75139.09759472823,81312.80809931051,75079.01053375822,75079.01053375822,3142.7850194677603,3142.7850194677603,3142.7850194677603,14287.696813035813,14287.696813035813,14287.696813035813,-11144.911793568053,-11144.911793568053,-11144.911793568053,0.0,0.0,0.0,78221.79555322598
2021-12-02,75089.75216933423,67492.39625012943,73744.80924962326,75089.75216933423,75089.75216933423,-4442.350081885571,-4442.350081885571,-4442.350081885571,6353.841117903849,6353.841117903849,6353.841117903849,-10796.19119978942,-10796.19119978942,-10796.19119978942,0.0,0.0,0.0,70647.40208744866
2021-12-03,75100.49380491022,55272.44372159547,61193.04774517949,75100.49380491022,75100.49380491022,-16802.52519964285,-16802.52519964285,-16802.52519964285,-6357.8436607202675,-6357.8436607202675,-6357.8436607202675,-10444.681538922585,-10444.681538922585,-10444.681538922585,0.0,0.0,0.0,58297.96860526737
2021-12-04,75111.23544048621,47692.72017131408,53736.1230391128,75111.23544048621,75111.23544048621,-24344.545730242615,-24344.545730242615,-24344.545730242615,-14253.90140791889,-14253.90140791889,-14253.90140791889,-10090.644322323727,-10090.644322323727,-10090.644322323727,0.0,0.0,0.0,50766.6897102436
2021-12-05,75121.9770760622,50997.901134633816,56725.321669273624,75121.9770760622,75121.9770760622,-21195.03702271903,-21195.03702271903,-21195.03702271903,-11460.703720539703,-11460.703720539703,-11460.703720539703,-9734.333302179326,-9734.333302179326,-9734.333302179326,0.0,0.0,0.0,53926.940053343176
2021-12-06,75132.71871163821,63080.47545953869,68840.98866507245,75132.71871163821,75132.71871163821,-9388.10007327735,-9388.10007327735,-9388.10007327735,-12.109897344228418,-12.109897344228418,-12.109897344228418,-9375.99017593312,-9375.99017593312,-9375.99017593312,0.0,0.0,0.0,65744.61863836086
2021-12-07,75143.46034721419,74749.4320443196,80428.23560821795,75143.46034721419,75143.46034721419,2427.180151721204,2427.180151721204,2427.180151721204,11443.02075559419,11443.02075559419,11443.02075559419,-9015.840603872988,-9015.840603872988,-9015.840603872988,0.0,0.0,0.0,77570.64049893539
2021-12-08,75154.2019827902,77888.67900846238,83669.42804531289,75154.2019827902,75154.2019827902,5633.606159105514,5633.606159105514,5633.606159105514,14287.696813033706,14287.696813033706,14287.696813033706,-8654.090653928193,-8654.090653928193,-8654.090653928193,0.0,0.0,0.0,80787.80814189572
2021-12-09,75164.94361836619,69985.75245930291,76180.64714025962,75164.94361836619,75164.94361836619,-1937.0826585254626,-1937.0826585254626,-1937.0826585254626,6353.8411178952,6353.8411178952,6353.8411178952,-8290.923776420663,-8290.923776420663,-8290.923776420663,0.0,0.0,0.0,73227.86095984072
2021-12-10,75175.6852539422,57652.56840349837,63711.612690983035,75175.6852539422,75175.6852539422,-14284.342057914044,-14284.342057914044,-14284.342057914044,-6357.843660729028,-6357.843660729028,-6357.843660729028,-7926.498397185015,-7926.498397185015,-7926.498397185015,0.0,0.0,0.0,60891.34319602815
2021-12-11,75186.42688951819,50289.299378417156,56330.77278138229,75186.42688951819,75186.42688951819,-21814.84760851726,-21814.84760851726,-21814.84760851726,-14253.901407909176,-14253.901407909176,-14253.901407909176,-7560.946200608082,-7560.946200608082,-7560.946200608082,0.0,0.0,0.0,53371.57928100093
2021-12-12,75197.16852509418,53666.3866554454,59498.17434940499,75197.16852509418,75197.16852509418,-18655.074875723665,-18655.074875723665,-18655.074875723665,-11460.703720566795,-11460.703720566795,-11460.703720566795,-7194.371155156868,-7194.371155156868,-7194.371155156868,0.0,0.0,0.0,56542.093649370516
2021-12-13,75207.91016067019,65420.02655473883,71321.77815445802,75207.91016067019,75207.91016067019,-6838.959210777836,-6838.959210777836,-6838.959210777836,-12.109897334527455,-12.109897334527455,-12.109897334527455,-6826.849313443309,-6826.849313443309,-6826.849313443309,0.0,0.0,0.0,68368.95094989236
2021-12-14,75218.65179624617,77386.57189643424,83376.94625854178,75218.65179624617,75218.65179624617,4984.591358313877,4984.591358313877,4984.591358313877,11443.020755600202,11443.020755600202,11443.020755600202,-6458.429397286325,-6458.429397286325,-6458.429397286325,0.0,0.0,0.0,80203.24315456004
2021-12-15,75229.39343182217,80644.17780323207,86627.46513676459,75229.39343182217,75229.39343182217,8198.562656698905,8198.562656698905,8198.562656698905,14287.696813031536,14287.696813031536,14287.696813031536,-6089.134156332633,-6089.134156332633,-6089.134156332633,0.0,0.0,0.0,83427.95608852108
2021-12-16,75240.13506739817,72950.46654023453,79023.07710453706,75240.13506739817,75240.13506739817,634.8786508342112,634.8786508342112,634.8786508342112,6353.841117886432,6353.841117886432,6353.841117886432,-5718.962467052221,-5718.962467052221,-5718.962467052221,0.0,0.0,0.0,75875.01371823238
2021-12-17,75250.87670297416,60483.78642621236,66578.76803152176,75250.87670297416,75250.87670297416,-11705.735778783539,-11705.735778783539,-11705.735778783539,-6357.843660737693,-6357.843660737693,-6357.843660737693,-5347.892118045843,-5347.892118045843,-5347.892118045843,0.0,0.0,0.0,63545.14092419062
2021-12-18,75261.61833855015,53051.0639666374,58744.796145979075,75261.61833855015,75261.61833855015,-19229.784616051165,-19229.784616051165,-19229.784616051165,-14253.901407911324,-14253.901407911324,-14253.901407911324,-4975.883208139844,-4975.883208139844,-4975.883208139844,0.0,0.0,0.0,56031.83372249898
2021-12-19,75272.35997412616,56234.02455895713,62099.31625064159,75272.35997412616,75272.35997412616,-16063.585786809937,-16063.585786809937,-16063.585786809937,-11460.703720560788,-11460.703720560788,-11460.703720560788,-4602.88206624915,-4602.88206624915,-4602.88206624915,0.0,0.0,0.0,59208.774187316216
2021-12-20,75283.10160970215,67770.57431652604,73952.00293704067,75283.10160970215,75283.10160970215,-4240.935484328795,-4240.935484328795,-4240.935484328795,-12.109897324893089,-12.109897324893089,-12.109897324893089,-4228.825587003901,-4228.825587003901,-4228.825587003901,0.0,0.0,0.0,71042.16612537336
2021-12-21,75293.84324527814,80012.58139738414,85812.17024797005,75293.84324527814,75293.84324527814,7589.374891620329,7589.374891620329,7589.374891620329,11443.020755606314,11443.020755606314,11443.020755606314,-3853.645863985984,-3853.645863985984,-3853.645863985984,0.0,0.0,0.0,82883.21813689847
2021-12-22,75304.58488085413,82860.32456844006,89157.27277357214,75304.58488085413,75304.58488085413,10810.421819417503,10810.421819417503,10810.421819417503,14287.696813029363,14287.696813029363,14287.696813029363,-3477.2749936118616,-3477.2749936118616,-3477.2749936118616,0.0,0.0,0.0,86115.00670027164
2021-12-23,75315.32651643014,75638.72646208867,81430.02681344442,75315.32651643014,75315.32651643014,3254.1912005957547,3254.1912005957547,3254.1912005957547,6353.841117925762,6353.841117925762,6353.841117925762,-3099.6499173300076,-3099.6499173300076,-3099.6499173300076,0.0,0.0,0.0,78569.5177170259
2021-12-24,75326.06815200612,63248.03984974348,69436.30359732635,75326.06815200612,75326.06815200612,-9078.560828886584,-9078.560828886584,-9078.560828886584,-6357.843660746361,-6357.843660746361,-6357.843660746361,-2720.7171681402233,-2720.7171681402233,-2720.7171681402233,0.0,0.0,0.0,66247.50732311953
2021-12-25,75336.80978758213,55972.93599605732,61867.69054711816,75336.80978758213,75336.80978758213,-16594.33879741458,-16594.33879741458,-16594.33879741458,-14253.901407913494,-14253.901407913494,-14253.901407913494,-2340.437389501083,-2340.437389501083,-2340.437389501083,0.0,0.0,0.0,58742.470990167545
2021-12-26,75347.55142315813,59004.98864934773,64700.687829294366,75347.55142315813,75347.55142315813,-13419.493220975497,-13419.493220975497,-13419.493220975497,-11460.703720554777,-11460.703720554777,-11460.703720554777,-1958.7895004207205,-1958.7895004207205,-1958.7895004207205,0.0,0.0,0.0,61928.058202182634
2021-12-27,75358.29305873413,70569.32012826373,76795.44327767254,75358.29305873413,75358.29305873413,-1587.8842871376844,-1587.8842871376844,-1587.8842871376844,-12.10989731519385,-12.10989731519385,-12.10989731519385,-1575.7743898224905,-1575.7743898224905,-1575.7743898224905,0.0,0.0,0.0,73770.40877159644
2021-12-28,75369.03469431012,82557.15969269535,88591.2660448536,75369.03469431012,75369.03469431012,10251.602719799399,10251.602719799399,10251.602719799399,11443.020755579062,11443.020755579062,11443.020755579062,-1191.4180357796624,-1191.4180357796624,-1191.4180357796624,0.0,0.0,0.0,85620.63741410951
2021-12-29,75379.77632988611,85920.49357570145,91866.1457632906,75379.77632988611,75379.77632988611,13481.922852286263,13481.922852286263,13481.922852286263,14287.696813027198,14287.696813027198,14287.696813027198,-805.7739607409345,-805.7739607409345,-805.7739607409345,0.0,0.0,0.0,88861.69918217238
2021-12-30,75390.51796546212,78198.89817891619,84138.40040955656,75390.51796546212,75390.51796546212,5934.916166082946,5934.916166082946,5934.916166082946,6353.8411179169925,6353.8411179169925,6353.8411179169925,-418.92495183404685,-418.92495183404685,-418.92495183404685,0.0,0.0,0.0,81325.43413154506
2021-12-31,75401.2596010381,66130.76879582286,72047.39969221936,75401.2596010381,75401.2596010381,-6388.82765610428,-6388.82765610428,-6388.82765610428,-6357.84366075512,-6357.84366075512,-6357.84366075512,-30.9839953491599,-30.9839953491599,-30.9839953491599,0.0,0.0,0.0,69012.4319449338
2022-01-01,75412.0012366141,58482.428921521045,64566.31794997841,75412.0012366141,75412.0012366141,-13895.995803882264,-13895.995803882264,-13895.995803882264,-14253.90140791562,-14253.90140791562,-14253.90140791562,357.9056040333548,357.9056040333548,357.9056040333548,0.0,0.0,0.0,61516.005432731836
2022-01-02,75422.7428721901,61902.223748010496,67784.85176395744,75422.7428721901,75422.7428721901,-10713.132794159283,-10713.132794159283,-10713.132794159283,-11460.703720548765,-11460.703720548765,-11460.703720548765,747.5709263894828,747.5709263894828,747.5709263894828,0.0,0.0,0.0,64709.61007803081
2022-01-03,75433.48450776609,73516.75563683522,79500.33981479333,75433.48450776609,75433.48450776609,1125.7010492375905,1125.7010492375905,1125.7010492375905,-12.10989735880925,-12.10989735880925,-12.10989735880925,1137.8109465963998,1137.8109465963998,1137.8109465963998,0.0,0.0,0.0,76559.18555700367
2022-01-04,75444.22614334208,85595.68946065434,91387.54299719926,75444.22614334208,75444.22614334208,12971.419569247908,12971.419569247908,12971.419569247908,11443.020755585121,11443.020755585121,11443.020755585121,1528.3988136627877,1528.3988136627877,1528.3988136627877,0.0,0.0,0.0,88415.64571258999
2022-01-05,75454.96777891809,88534.62241030805,94859.51234985748,75454.96777891809,75454.96777891809,16206.78165353361,16206.78165353361,16206.78165353361,14287.696813025086,14287.696813025086,14287.696813025086,1919.0848405085248,1919.0848405085248,1919.0848405085248,0.0,0.0,0.0,91661.7494324517
2022-01-06,75465.7094144941,81103.69986094079,87091.64423868408,75465.7094144941,75465.7094144941,8663.441243707626,8663.441243707626,8663.441243707626,6353.841117908284,6353.841117908284,6353.841117908284,2309.6001257993407,2309.6001257993407,2309.6001257993407,0.0,0.0,0.0,84129.15065820172
2022-01-07,75476.45105007007,68970.99471156627,74808.00154255325,75476.45105007007,75476.45105007007,-3658.1829487768086,-3658.1829487768086,-3658.1829487768086,-6357.843660763786,-6357.843660763786,-6357.843660763786,2699.6607119869777,2699.6607119869777,2699.6607119869777,0.0,0.0,0.0,71818.26810129326
2022-01-08,75487.19268564608,61449.285673843115,67521.38506799405,75487.19268564608,75487.19268564608,-11164.929239022165,-11164.929239022165,-11164.929239022165,-14253.901407905936,-14253.901407905936,-14253.901407905936,3088.9721688837712,3088.9721688837712,3088.9721688837712,0.0,0.0,0.0,64322.26344662391
2022-01-09,75497.93432122207,64373.82093366893,70446.55629655486,75497.93432122207,75497.93432122207,-7983.469240217051,-7983.469240217051,-7983.469240217051,-11460.703720542751,-11460.703720542751,-11460.703720542751,3477.2344803257006,3477.2344803257006,3477.2344803257006,0.0,0.0,0.0,67514.46508100502
2022-01-10,75508.67595679806,76341.71557887724,82390.52894664166,75508.67595679806,75508.67595679806,3852.037205683315,3852.037205683315,3852.037205683315,-12.109897349109147,-12.109897349109147,-12.109897349109147,3864.1471030324237,3864.1471030324237,3864.1471030324237,0.0,0.0,0.0,79360.71316248138
2022-01-11,75519.41759237405,88144.26576952769,94342.70878513451,75519.41759237405,75519.41759237405,15692.434817589796,15692.434817589796,15692.434817589796,11443.020755591131,11443.020755591131,11443.020755591131,4249.414061998665,4249.414061998665,4249.414061998665,0.0,0.0,0.0,91211.85240996385
2022-01-12,75530.15922795006,91342.46297930829,97429.42213651996,75530.15922795006,75530.15922795006,18920.44575864219,18920.44575864219,18920.44575864219,14287.696813022852,14287.696813022852,14287.696813022852,4632.748945619336,4632.748945619336,4632.748945619336,0.0,0.0,0.0,94450.60498659225
2022-01-13,75540.90086352605,83896.96124434443,89742.66507817226,75540.90086352605,75540.90086352605,11367.720784352963,11367.720784352963,11367.720784352963,6353.841117899575,6353.841117899575,6353.841117899575,5013.8796664533875,5013.8796664533875,5013.8796664533875,0.0,0.0,0.0,86908.62164787902
2022-01-14,75551.64249910203,71474.58858616985,77541.58832416438,75551.64249910203,75551.64249910203,-965.2908008425599,-965.2908008425599,-965.2908008425599,-6357.843660724616,-6357.843660724616,-6357.843660724616,5392.552859882056,5392.552859882056,5392.552859882056,0.0,0.0,0.0,74586.35169825947
2022-01-15,75562.2994087873,63986.56501741411,69929.53900868542,75562.2994087873,75562.2994087873,-8485.363605113254,-8485.363605113254,-8485.363605113254,-14253.901407908083,-14253.901407908083,-14253.901407908083,5768.537802794825,5768.537802794825,5768.537802794825,0.0,0.0,0.0,67076.93580367405
2022-01-16,75572.95631847254,67232.42163677704,73154.96399837987,75572.95631847254,75572.95631847254,-5319.0739730255655,-5319.0739730255655,-5319.0739730255655,-11460.703720536745,-11460.703720536745,-11460.703720536745,6141.629747511178,6141.629747511178,6141.629747511178,0.0,0.0,0.0,70253.88234544698
2022-01-17,75583.61322815779,79165.37578822051,85015.82376417877,75583.61322815779,75583.61322815779,6499.542684814176,6499.542684814176,6499.542684814176,-12.10989733944105,-12.10989733944105,-12.10989733944105,6511.652582153617,6511.652582153617,6511.652582153617,0.0,0.0,0.0,82083.15591297197
2022-01-18,75594.27013784304,90666.02634087914,97001.56466750664,75594.27013784304,75594.27013784304,18321.48150262669,18321.48150262669,18321.48150262669,11443.02075559714,11443.02075559714,11443.02075559714,6878.46074702955,6878.46074702955,6878.46074702955,0.0,0.0,0.0,93915.75164046972
2022-01-19,75604.9270475283,94281.90355276065,100161.61398671778,75604.9270475283,75604.9270475283,21529.63716993103,21529.63716993103,21529.63716993103,14287.696813032619,14287.696813032619,14287.696813032619,7241.940356898407,7241.940356898407,7241.940356898407,0.0,0.0,0.0,97134.56421745932
2022-01-20,75615.58395721354,86742.47536023219,92445.5532139412,75615.58395721354,75615.58395721354,13955.850618519886,13955.850618519886,13955.850618519886,6353.841117890866,6353.841117890866,6353.841117890866,7602.009500629019,7602.009500629019,7602.009500629019,0.0,0.0,0.0,89571.43457573344
2022-01-21,75626.2408668988,74333.5667766553,80207.75945371496,75626.2408668988,75626.2408668988,1600.7740513987333,1600.7740513987333,1600.7740513987333,-6357.843660733285,-6357.843660733285,-6357.843660733285,7958.617712132018,7958.617712132018,7958.617712132018,0.0,0.0,0.0,77227.01491829754
2022-01-22,75636.89777658404,66677.94631316517,72707.61781272973,75636.89777658404,75636.89777658404,-5942.156778947014,-5942.156778947014,-5942.156778947014,-14253.901407910253,-14253.901407910253,-14253.901407910253,8311.744628963239,8311.744628963239,8311.744628963239,0.0,0.0,0.0,69694.74099763703
2022-01-23,75647.5546862693,70095.04206303097,75856.8524384514,75647.5546862693,75647.5546862693,-2799.3058435576836,-2799.3058435576836,-2799.3058435576836,-11460.703720530728,-11460.703720530728,-11460.703720530728,8661.397876973044,8661.397876973044,8661.397876973044,0.0,0.0,0.0,72848.24884271162
2022-01-24,75658.21159595455,81556.64579044741,87523.39444381528,75658.21159595455,75658.21159595455,8995.500342932495,8995.500342932495,8995.500342932495,-12.109897383091036,-12.109897383091036,-12.109897383091036,9007.610240315587,9007.610240315587,9007.610240315587,0.0,0.0,0.0,84653.71193888705
2022-01-25,75668.8685056398,93403.40673192512,99489.27748582265,75668.8685056398,75668.8685056398,20793.45695091081,20793.45695091081,20793.45695091081,11443.020755603253,11443.020755603253,11443.020755603253,9350.436195307555,9350.436195307555,9350.436195307555,0.0,0.0,0.0,96462.3254565506
2022-01-26,75679.52541532504,96736.26391095105,102947.48987538942,75679.52541532504,75679.52541532504,23977.644716691568,23977.644716691568,23977.644716691568,14287.696813030454,14287.696813030454,14287.696813030454,9689.947903661114,9689.947903661114,9689.947903661114,0.0,0.0,0.0,99657.17013201662
2022-01-27,75690.1823250103,89166.4380859001,95088.5239166177,75690.1823250103,75690.1823250103,16380.071892830392,16380.071892830392,16380.071892830392,6353.841117882097,6353.841117882097,6353.841117882097,10026.230774948297,10026.230774948297,10026.230774948297,0.0,0.0,0.0,92070.2542178407
2022-01-28,75700.83923469555,76723.15975359562,82230.68136465334,75700.83923469555,75700.83923469555,4001.535058695103,4001.535058695103,4001.535058695103,-6357.843660741999,-6357.843660741999,-6357.843660741999,10359.378719437102,10359.378719437102,10359.378719437102,0.0,0.0,0.0,79702.37429339066
2022-01-29,75711.4961443808,69187.44269645028,75253.21799145264,75711.4961443808,75711.4961443808,-3564.4121875397286,-3564.4121875397286,-3564.4121875397286,-14253.90140791242,-14253.90140791242,-14253.90140791242,10689.48922037269,10689.48922037269,10689.48922037269,0.0,0.0,0.0,72147.08395684107
2022-01-30,75722.15305406605,72263.74121752029,78268.0765837502,75722.15305406605,75722.15305406605,-444.0453614437968,-444.0453614437968,-444.0453614437968,-11460.703720557825,-11460.703720557825,-11460.703720557825,11016.658359114028,11016.658359114028,11016.658359114028,0.0,0.0,0.0,75278.10769262224
2022-01-31,75732.80996375131,84304.2752689694,90305.63865161371,75732.80996375131,75732.80996375131,11328.866029889912,11328.866029889912,11328.866029889912,-12.109897373423808,-12.109897373423808,-12.109897373423808,11340.975927263333,11340.975927263333,11340.975927263333,0.0,0.0,0.0,87061.67599364123
2022-02-01,75743.46687343656,95803.82290065002,101784.86438060981,75743.46687343656,75743.46687343656,23105.54151251076,23105.54151251076,23105.54151251076,11443.020755609261,11443.020755609261,11443.020755609261,11662.520756901498,11662.520756901498,11662.520756901498,0.0,0.0,0.0,98849.00838594732
2022-02-02,75754.1237831218,99361.83755001437,104893.8171774014,75754.1237831218,75754.1237831218,26269.05320652997,26269.05320652997,26269.05320652997,14287.696813028342,14287.696813028342,14287.696813028342,11981.356393501626,11981.356393501626,11981.356393501626,0.0,0.0,0.0,102023.17698965178
2022-02-03,75764.78069280705,91453.95581547791,97179.35798843039,75764.78069280705,75764.78069280705,18651.368344015984,18651.368344015984,18651.368344015984,6353.841117873449,6353.841117873449,6353.841117873449,12297.527226142536,12297.527226142536,12297.527226142536,0.0,0.0,0.0,94416.14903682303
2022-02-04,75775.43760249231,79123.8283399474,84840.4443289249,75775.43760249231,75775.43760249231,6253.211515910052,6253.211515910052,6253.211515910052,-6357.843660702782,-6357.843660702782,-6357.843660702782,12611.055176612834,12611.055176612834,12611.055176612834,0.0,0.0,0.0,82028.64911840236
2022-02-05,75786.09451217756,71414.944841944,77426.9576616911,75786.09451217756,75786.09451217756,-1331.9643746559423,-1331.9643746559423,-1331.9643746559423,-14253.901407914549,-14253.901407914549,-14253.901407914549,12921.937033258606,12921.937033258606,12921.937033258606,0.0,0.0,0.0,74454.13013752161
2022-02-06,75796.75142186282,74597.68390471049,80535.64611114739,75796.75142186282,75796.75142186282,1769.4387768459999,1769.4387768459999,1769.4387768459999,-11460.703720551814,-11460.703720551814,-11460.703720551814,13230.142497397814,13230.142497397814,13230.142497397814,0.0,0.0,0.0,77566.19019870882
2022-02-07,75807.40833154805,86399.94035526471,92448.27533372518,75807.40833154805,75807.40833154805,13523.503093026588,13523.503093026588,13523.503093026588,-12.109897363723706,-12.109897363723706,-12.109897363723706,13535.612990390313,13535.612990390313,13535.612990390313,0.0,0.0,0.0,89330.91142457465
2022-02-08,75818.06524123331,98155.1770219156,104034.76918250757,75818.06524123331,75818.06524123331,25281.28200409826,25281.28200409826,25281.28200409826,11443.02075561532,11443.02075561532,11443.02075561532,13838.261248482935,13838.261248482935,13838.261248482935,0.0,0.0,0.0,101099.34724533158
2022-02-09,75828.72215091856,101131.06412013694,107266.87733910617,75828.72215091856,75828.72215091856,28425.668523968452,28425.668523968452,28425.668523968452,14287.696813026236,14287.696813026236,14287.696813026236,14137.971710942216,14137.971710942216,14137.971710942216,0.0,0.0,0.0,104254.39067488702
2022-02-10,75839.37906060381,93653.73968169288,99451.35883534957,75839.37906060381,75839.37906060381,20788.442803379443,20788.442803379443,20788.442803379443,6353.841117912718,6353.841117912718,6353.841117912718,14434.601685466725,14434.601685466725,14434.601685466725,0.0,0.0,0.0,96627.82186398325
2022-02-11,75850.03597028906,81323.39068965957,87262.18788803094,75850.03597028906,75850.03597028906,8370.139593113237,8370.139593113237,8370.139593113237,-6357.843660711494,-6357.843660711494,-6357.843660711494,14727.983253824734,14727.983253824734,14727.983253824734,0.0,0.0,0.0,84220.1755634023
2022-02-12,75860.69287997432,73764.45686743269,79583.84042381341,75860.69287997432,75860.69287997432,764.0244529208005,764.0244529208005,764.0244529208005,-14253.901407916717,-14253.901407916717,-14253.901407916717,15017.925860837518,15017.925860837518,15017.925860837518,0.0,0.0,0.0,76624.71733289512
2022-02-13,75871.34978965957,76771.9909354896,82813.04770279977,75871.34978965957,75871.34978965957,3843.5157911806427,3843.5157911806427,3843.5157911806427,-11460.70372054581,-11460.70372054581,-11460.70372054581,15304.219511726451,15304.219511726451,15304.219511726451,0.0,0.0,0.0,79714.86558084021
2022-02-14,75882.00669934481,88585.54506815136,94459.70892259998,75882.00669934481,75882.00669934481,15574.528589513156,15574.528589513156,15574.528589513156,-12.10989735405561,-12.10989735405561,-12.10989735405561,15586.638486867212,15586.638486867212,15586.638486867212,0.0,0.0,0.0,91456.53528885797
2022-02-15,75892.66360903007,100328.48815002503,106112.6640855942,75892.66360903007,75892.66360903007,27307.96622531595,27307.96622531595,27307.96622531595,11443.020755588068,11443.020755588068,11443.020755588068,15864.94546972788,15864.94546972788,15864.94546972788,0.0,0.0,0.0,103200.62983434602
2022-02-16,75903.32051871532,103548.1705663561,109457.44755236134,75903.32051871532,75903.32051871532,30426.592786389534,30426.592786389534,30426.592786389534,14287.696813024002,14287.696813024002,14287.696813024002,16138.895973365537,16138.895973365537,16138.895973365537,0.0,0.0,0.0,106329.91330510486
2022-02-17,75913.97742840057,95793.39584043184,101616.03623980426,75913.97742840057,75913.97742840057,22762.084061716734,22762.084061716734,22762.084061716734,6353.841117904068,6353.841117904068,6353.841117904068,16408.242943812667,16408.242943812667,16408.242943812667,0.0,0.0,0.0,98676.06149011731
2022-02-18,75924.63433808582,83102.97491177259,89148.038104091,75924.63433808582,75924.63433808582,10314.897754216454,10314.897754216454,10314.897754216454,-6357.843660720162,-6357.843660720162,-6357.843660720162,16672.741414936616,16672.741414936616,16672.741414936616,0.0,0.0,0.0,86239.53209230227
2022-02-19,75935.29124777108,75570.09693571445,81556.89020498985,75935.29124777108,75935.29124777108,2678.2516812247563,2678.2516812247563,2678.2516812247563,-14253.901407918866,-14253.901407918866,-14253.901407918866,16932.153089143623,16932.153089143623,16932.153089143623,0.0,0.0,0.0,78613.54292899584
2022-02-20,75945.94815745633,78852.67192565344,84517.9681907064,75945.94815745633,75945.94815745633,5725.547001016078,5725.547001016078,5725.547001016078,-11460.703720539803,-11460.703720539803,-11460.703720539803,17186.25072155588,17186.25072155588,17186.25072155588,0.0,0.0,0.0,81671.4951584724
2022-02-21,75956.60506714159,90518.32257900714,96116.95693604987,75956.60506714159,75956.60506714159,17422.71229451084,17422.71229451084,17422.71229451084,-12.109897344355511,-12.109897344355511,-12.109897344355511,17434.822191855194,17434.822191855194,17434.822191855194,0.0,0.0,0.0,93379.31736165243
2022-02-22,75967.26197682682,102326.38615107733,108203.18280890028,75967.26197682682,75967.26197682682,29120.694913283893,29120.694913283893,29120.694913283893,11443.020755594129,11443.020755594129,11443.020755594129,17677.674157689762,17677.674157689762,17677.674157689762,0.0,0.0,0.0,105087.95689011071
2022-02-23,75977.91888651208,105181.62922355831,110895.84454281974,75977.91888651208,75977.91888651208,32202.332009105492,32202.332009105492,32202.332009105492,14287.696813021894,14287.696813021894,14287.696813021894,17914.6351960836,17914.6351960836,17914.6351960836,0.0,0.0,0.0,108180.25089561757
2022-02-24,75988.57579619733,97502.08610321285,103445.4609333413,75988.57579619733,75988.57579619733,24499.399472187164,24499.399472187164,24499.399472187164,6353.8411178953,6353.8411178953,6353.8411178953,18145.558354291865,18145.558354291865,18145.558354291865,0.0,0.0,0.0,100487.9752683845
2022-02-25,75999.23270588259,85075.92609002395,90717.60910547104,75999.23270588259,75999.23270588259,12012.47938780753,12012.47938780753,12012.47938780753,-6357.843660728875,-6357.843660728875,-6357.843660728875,18370.323048536404,18370.323048536404,18370.323048536404,0.0,0.0,0.0,88011.71209369012
2022-02-26,76009.88961556782,77277.44582765909,83302.58994435555,76009.88961556782,76009.88961556782,4334.934859676345,4334.934859676345,4334.934859676345,-14253.901407909158,-14253.901407909158,-14253.901407909158,18588.836267585502,18588.836267585502,18588.836267585502,0.0,0.0,0.0,80344.82447524417
2022-02-27,76020.54652525308,80356.08167664369,86181.24199006532,76020.54652525308,76020.54652525308,7340.329337110491,7340.329337110491,7340.329337110491,-11460.70372056688,-11460.70372056688,-11460.70372056688,18801.03305767737,18801.03305767737,18801.03305767737,0.0,0.0,0.0,83360.87586236358
2022-02-28,76031.20343493833,91938.13857305584,97741.13756263012,76031.20343493833,76031.20343493833,18994.766387900516,18994.766387900516,18994.766387900516,-12.109897334720278,-12.109897334720278,-12.109897334720278,19006.876285235234,19006.876285235234,19006.876285235234,0.0,0.0,0.0,95025.96982283884
2022-03-01,76041.8603446236,103942.78816174419,109673.31566977169,76041.8603446236,76041.8603446236,30649.376449226962,30649.376449226962,30649.376449226962,11443.020755600137,11443.020755600137,11443.020755600137,19206.355693626825,19206.355693626825,19206.355693626825,0.0,0.0,0.0,106691.23679385055
2022-03-02,76052.51725430883,106807.84153588711,112664.98523951524,76052.51725430883,76052.51725430883,33687.1831024339,33687.1831024339,33687.1831024339,14287.696813019724,14287.696813019724,14287.696813019724,19399.486289414166,19399.486289414166,19399.486289414166,0.0,0.0,0.0,109739.70035674272
2022-03-03,76063.17416399409,99119.86629327232,105134.48085153957,76063.17416399409,76063.17416399409,25940.14722937579,25940.14722937579,25940.14722937579,6353.841117934629,6353.841117934629,6353.841117934629,19586.30611144116,19586.30611144116,19586.30611144116,0.0,0.0,0.0,102003.32139336987
2022-03-04,76073.83107367934,86655.60836413775,92592.859742285,76073.83107367934,76073.83107367934,13409.029791637151,13409.029791637151,13409.029791637151,-6357.843660737542,-6357.843660737542,-6357.843660737542,19766.873452374693,19766.873452374693,19766.873452374693,0.0,0.0,0.0,89482.86086531648
2022-03-05,76084.48798336458,78938.52272167831,84671.51364973963,76084.48798336458,76084.48798336458,5687.362208491517,5687.362208491517,5687.362208491517,-14253.901407911304,-14253.901407911304,-14253.901407911304,19941.26361640282,19941.26361640282,19941.26361640282,0.0,0.0,0.0,81771.8501918561
2022-03-06,76095.14489304983,81771.34305614948,87640.10432565384,76095.14489304983,76095.14489304983,8648.861587871857,8648.861587871857,8648.861587871857,-11460.703720560869,-11460.703720560869,-11460.703720560869,20109.565308432728,20109.565308432728,20109.565308432728,0.0,0.0,0.0,84744.00648092169
2022-03-07,76105.80180273509,93336.91207044102,99347.82675032305,76105.80180273509,76105.80180273509,20259.76686156959,20259.76686156959,20259.76686156959,-12.109897325021043,-12.109897325021043,-12.109897325021043,20271.876758894614,20271.876758894614,20271.876758894614,0.0,0.0,0.0,96365.56866430468
2022-03-08,76116.45871242034,104947.49456501745,110946.87889896713,76116.45871242034,76116.45871242034,31871.322449672214,31871.322449672214,31871.322449672214,11443.020755606198,11443.020755606198,11443.020755606198,20428.301694066016,20428.301694066016,20428.301694066016,0.0,0.0,0.0,107987.78116209255
2022-03-09,76127.1156221056,107962.71826748432,113966.7821770137,76127.1156221056,76127.1156221056,34866.6420775053,34866.6420775053,34866.6420775053,14287.69681302943,14287.69681302943,14287.69681302943,20578.945264475868,20578.945264475868,20578.945264475868,0.0,0.0,0.0,110993.7576996109
2022-03-10,76137.77253179083,100253.7246478893,105983.09405025146,76137.77253179083,76137.77253179083,27077.75116132333,27077.75116132333,27077.75116132333,6353.84111792592,6353.84111792592,6353.84111792592,20723.910043397413,20723.910043397413,20723.910043397413,0.0,0.0,0.0,103215.52369311417
2022-03-11,76148.4294414761,87747.05713717584,93559.74357362896,76148.4294414761,76148.4294414761,14505.448543032599,14505.448543032599,14505.448543032599,-6357.843660746301,-6357.843660746301,-6357.843660746301,20863.2922037789,20863.2922037789,20863.2922037789,0.0,0.0,0.0,90653.8779845087
2022-03-12,76159.08635116134,80032.51179561146,86077.33535119312,76159.08635116134,76159.08635116134,6743.276567412156,6743.276567412156,6743.276567412156,-14253.901407913474,-14253.901407913474,-14253.901407913474,20997.17797532563,20997.17797532563,20997.17797532563,0.0,0.0,0.0,82902.3629185735
2022-03-13,76169.7432608466,82641.78352671031,88833.73741688722,76169.7432608466,76169.7432608466,9664.936753482745,9664.936753482745,9664.936753482745,-11460.703720554862,-11460.703720554862,-11460.703720554862,21125.640474037606,21125.640474037606,21125.640474037606,0.0,0.0,0.0,85834.68001432935
2022-03-14,76176.80374512718,94538.81039920163,100459.17970234393,76176.80374512718,76176.80374512718,21236.62708728046,21236.62708728046,21236.62708728046,-12.109897368637304,-12.109897368637304,-12.109897368637304,21248.736984649095,21248.736984649095,21248.736984649095,0.0,0.0,0.0,97413.43083240764
2022-03-15,76183.86422940774,105980.70254219667,111894.77095732177,76183.86422940774,76183.86422940774,32809.527518090326,32809.527518090326,32809.527518090326,11443.020755612208,11443.020755612208,11443.020755612208,21366.506762478115,21366.506762478115,21366.506762478115,0.0,0.0,0.0,108993.39174749807
2022-03-16,76190.92471368832,108877.9877132433,114986.08391412966,76190.92471368832,76190.92471368832,35766.666218623286,35766.666218623286,35766.666218623286,14287.696813027258,14287.696813027258,14287.696813027258,21478.96940559603,21478.96940559603,21478.96940559603,0.0,0.0,0.0,111957.5909323116
2022-03-17,76197.9851979689,101130.82326203247,107044.37747368513,76197.9851979689,76197.9851979689,27939.96494933556,27939.96494933556,27939.96494933556,6353.841117917212,6353.841117917212,6353.841117917212,21586.123831418347,21586.123831418347,21586.123831418347,0.0,0.0,0.0,104137.95014730445
2022-03-18,76205.04568224947,88549.51626087305,94528.7820827273,76205.04568224947,76205.04568224947,15330.104213560577,15330.104213560577,15330.104213560577,-6357.843660754968,-6357.843660754968,-6357.843660754968,21687.947874315545,21687.947874315545,21687.947874315545,0.0,0.0,0.0,91535.14989581006
2022-03-19,76212.10616653005,80800.61611617,86852.05510084814,76212.10616653005,76212.10616653005,7530.4970952509875,7530.4970952509875,7530.4970952509875,-14253.90140791562,-14253.90140791562,-14253.90140791562,21784.39850316661,21784.39850316661,21784.39850316661,0.0,0.0,0.0,83742.60326178104
2022-03-20,76219.16665081061,83692.63769578205,89590.34881114926,76219.16665081061,76219.16665081061,10414.708919825875,10414.708919825875,10414.708919825875,-11460.703720548858,-11460.703720548858,-11460.703720548858,21875.412640374732,21875.412640374732,21875.412640374732,0.0,0.0,0.0,86633.87557063649
2022-03-21,76226.22713509119,95053.88053077243,101181.6125271962,76226.22713509119,76226.22713509119,21948.798649957436,21948.798649957436,21948.798649957436,-12.109897358969205,-12.109897358969205,-12.109897358969205,21960.908547316405,21960.908547316405,21960.908547316405,0.0,0.0,0.0,98175.02578504862
2022-03-22,76233.28761937177,106554.27610334138,112793.2588993364,76233.28761937177,76233.28761937177,33483.80848149825,33483.80848149825,33483.80848149825,11443.020755618321,11443.020755618321,11443.020755618321,22040.787725879924,22040.787725879924,22040.787725879924,0.0,0.0,0.0,109717.09610087003
2022-03-23,76240.34810365234,109618.20424591498,115434.18170418343,76240.34810365234,76240.34810365234,36402.634085178965,36402.634085178965,36402.634085178965,14287.696813025086,14287.696813025086,14287.696813025086,22114.937272153875,22114.937272153875,22114.937272153875,0.0,0.0,0.0,112642.98218883132
2022-03-24,76247.40858793292,101819.49525840487,107901.89188499602,76247.40858793292,76247.40858793292,28537.07372467433,28537.07372467433,28537.07372467433,6353.841117908442,6353.841117908442,6353.841117908442,22183.232606765887,22183.232606765887,22183.232606765887,0.0,0.0,0.0,104784.48231260726
2022-03-25,76254.46907221348,89136.71333356015,94869.94116020063,76254.46907221348,76254.46907221348,15887.696836464187,15887.696836464187,15887.696836464187,-6357.843660715752,-6357.843660715752,-6357.843660715752,22245.54049717994,22245.54049717994,22245.54049717994,0.0,0.0,0.0,92142.16590867768
2022-03-26,76261.52955649406,81616.70584534237,87159.60106666342,76261.52955649406,76261.52955649406,8047.820872760438,8047.820872760438,8047.820872760438,-14253.901407905914,-14253.901407905914,-14253.901407905914,22301.722280666352,22301.722280666352,22301.722280666352,0.0,0.0,0.0,84309.3504292545
2022-03-27,76268.59004077464,84079.25271526218,89994.68850990351,76268.59004077464,76268.59004077464,10890.93347223751,10890.93347223751,10890.93347223751,-11460.703720542846,-11460.703720542846,-11460.703720542846,22351.637192780356,22351.637192780356,22351.637192780356,0.0,0.0,0.0,87159.52351301214
2022-03-28,76275.65052505521,95732.299267873,101480.66948853858,76275.65052505521,76275.65052505521,22383.035807788165,22383.035807788165,22383.035807788165,-12.109897349302837,-12.109897349302837,-12.109897349302837,22395.145705137467,22395.145705137467,22395.145705137467,0.0,0.0,0.0,98658.68633284338
2022-03-29,76282.71100933579,107046.81111937264,112845.29085901355,76282.71100933579,76282.71100933579,33875.133533639324,33875.133533639324,33875.133533639324,11443.020755624331,11443.020755624331,11443.020755624331,22432.112778014995,22432.112778014995,22432.112778014995,0.0,0.0,0.0,110157.84454297512
2022-03-30,76289.77149361635,109688.23992858386,115838.57927688333,76289.77149361635,76289.77149361635,36750.107750780735,36750.107750780735,36750.107750780735,14287.696813034792,14287.696813034792,14287.696813034792,22462.410937745946,22462.410937745946,22462.410937745946,0.0,0.0,0.0,113039.87924439709
2022-03-31,76296.83197789693,101906.79509492088,107969.93464467718,76296.83197789693,76296.83197789693,28839.764213745715,28839.764213745715,28839.764213745715,6353.841117899675,6353.841117899675,6353.841117899675,22485.923095846043,22485.923095846043,22485.923095846043,0.0,0.0,0.0,105136.59619164265
2022-04-01,76303.89246217751,89545.06824349443,95319.25853926367,76303.89246217751,76303.89246217751,16144.701375345783,16144.701375345783,16144.701375345783,-6357.843660724465,-6357.843660724465,-6357.843660724465,22502.545036070245,22502.545036070245,22502.545036070245,0.0,0.0,0.0,92448.5938375233
2022-04-02,76310.95294645808,81698.79349260821,87419.74220303047,76310.95294645808,76310.95294645808,8258.286098922952,8258.286098922952,8258.286098922952,-14253.901407908039,-14253.901407908039,-14253.901407908039,22512.187506830993,22512.187506830993,22512.187506830993,0.0,0.0,0.0,84569.23904538104
2022-04-03,76318.01343073866,84411.971735581,90148.29829090554,76318.01343073866,76318.01343073866,11054.074148725038,11054.074148725038,11054.074148725038,-11460.703720536829,-11460.703720536829,-11460.703720536829,22514.777869261867,22514.777869261867,22514.777869261867,0.0,0.0,0.0,87372.0875794637
2022-04-04,76325.07391501922,95814.0713276555,101761.80719533032,76325.07391501922,76325.07391501922,22498.151367937844,22498.151367937844,22498.151367937844,-12.109897339601007,-12.109897339601007,-12.109897339601007,22510.261265277448,22510.261265277448,22510.261265277448,0.0,0.0,0.0,98823.22528295706
2022-04-05,76332.1343992998,107361.04124443365,113320.82673728623,76332.1343992998,76332.1343992998,33941.6220404235,33941.6220404235,33941.6220404235,11443.020755597076,11443.020755597076,11443.020755597076,22498.601284826425,22498.601284826425,22498.601284826425,0.0,0.0,0.0,110273.7564397233
2022-04-06,76339.19488358038,110209.26654109561,116129.23599896615,76339.19488358038,76339.19488358038,36767.47693974259,36767.47693974259,36767.47693974259,14287.696813032686,14287.696813032686,14287.696813032686,22479.78012670991,22479.78012670991,22479.78012670991,0.0,0.0,0.0,113106.67182332298
2022-04-07,76346.25536786095,102430.39049855835,108217.7059853953,76346.25536786095,76346.25536786095,28807.639380280474,28807.639380280474,28807.639380280474,6353.841117890965,6353.841117890965,6353.841117890965,22453.79826238951,22453.79826238951,22453.79826238951,0.0,0.0,0.0,105153.89474814144
2022-04-08,76353.31585214153,89333.13234854695,95377.04732194344,76353.31585214153,76353.31585214153,16062.829965958366,16062.829965958366,16062.829965958366,-6357.843660733177,-6357.843660733177,-6357.843660733177,22420.673626691547,22420.673626691547,22420.673626691547,0.0,0.0,0.0,92416.1458180999
2022-04-09,76360.3763364221,81714.33084124829,87432.00195641367,76360.3763364221,76360.3763364221,8126.538964899323,8126.538964899323,8126.538964899323,-14253.90140791021,-14253.90140791021,-14253.90140791021,22380.440372809535,22380.440372809535,22380.440372809535,0.0,0.0,0.0,84486.91530132142
2022-04-10,76367.43682070267,84256.43508506662,90073.37553634848,76367.43682070267,76367.43682070267,10872.44352056092,10872.44352056092,10872.44352056092,-11460.70372056392,-11460.70372056392,-11460.70372056392,22333.14724112484,22333.14724112484,22333.14724112484,0.0,0.0,0.0,87239.88034126359
2022-04-11,76374.49730498325,95565.20719151114,101503.11180437564,76374.49730498325,76374.49730498325,22266.74570444728,22266.74570444728,22266.74570444728,-12.109897329901772,-12.109897329901772,-12.109897329901772,22278.855601777177,22278.855601777177,22278.855601777177,0.0,0.0,0.0,98641.24300943053
2022-04-12,76381.55778926382,107005.38067369988,112915.83361484713,76381.55778926382,76381.55778926382,33660.657994925314,33660.657994925314,33660.657994925314,11443.020755603138,11443.020755603138,11443.020755603138,22217.63723932217,22217.63723932217,22217.63723932217,0.0,0.0,0.0,110042.21578418915
2022-04-13,76388.6182735444,109823.04710339764,115650.70363833281,76388.6182735444,76388.6182735444,36437.26876704662,36437.26876704662,36437.26876704662,14287.696813030454,14287.696813030454,14287.696813030454,22149.571954016163,22149.571954016163,22149.571954016163,0.0,0.0,0.0,112825.88704059101
2022-04-14,76395.67875782496,101644.75164908603,107703.03391211711,76395.67875782496,76395.67875782496,28428.586175979828,28428.586175979828,28428.586175979828,6353.841117882257,6353.841117882257,6353.841117882257,22074.74505809757,22074.74505809757,22074.74505809757,0.0,0.0,0.0,104824.26493380479
2022-04-15,76402.73924210554,88922.66123796048,94928.09689680423,76402.73924210554,76402.73924210554,15635.401186085623,15635.401186085623,15635.401186085623,-6357.843660741846,-6357.843660741846,-6357.843660741846,21993.244846827467,21993.244846827467,21993.244846827467,0.0,0.0,0.0,92038.14042819117
2022-04-16,76409.79972638612,81035.97064655182,87196.94650226698,76409.79972638612,76409.79972638612,7651.258715089569,7651.258715089569,7651.258715089569,-14253.901407912357,-14253.901407912357,-14253.901407912357,21905.160123001926,21905.160123001926,21905.160123001926,0.0,0.0,0.0,84061.05844147569
2022-04-17,76416.8602106667,83599.23081334835,89614.86937481527,76416.8602106667,76416.8602106667,10349.874129667243,10349.874129667243,10349.874129667243,-11460.703720557916,-11460.703720557916,-11460.703720557916,21810.57785022516,21810.57785022516,21810.57785022516,0.0,0.0,0.0,86766.73434033393
2022-04-18,76423.92069494727,95268.4817658149,101245.78347664012,76423.92069494727,76423.92069494727,21697.471107269364,21697.471107269364,21697.471107269364,-12.10989732023454,-12.10989732023454,-12.10989732023454,21709.5810045896,21709.5810045896,21709.5810045896,0.0,0.0,0.0,98121.39180221663
2022-04-19,76430.98117922785,106429.5450098276,112394.44629207782,76430.98117922785,76430.98117922785,33045.267442338336,33045.267442338336,33045.267442338336,11443.020755609197,11443.020755609197,11443.020755609197,21602.246686729137,21602.246686729137,21602.246686729137,0.0,0.0,0.0,109476.24862156619
2022-04-20,76438.04166350843,109335.00992770563,115075.6479892645,76438.04166350843,76438.04166350843,35776.34135982701,35776.34135982701,35776.34135982701,14287.696813028342,14287.696813028342,14287.696813028342,21488.64454679867,21488.64454679867,21488.64454679867,0.0,0.0,0.0,112214.38302333544
2022-04-21,76445.10214778899,101079.27616365624,106921.82782443911,76445.10214778899,76445.10214778899,27722.676681987305,27722.676681987305,27722.676681987305,6353.841117921586,6353.841117921586,6353.841117921586,21368.835564065717,21368.835564065717,21368.835564065717,0.0,0.0,0.0,104167.77882977629
2022-04-22,76452.16263206957,88590.4562888146,94458.49267945005,76452.16263206957,76452.16263206957,14885.02755015638,14885.02755015638,14885.02755015638,-6357.843660702673,-6357.843660702673,-6357.843660702673,21242.871210859055,21242.871210859055,21242.871210859055,0.0,0.0,0.0,91337.19018222594
2022-04-23,76459.22311635014,80449.20348292608,86339.39299835602,76459.22311635014,76459.22311635014,6856.89161005978,6856.89161005978,6856.89161005978,-14253.901407914527,-14253.901407914527,-14253.901407914527,21110.79301797431,21110.79301797431,21110.79301797431,0.0,0.0,0.0,83316.11472640993
2022-04-24,76466.28360063072,83173.26220731222,88788.8413911238,76466.28360063072,76466.28360063072,9511.928825152792,9511.928825152792,9511.928825152792,-11460.703720551901,-11460.703720551901,-11460.703720551901,20972.63254570469,20972.63254570469,20972.63254570469,0.0,0.0,0.0,85978.21242578351
2022-04-25,76473.3440849113,94229.994476627,100464.3235623223,76473.3440849113,76473.3440849113,20816.301854505182,20816.301854505182,20816.301854505182,-12.109897310566442,-12.109897310566442,-12.109897310566442,20828.411751815747,20828.411751815747,20828.411751815747,0.0,0.0,0.0,97289.64593941648
2022-04-26,76480.40456919186,105664.76449554588,111455.51186470524,76480.40456919186,76480.40456919186,32121.16449104455,32121.16449104455,32121.16449104455,11443.020755581943,11443.020755581943,11443.020755581943,20678.143735462603,20678.143735462603,20678.143735462603,0.0,0.0,0.0,108601.5690602364
2022-04-27,76487.46505347245,108341.50792321439,114382.28342546064,76487.46505347245,76487.46505347245,34809.530637606505,34809.530637606505,34809.530637606505,14287.696813026172,14287.696813026172,14287.696813026172,20521.833824580324,20521.833824580324,20521.833824580324,0.0,0.0,0.0,111296.99569107895
2022-04-28,76494.52553775301,100343.37942977653,106176.36180913338,76494.52553775301,76494.52553775301,26713.322081952152,26713.322081952152,26713.322081952152,6353.841117912818,6353.841117912818,6353.841117912818,20359.480964039332,20359.480964039332,20359.480964039332,0.0,0.0,0.0,103207.84761970516
2022-04-29,76501.58602203359,87393.0459293205,93505.52018240961,76501.58602203359,76501.58602203359,13833.235692424289,13833.235692424289,13833.235692424289,-6357.843660711341,-6357.843660711341,-6357.843660711341,20191.079353135632,20191.079353135632,20191.079353135632,0.0,0.0,0.0,90334.82171445788
2022-04-30,76508.64650631417,79273.75530769014,85468.27539581923,76508.64650631417,76508.64650631417,5762.718866110547,5762.718866110547,5762.718866110547,-14253.901407916674,-14253.901407916674,-14253.901407916674,20016.620274027224,20016.620274027224,20016.620274027224,0.0,0.0,0.0,82271.36537242471
2022-05-01,76515.70699059473,81825.18890722604,87881.69835293993,76515.70699059473,76515.70699059473,8375.390327201692,8375.390327201692,8375.390327201692,-11460.703720545893,-11460.703720545893,-11460.703720545893,19836.094047747585,19836.094047747585,19836.094047747585,0.0,0.0,0.0,84891.09731779642
2022-05-02,76522.76747487532,93502.65917018603,99076.5227872037,76522.76747487532,76522.76747487532,19637.382154149414,19637.382154149414,19637.382154149414,-12.109897354183566,-12.109897354183566,-12.109897354183566,19649.4920515036,19649.4920515036,19649.4920515036,0.0,0.0,0.0,96160.14962902473
2022-05-03,76529.82795915588,104389.80500084862,110271.03160775798,76529.82795915588,76529.82795915588,30899.82948582142,30899.82948582142,30899.82948582142,11443.020755588004,11443.020755588004,11443.020755588004,19456.80873023342,19456.80873023342,19456.80873023342,0.0,0.0,0.0,107429.6574449773
2022-05-04,76536.88844343646,106987.27391050765,113041.13560918433,76536.88844343646,76536.88844343646,33545.74034980621,33545.74034980621,33545.74034980621,14287.696813024064,14287.696813024064,14287.696813024064,19258.04353678214,19258.04353678214,19258.04353678214,0.0,0.0,0.0,110082.62879324268
2022-05-05,76543.94892771704,99322.26277071581,105104.02198330923,76543.94892771704,76543.94892771704,25407.043856428412,25407.043856428412,25407.043856428412,6353.841117904168,6353.841117904168,6353.841117904168,19053.202738524244,19053.202738524244,19053.202738524244,0.0,0.0,0.0,101950.99278414545
2022-05-06,76551.0094119976,86214.23836255108,91946.6681771415,76551.0094119976,76551.0094119976,12484.457372944897,12484.457372944897,12484.457372944897,-6357.8436607201,-6357.8436607201,-6357.8436607201,18842.301033664997,18842.301033664997,18842.301033664997,0.0,0.0,0.0,89035.46678494249
2022-05-07,76558.06989627819,78049.67804993894,84149.93192963128,76558.06989627819,76558.06989627819,4371.461519684535,4371.461519684535,4371.461519684535,-14253.901407906964,-14253.901407906964,-14253.901407906964,18625.3629275915,18625.3629275915,18625.3629275915,0.0,0.0,0.0,80929.53141596273
2022-05-08,76565.13038055875,80536.87574386428,86382.56949730836,76565.13038055875,76565.13038055875,6941.720107752039,6941.720107752039,6941.720107752039,-11460.70372053988,-11460.70372053988,-11460.70372053988,18402.42382829192,18402.42382829192,18402.42382829192,0.0,0.0,0.0,83506.8504883108
2022-05-09,76572.19086483933,91842.7051760395,97827.50184167313,76572.19086483933,76572.19086483933,18161.420932324305,18161.420932324305,18161.420932324305,-12.109897344515469,-12.109897344515469,-12.109897344515469,18173.530829668824,18173.530829668824,18173.530829668824,0.0,0.0,0.0,94733.61179716364
2022-05-10,76579.2513491199,103030.35630133912,108915.07730298187,76579.2513491199,76579.2513491199,29381.76391789113,29381.76391789113,29381.76391789113,11443.02075559401,11443.02075559401,11443.02075559401,17938.743162297116,17938.743162297116,17938.743162297116,0.0,0.0,0.0,105961.01526701104
2022-05-11,76586.31183340048,105442.81713683203,111313.69007711897,76586.31183340048,76586.31183340048,31985.829115401983,31985.829115401983,31985.829115401983,14287.696813021896,14287.696813021896,14287.696813021896,17698.132302380087,17698.132302380087,17698.132302380087,0.0,0.0,0.0,108572.14094880247
2022-05-12,76593.37231491163,97187.29119097,103484.96193186266,76593.37231491163,76593.37231491163,23805.62285892592,23805.62285892592,23805.62285892592,6353.841117895399,6353.841117895399,6353.841117895399,17451.781741030525,17451.781741030525,17451.781741030525,0.0,0.0,0.0,100398.99517383755
2022-05-13,76600.43279642277,84346.047019842,90414.12543918777,76600.43279642277,76600.43279642277,10841.942766428028,10841.942766428028,10841.942766428028,-6357.843660728768,-6357.843660728768,-6357.843660728768,17199.786427156796,17199.786427156796,17199.786427156796,0.0,0.0,0.0,87442.3755628508
2022-05-14,76607.49327793391,76523.35914509564,82268.01653583736,76607.49327793391,76607.49327793391,2688.3504998993744,2688.3504998993744,2688.3504998993744,-14253.901407909112,-14253.901407909112,-14253.901407909112,16942.251907808488,16942.251907808488,16942.251907808488,0.0,0.0,0.0,79295.84377783329
2022-05-15,76614.55375944506,78891.91801167655,84870.64272488283,76614.55375944506,76614.55375944506,5218.589478991219,5218.589478991219,5218.589478991219,-11460.703720533877,-11460.703720533877,-11460.703720533877,16679.293199525095,16679.293199525095,16679.293199525095,0.0,0.0,0.0,81833.14323843627
2022-05-16,76621.61424095619,89997.20535426067,95892.35415861807,76621.61424095619,76621.61424095619,16398.92353532657,16398.92353532657,16398.92353532657,-12.109897334848236,-12.109897334848236,-12.109897334848236,16411.033432661414,16411.033432661414,16411.033432661414,0.0,0.0,0.0,93020.53777628276
2022-05-17,76628.67472246733,101193.27033290558,106970.31879326238,76628.67472246733,76628.67472246733,27580.623073275685,27580.623073275685,27580.623073275685,11443.020755600128,11443.020755600128,11443.020755600128,16137.602317675557,16137.602317675557,16137.602317675557,0.0,0.0,0.0,104209.29779574301
2022-05-18,76635.73520397849,103868.46565601141,109648.34499486758,76635.73520397849,76635.73520397849,30146.83130067373,30146.83130067373,30146.83130067373,14287.696813031598,14287.696813031598,14287.696813031598,15859.13448764213,15859.13448764213,15859.13448764213,0.0,0.0,0.0,106782.56650465222
2022-05-19,76642.79568548962,95726.11074613093,101710.51663197012,76642.79568548962,76642.79568548962,21929.608892590266,21929.608892590266,21929.608892590266,6353.841117886691,6353.841117886691,6353.841117886691,15575.76777470358,15575.76777470358,15575.76777470358,0.0,0.0,0.0,98572.40457807988
2022-05-20,76649.85616700076,82463.43118611269,88765.69718189051,76649.85616700076,76649.85616700076,8929.797818934938,8929.797818934938,8929.797818934938,-6357.843660737436,-6357.843660737436,-6357.843660737436,15287.641479672375,15287.641479672375,15287.641479672375,0.0,0.0,0.0,85579.6539859357
2022-05-21,76656.9166485119,74502.97684793179,80354.17680414281,76656.9166485119,76656.9166485119,740.9932855947955,740.9932855947955,740.9932855947955,-14253.901407911282,-14253.901407911282,-14253.901407911282,14994.89469350608,14994.89469350608,14994.89469350608,0.0,0.0,0.0,77397.9099341067
2022-05-22,76663.97713002303,76880.23180653228,82997.95137080271,76663.97713002303,76663.97713002303,3236.961006434412,3236.961006434412,3236.961006434412,-11460.703720527863,-11460.703720527863,-11460.703720527863,14697.664726962275,14697.664726962275,14697.664726962275,0.0,0.0,0.0,79900.93813645745
2022-05-23,76671.0376115342,88243.71676374765,93921.60326584289,76671.0376115342,76671.0376115342,14383.975803029418,14383.975803029418,14383.975803029418,-12.10989737843163,-12.10989737843163,-12.10989737843163,14396.08570040785,14396.08570040785,14396.08570040785,0.0,0.0,0.0,91055.01341456361
2022-05-24,76678.09809304534,99371.08771264143,105206.98854760657,76678.09809304534,76678.09809304534,25533.308095388173,25533.308095388173,25533.308095388173,11443.020755606134,11443.020755606134,11443.020755606134,14090.287339782035,14090.287339782035,14090.287339782035,0.0,0.0,0.0,102211.40618843351
2022-05-25,76685.15857455647,101974.56691509834,107597.82849270442,76685.15857455647,76685.15857455647,28068.09083020644,28068.09083020644,28068.09083020644,14287.69681302943,14287.69681302943,14287.69681302943,13780.394017177014,13780.394017177014,13780.394017177014,0.0,0.0,0.0,104753.2494047629
2022-05-26,76692.21905606761,93451.59604045987,99519.56979573873,76692.21905606761,76692.21905606761,19820.365183665777,19820.365183665777,19820.365183665777,6353.84111792602,6353.84111792602,6353.84111792602,13466.52406573976,13466.52406573976,13466.52406573976,0.0,0.0,0.0,96512.58423973339
2022-05-27,76699.27953757875,80659.66639165841,86479.53025852253,76699.27953757875,76699.27953757875,6790.9457281161085,6790.9457281161085,6790.9457281161085,-6357.843660746148,-6357.843660746148,-6357.843660746148,13148.789388862257,13148.789388862257,13148.789388862257,0.0,0.0,0.0,83490.22526569487
2022-05-28,76706.3400190899,72429.00892443748,78162.12390952672,76706.3400190899,76706.3400190899,-1426.606034630274,-1426.606034630274,-1426.606034630274,-14253.901407913412,-14253.901407913412,-14253.901407913412,12827.295373283137,12827.295373283137,12827.295373283137,0.0,0.0,0.0,75279.73398445963
2022-05-29,76713.40050060104,74780.70892489838,80642.26239899882,76713.40050060104,76713.40050060104,1041.437384471941,1041.437384471941,1041.437384471941,-11460.703720554955,-11460.703720554955,-11460.703720554955,12502.141105026896,12502.141105026896,12502.141105026896,0.0,0.0,0.0,77754.83788507298
2022-05-30,76720.46098211218,86076.20887178429,91889.47753394925,76720.46098211218,76720.46098211218,12161.30997917032,12161.30997917032,12161.30997917032,-12.109897368797263,-12.109897368797263,-12.109897368797263,12173.419876539117,12173.419876539117,12173.419876539117,0.0,0.0,0.0,88881.77096128251
2022-05-31,76727.52146362333,97025.47917483989,103012.40126339758,76727.52146362333,76727.52146362333,23284.240718767847,23284.240718767847,23284.240718767847,11443.020755612144,11443.020755612144,11443.020755612144,11841.219963155703,11841.219963155703,11841.219963155703,0.0,0.0,0.0,100011.76218239118
2022-06-01,76734.58194513446,99605.52517363882,105494.10707083471,76734.58194513446,76734.58194513446,25793.32245062303,25793.32245062303,25793.32245062303,14287.696813027322,14287.696813027322,14287.696813027322,11505.625637595711,11505.625637595711,11505.625637595711,0.0,0.0,0.0,102527.90439575749
2022-06-02,76741.64242664562,91276.62911097937,97195.38834894598,76741.64242664562,76741.64242664562,17520.55950068039,17520.55950068039,17520.55950068039,6353.841117917311,6353.841117917311,6353.841117917311,11166.71838276308,11166.71838276308,11166.71838276308,0.0,0.0,0.0,94262.20192732601
2022-06-03,76748.70290815675,78304.39339988503,83952.5253760385,76748.70290815675,76748.70290815675,4466.734595357121,4466.734595357121,4466.734595357121,-6357.843660706889,-6357.843660706889,-6357.843660706889,10824.57825606401,10824.57825606401,10824.57825606401,0.0,0.0,0.0,81215.43750351387
2022-06-04,76755.76338966789,70161.1015057497,75793.61645398696,76755.76338966789,76755.76338966789,-3774.616054952552,-3774.616054952552,-3774.616054952552,-14253.901407915579,-14253.901407915579,-14253.901407915579,10479.285352963027,10479.285352963027,10479.285352963027,0.0,0.0,0.0,72981.14733471534
2022-06-05,76762.82387117903,72540.92771999963,78504.34893229065,76762.82387117903,76762.82387117903,-1329.7824068419202,-1329.7824068419202,-1329.7824068419202,-11460.703720548936,-11460.703720548936,-11460.703720548936,10130.921313707016,10130.921313707016,10130.921313707016,0.0,0.0,0.0,75433.04146433712
2022-06-06,76769.88435269016,83636.36441219994,89477.57413106681,76769.88435269016,76769.88435269016,9767.460917949425,9767.460917949425,9767.460917949425,-12.1098973590963,-12.1098973590963,-12.1098973590963,9779.570815308522,9779.570815308522,9779.570815308522,0.0,0.0,0.0,86537.34527063959
2022-06-07,76776.94483420132,94680.77201387298,100666.7302915583,76776.94483420132,76776.94483420132,20868.343746545215,20868.343746545215,20868.343746545215,11443.020755618203,11443.020755618203,11443.020755618203,9425.32299092701,9425.32299092701,9425.32299092701,0.0,0.0,0.0,97645.28858074654
2022-06-08,76784.00531571246,97274.77376674791,103190.70051143882,76784.00531571246,76784.00531571246,23355.969533842203,23355.969533842203,23355.969533842203,14287.696813025088,14287.696813025088,14287.696813025088,9068.272720817116,9068.272720817116,9068.272720817116,0.0,0.0,0.0,100139.97484955467
2022-06-09,76791.0657972236,88778.20657331288,94763.96861252515,76791.0657972236,76791.0657972236,15062.36286083919,15062.36286083919,15062.36286083919,6353.841117908602,6353.841117908602,6353.841117908602,8708.521742930587,8708.521742930587,8708.521742930587,0.0,0.0,0.0,91853.42865806278
2022-06-10,76798.12627873474,75810.92586766364,81808.94211603148,76798.12627873474,76798.12627873474,1988.3358762288124,1988.3358762288124,1988.3358762288124,-6357.843660715645,-6357.843660715645,-6357.843660715645,8346.179536944457,8346.179536944457,8346.179536944457,0.0,0.0,0.0,78786.46215496355
2022-06-11,76805.18676024588,67484.56130849053,73390.5861584602,76805.18676024588,76805.18676024588,-6272.537465111594,-6272.537465111594,-6272.537465111594,-14253.90140791775,-14253.90140791775,-14253.90140791775,7981.363942806154,7981.363942806154,7981.363942806154,0.0,0.0,0.0,70532.64929513428
2022-06-12,76812.24724175704,70101.4623762559,75748.20218819153,76812.24724175704,76812.24724175704,-3846.5022370322395,-3846.5022370322395,-3846.5022370322395,-11460.703720542933,-11460.703720542933,-11460.703720542933,7614.201483510692,7614.201483510692,7614.201483510692,0.0,0.0,0.0,72965.7450047248
2022-06-13,76819.30772326817,81144.57630228008,87096.62867521303,76819.30772326817,76819.30772326817,7232.717474280569,7232.717474280569,7232.717474280569,-12.109897349429064,-12.109897349429064,-12.109897349429064,7244.827371629998,7244.827371629998,7244.827371629998,0.0,0.0,0.0,84052.02519754873
2022-06-14,76826.36820477931,92226.60794813081,98267.33242148597,76826.36820477931,76826.36820477931,18316.405945232593,18316.405945232593,18316.405945232593,11443.0207555909,11443.0207555909,11443.0207555909,6873.385189641692,6873.385189641692,6873.385189641692,0.0,0.0,0.0,95142.7741500119
2022-06-15,76833.42868629046,94770.27375404138,100498.64228379629,76833.42868629046,76833.42868629046,20787.723058139152,20787.723058139152,20787.723058139152,14287.69681302298,14287.69681302298,14287.69681302298,6500.026245116173,6500.026245116173,6500.026245116173,0.0,0.0,0.0,97621.1517444296
2022-06-16,76840.48916780158,86515.05388925006,92357.17177504917,76840.48916780158,76840.48916780158,12478.749730823154,12478.749730823154,12478.749730823154,6353.841117899892,6353.841117899892,6353.841117899892,6124.908612923262,6124.908612923262,6124.908612923262,0.0,0.0,0.0,89319.23889862474
2022-06-17,76847.54964931274,73214.02286045074,79217.46317891596,76847.54964931274,76847.54964931274,-609.6477732718272,-609.6477732718272,-609.6477732718272,-6357.843660724314,-6357.843660724314,-6357.843660724314,5748.195887452486,5748.195887452486,5748.195887452486,0.0,0.0,0.0,76237.90187604091
2022-06-18,76854.61013082389,65072.36561907141,71004.21818071751,76854.61013082389,76854.61013082389,-8883.845729822988,-8883.845729822988,-8883.845729822988,-14253.901407919899,-14253.901407919899,-14253.901407919899,5370.055678096913,5370.055678096913,5370.055678096913,0.0,0.0,0.0,67970.7644010009
2022-06-19,76861.67061233502,67409.71074941514,73295.02544718525,76861.67061233502,76861.67061233502,-6470.0458300810205,-6470.0458300810205,-6470.0458300810205,-11460.703720570022,-11460.703720570022,-11460.703720570022,4990.657890489002,4990.657890489002,4990.657890489002,0.0,0.0,0.0,70391.62478225399
2022-06-20,76868.73109384616,78525.2274628125,84139.68213355332,76868.73109384616,76868.73109384616,4598.062946707621,4598.062946707621,4598.062946707621,-12.109897339761833,-12.109897339761833,-12.109897339761833,4610.172844047384,4610.172844047384,4610.172844047384,0.0,0.0,0.0,81466.79404055378
2022-06-21,76875.7915753573,89604.53171160475,95957.88922348815,76875.7915753573,76875.7915753573,15671.790038466623,15671.790038466623,15671.790038466623,11443.020755597014,11443.020755597014,11443.020755597014,4228.769282869607,4228.769282869607,4228.769282869607,0.0,0.0,0.0,92547.58161382393
2022-06-22,76882.85205686845,91965.00151597374,98026.74604420742,76882.85205686845,76882.85205686845,18134.30915480242,18134.30915480242,18134.30915480242,14287.696813032624,14287.696813032624,14287.696813032624,3846.6123417697954,3846.6123417697954,3846.6123417697954,0.0,0.0,0.0,95017.16121167087
2022-06-23,76889.91253837959,83910.13633143155,89675.15163993687,76889.91253837959,76889.91253837959,9817.702649976447,9817.702649976447,9817.702649976447,6353.841117891125,6353.841117891125,6353.841117891125,3463.8615320853214,3463.8615320853214,3463.8615320853214,0.0,0.0,0.0,86707.61518835604
2022-06-24,76896.97301989073,70652.74879119353,76472.50556529446,76896.97301989073,76896.97301989073,-3277.1748480238793,-3277.1748480238793,-3277.1748480238793,-6357.843660733026,-6357.843660733026,-6357.843660733026,3080.668812709147,3080.668812709147,3080.668812709147,0.0,0.0,0.0,73619.79817186686
2022-06-25,76904.03350140186,62058.83986107689,68246.68860438703,76904.03350140186,76904.03350140186,-11556.724597421282,-11556.724597421282,-11556.724597421282,-14253.901407910209,-14253.901407910209,-14253.901407910209,2697.1768104889275,2697.1768104889275,2697.1768104889275,0.0,0.0,0.0,65347.30890398058
2022-06-26,76911.09398291301,65019.134359047646,70765.0646992401,76911.09398291301,76911.09398291301,-9147.18646971756,-9147.18646971756,-9147.18646971756,-11460.703720564014,-11460.703720564014,-11460.703720564014,2313.5172508464543,2313.5172508464543,2313.5172508464543,0.0,0.0,0.0,67763.90751319545
2022-06-27,76918.15446442417,75909.75417409946,81843.9609406569,76918.15446442417,76918.15446442417,1917.6997568034776,1917.6997568034776,1917.6997568034776,-12.109897330094597,-12.109897330094597,-12.109897330094597,1929.8096541335724,1929.8096541335724,1929.8096541335724,0.0,0.0,0.0,78835.85422122764
2022-06-28,76925.2149459353,87048.78074257531,93005.27417429115,76925.2149459353,76925.2149459353,12989.181101707463,12989.181101707463,12989.181101707463,11443.020755603022,11443.020755603022,11443.020755603022,1546.1603461044424,1546.1603461044424,1546.1603461044424,0.0,0.0,0.0,89914.39604764276
2022-06-29,76932.27542744644,89404.97451783251,95366.54418365749,76932.27542744644,76932.27542744644,15450.358635137121,15450.358635137121,15450.358635137121,14287.696813030516,14287.696813030516,14287.696813030516,1162.661822106606,1162.661822106606,1162.661822106606,0.0,0.0,0.0,92382.63406258356
2022-06-30,76939.33590895758,81260.5006397371,87043.19974313553,76939.33590895758,76939.33590895758,7133.233612360978,7133.233612360978,7133.233612360978,6353.841117930455,6353.841117930455,6353.841117930455,779.3924944305228,779.3924944305228,779.3924944305228,0.0,0.0,0.0,84072.56952131857
2022-07-01,76946.39639046871,67930.01680220121,73758.70191774207,76946.39639046871,76946.39639046871,-5961.426819688227,-5961.426819688227,-5961.426819688227,-6357.843660741741,-6357.843660741741,-6357.843660741741,396.4168410535135,396.4168410535135,396.4168410535135,0.0,0.0,0.0,70984.96957078048
2022-07-02,76953.45687197987,59708.04978746125,65992.62479686039,76953.45687197987,76953.45687197987,-14240.11544591271,-14240.11544591271,-14240.11544591271,-14253.901407912335,-14253.901407912335,-14253.901407912335,13.78596199962463,13.78596199962463,13.78596199962463,0.0,0.0,0.0,62713.341426067156
2022-07-03,76960.51735349101,62210.761099377,68161.1748799248,76960.51735349101,76960.51735349101,-11829.165183324747,-11829.165183324747,-11829.165183324747,-11460.703720557996,-11460.703720557996,-11460.703720557996,-368.4614627667507,-368.4614627667507,-368.4614627667507,0.0,0.0,0.0,65131.35217016627
2022-07-04,76967.57783500214,73389.25320260078,79103.46894398627,76967.57783500214,76967.57783500214,-762.4077296904101,-762.4077296904101,-762.4077296904101,-12.109897320393634,-12.109897320393634,-12.109897320393634,-750.2978323700163,-750.2978323700163,-750.2978323700163,0.0,0.0,0.0,76205.17010531173
2022-07-05,76974.63831651329,84386.0094033126,90037.64872946977,76974.63831651329,76974.63831651329,10311.315824217403,10311.315824217403,10311.315824217403,11443.020755609083,11443.020755609083,11443.020755609083,-1131.70493139168,-1131.70493139168,-1131.70493139168,0.0,0.0,0.0,87285.9541407307
2022-07-06,76981.69879802443,86733.7622777332,92803.36382706459,76981.69879802443,76981.69879802443,12775.024887819172,12775.024887819172,12775.024887819172,14287.696813028406,14287.696813028406,14287.696813028406,-1512.6719252092346,-1512.6719252092346,-1512.6719252092346,0.0,0.0,0.0,89756.72368584361
2022-07-07,76988.75927953557,78382.52114627228,84328.47346071179,76988.75927953557,76988.75927953557,4460.648021864591,4460.648021864591,4460.648021864591,6353.841117921686,6353.841117921686,6353.841117921686,-1893.193096057095,-1893.193096057095,-1893.193096057095,0.0,0.0,0.0,81449.40730140016
2022-07-08,76995.81976104672,65301.079995234126,71487.77646086233,76995.81976104672,76995.81976104672,-8631.109040969235,-8631.109040969235,-8631.109040969235,-6357.843660750451,-6357.843660750451,-6357.843660750451,-2273.265380218783,-2273.265380218783,-2273.265380218783,0.0,0.0,0.0,68364.71072007748
2022-07-09,77002.8802444106,57193.135410528106,62834.68697562636,77002.8802444106,77002.8802444106,-16906.7871816957,-16906.7871816957,-16906.7871816957,-14253.901407914484,-14253.901407914484,-14253.901407914484,-2652.8857737812205,-2652.8857737812205,-2652.8857737812205,0.0,0.0,0.0,60096.09306271489
2022-07-10,77009.94072777448,59518.03215076475,65602.51128044093,77009.94072777448,77009.94072777448,-14492.752399927569,-14492.752399927569,-14492.752399927569,-11460.703720551992,-11460.703720551992,-11460.703720551992,-3032.0486793755763,-3032.0486793755763,-3032.0486793755763,0.0,0.0,0.0,62517.1883278469
2022-07-11,77017.00121113837,70805.62216714045,76523.76464146299,77017.00121113837,77017.00121113837,-3422.853166647738,-3422.853166647738,-3422.853166647738,-12.109897364010758,-12.109897364010758,-12.109897364010758,-3410.7432692837274,-3410.7432692837274,-3410.7432692837274,0.0,0.0,0.0,73594.14804449063
2022-07-12,77024.06169450225,81619.05938675415,87540.09638863496,77024.06169450225,77024.06169450225,7654.069814632922,7654.069814632922,7654.069814632922,11443.020755615142,11443.020755615142,11443.020755615142,-3788.9509409822194,-3788.9509409822194,-3788.9509409822194,0.0,0.0,0.0,84678.13150913517
2022-07-13,77031.12217786614,84118.24455210405,90034.49746309376,77031.12217786614,77031.12217786614,10121.05387339356,10121.05387339356,10121.05387339356,14287.696813026176,14287.696813026176,14287.696813026176,-4166.6429396326175,-4166.6429396326175,-4166.6429396326175,0.0,0.0,0.0,87152.1760512597
2022-07-14,77038.18266123002,75972.82675665946,81756.10606880419,77038.18266123002,77038.18266123002,1810.0628996854234,1810.0628996854234,1810.0628996854234,6353.841117913036,6353.841117913036,6353.841117913036,-4543.778218227613,-4543.778218227613,-4543.778218227613,0.0,0.0,0.0,78848.24556091544
2022-07-15,77045.2431445939,62842.85104636702,68751.6814035945,77045.2431445939,77045.2431445939,-11278.145260876729,-11278.145260876729,-11278.145260876729,-6357.843660759118,-6357.843660759118,-6357.843660759118,-4920.301600117609,-4920.301600117609,-4920.301600117609,0.0,0.0,0.0,65767.09788371717
2022-07-16,77052.3036279578,54443.13333183845,60601.04984094447,77052.3036279578,77052.3036279578,-19550.04370863982,-19550.04370863982,-19550.04370863982,-14253.901407904776,-14253.901407904776,-14253.901407904776,-5296.142300735047,-5296.142300735047,-5296.142300735047,0.0,0.0,0.0,57502.25991931798
2022-07-17,77059.36411132167,56947.20568121073,63086.0426397998,77059.36411132167,77059.36411132167,-17131.916576112624,-17131.916576112624,-17131.916576112624,-11460.703720545987,-11460.703720545987,-11460.703720545987,-5671.212855566639,-5671.212855566639,-5671.212855566639,0.0,0.0,0.0,59927.44753520905
2022-07-18,77066.42459468555,68131.18122367733,73957.20451147159,77066.42459468555,77066.42459468555,-6057.518387582899,-6057.518387582899,-6057.518387582899,-12.109897354309794,-12.109897354309794,-12.109897354309794,-6045.4084902285895,-6045.4084902285895,-6045.4084902285895,0.0,0.0,0.0,71008.90620710266
2022-07-19,77073.48507804945,79040.09373671844,84933.11582051268,77073.48507804945,77073.48507804945,5024.413799493613,5024.413799493613,5024.413799493613,11443.02075558789,11443.02075558789,11443.02075558789,-6418.606956094278,-6418.606956094278,-6418.606956094278,0.0,0.0,0.0,82097.89887754306
2022-07-20,77080.54556141334,81447.79776798286,87730.66433886389,77080.54556141334,77080.54556141334,7497.027971299934,7497.027971299934,7497.027971299934,14287.696813024066,14287.696813024066,14287.696813024066,-6790.668841724131,-6790.668841724131,-6790.668841724131,0.0,0.0,0.0,84577.57353271327
2022-07-21,77087.6060447772,73238.2881932444,78889.1887797788,77087.6060447772,77087.6060447772,-807.5972387809302,-807.5972387809302,-807.5972387809302,6353.841117904268,6353.841117904268,6353.841117904268,-7161.438356685198,-7161.438356685198,-7161.438356685198,0.0,0.0,0.0,76280.00880599627
2022-07-22,77094.6665281411,60228.52160302561,66333.01015430111,77094.6665281411,77094.6665281411,-13888.588231452046,-13888.588231452046,-13888.588231452046,-6357.843660719905,-6357.843660719905,-6357.843660719905,-7530.744570732144,-7530.744570732144,-7530.744570732144,0.0,0.0,0.0,63206.078296689055
2022-07-23,77101.72701150499,52023.44621764371,57694.02229403833,77101.72701150499,77101.72701150499,-22152.304485910096,-22152.304485910096,-22152.304485910096,-14253.901407906944,-14253.901407906944,-14253.901407906944,-7898.403078003149,-7898.403078003149,-7898.403078003149,0.0,0.0,0.0,54949.4225255949
2022-07-24,77108.78749486888,54438.006884203096,60381.22415129304,77108.78749486888,77108.78749486888,-19724.921763958675,-19724.921763958675,-19724.921763958675,-11460.703720539968,-11460.703720539968,-11460.703720539968,-8264.218043418707,-8264.218043418707,-8264.218043418707,0.0,0.0,0.0,57383.86573091021
2022-07-25,77115.84797823275,65582.585019328,71280.75922134466,77115.84797823275,77115.84797823275,-8640.094474475378,-8640.094474475378,-8640.094474475378,-12.109897344675428,-12.109897344675428,-12.109897344675428,-8627.984577130701,-8627.984577130701,-8627.984577130701,0.0,0.0,0.0,68475.75350375737
2022-07-26,77122.90846159664,76555.85616449584,82807.54421451333,77122.90846159664,77122.90846159664,2453.5293825491203,2453.5293825491203,2453.5293825491203,11443.02075559395,11443.02075559395,11443.02075559395,-8989.491373044832,-8989.491373044832,-8989.491373044832,0.0,0.0,0.0,79576.43784414577
2022-07-27,77129.96894496054,79295.59749012114,85020.93463316682,77129.96894496054,77129.96894496054,4939.173273603009,4939.173273603009,4939.173273603009,14287.696813033772,14287.696813033772,14287.696813033772,-9348.523539430762,-9348.523539430762,-9348.523539430762,0.0,0.0,0.0,82069.14221856355
2022-07-28,77137.02942832441,70871.88175840519,76755.07858976047,77137.02942832441,77137.02942832441,-3351.0244257587747,-3351.0244257587747,-3351.0244257587747,6353.841117895499,6353.841117895499,6353.841117895499,-9704.865543654274,-9704.865543654274,-9704.865543654274,0.0,0.0,0.0,73786.00500256564
2022-07-29,77144.0899116883,58024.12666801411,63747.67262294785,77144.0899116883,77144.0899116883,-16416.147850128884,-16416.147850128884,-16416.147850128884,-6357.843660728573,-6357.843660728573,-6357.843660728573,-10058.304189400309,-10058.304189400309,-10058.304189400309,0.0,0.0,0.0,60727.94206155941
2022-07-30,77151.15039505219,49341.20983242086,55492.15997004771,77151.15039505219,77151.15039505219,-24662.53295129276,-24662.53295129276,-24662.53295129276,-14253.901407909092,-14253.901407909092,-14253.901407909092,-10408.631543383666,-10408.631543383666,-10408.631543383666,0.0,0.0,0.0,52488.61744375943
2022-07-31,77158.21087841607,52015.2193101327,57965.82489275171,77158.21087841607,77158.21087841607,-22216.35145020008,-22216.35145020008,-22216.35145020008,-11460.70372053396,-11460.70372053396,-11460.70372053396,-10755.64772966612,-10755.64772966612,-10755.64772966612,0.0,0.0,0.0,54941.85942821599
2022-08-01,77165.27136177996,63186.849729928814,69098.13712155237,77165.27136177996,77165.27136177996,-11111.273410534843,-11111.273410534843,-11111.273410534843,-12.10989733497533,-12.10989733497533,-12.10989733497533,-11099.163513199868,-11099.163513199868,-11099.163513199868,0.0,0.0,0.0,66053.99795124511
2022-08-02,77172.33184514384,74154.81215553319,80095.9404429535,77172.33184514384,77172.33184514384,4.018155553659408,4.018155553659408,4.018155553659408,11443.020755600013,11443.020755600013,11443.020755600013,-11439.002600046353,-11439.002600046353,-11439.002600046353,0.0,0.0,0.0,77176.3500006975
2022-08-03,77179.39232850772,76876.68272706826,82641.3490665014,77179.39232850772,77179.39232850772,2512.693223314599,2512.693223314599,2512.693223314599,14287.696813031658,14287.696813031658,14287.696813031658,-11775.003589717062,-11775.003589717062,-11775.003589717062,0.0,0.0,0.0,79692.08555182231
2022-08-04,77186.45281187161,68332.10026696557,74225.21070811866,77186.45281187161,77186.45281187161,-5753.180407098291,-5753.180407098291,-5753.180407098291,6353.841117886849,6353.841117886849,6353.841117886849,-12107.021524985139,-12107.021524985139,-12107.021524985139,0.0,0.0,0.0,71433.27240477332
2022-08-05,77193.5132952355,55417.06912338096,61289.221430803365,77193.5132952355,77193.5132952355,-18792.772656867983,-18792.772656867983,-18792.772656867983,-6357.843660737373,-6357.843660737373,-6357.843660737373,-12434.928996130608,-12434.928996130608,-12434.928996130608,0.0,0.0,0.0,58400.740638367526
2022-08-06,77200.57377859937,47426.66388242601,53210.472310475256,77200.57377859937,77200.57377859937,-27012.5181773451,-27012.5181773451,-27012.5181773451,-14253.901407911238,-14253.901407911238,-14253.901407911238,-12758.616769433858,-12758.616769433858,-12758.616769433858,0.0,0.0,0.0,50188.055601254266
2022-08-07,77207.63426196326,49573.049987432794,55461.5045378579,77207.63426196326,77207.63426196326,-24538.69764414483,-24538.69764414483,-24538.69764414483,-11460.703720561052,-11460.703720561052,-11460.703720561052,-13077.993923583776,-13077.993923583776,-13077.993923583776,0.0,0.0,0.0,52668.93661781843
2022-08-08,77214.69474532716,60805.31991670709,66729.90616873933,77214.69474532716,77214.69474532716,-13405.097389345212,-13405.097389345212,-13405.097389345212,-12.109897325274362,-12.109897325274362,-12.109897325274362,-13392.987492019938,-13392.987492019938,-13392.987492019938,0.0,0.0,0.0,63809.59735598195
2022-08-09,77221.75522869104,71950.46212893388,77982.30527380272,77221.75522869104,77221.75522869104,-2260.5208680898095,-2260.5208680898095,-2260.5208680898095,11443.020755606021,11443.020755606021,11443.020755606021,-13703.54162369583,-13703.54162369583,-13703.54162369583,0.0,0.0,0.0,74961.23436060123
2022-08-10,77228.81571205491,74563.20910761027,80556.384768355,77228.81571205491,77228.81571205491,278.08052412706417,278.08052412706417,278.08052412706417,14287.696813029492,14287.696813029492,14287.696813029492,-14009.616288902429,-14009.616288902429,-14009.616288902429,0.0,0.0,0.0,77506.89623618197
2022-08-11,77235.87619541881,66534.85157457246,72384.67106148571,77235.87619541881,77235.87619541881,-7957.344452290914,-7957.344452290914,-7957.344452290914,6353.841117878082,6353.841117878082,6353.841117878082,-14311.185570168996,-14311.185570168996,-14311.185570168996,0.0,0.0,0.0,69278.5317431279
2022-08-12,77242.9366787827,53177.60551869783,59064.11151558757,77242.9366787827,77242.9366787827,-20966.079251244348,-20966.079251244348,-20966.079251244348,-6357.843660698114,-6357.843660698114,-6357.843660698114,-14608.235590546235,-14608.235590546235,-14608.235590546235,0.0,0.0,0.0,56276.85742753836
2022-08-13,77249.99716214657,45230.40243120706,51114.44623954971,77249.99716214657,77249.99716214657,-29154.663550187906,-29154.663550187906,-29154.663550187906,-14253.901407913389,-14253.901407913389,-14253.901407913389,-14900.76214227452,-14900.76214227452,-14900.76214227452,0.0,0.0,0.0,48095.33361195866
2022-08-14,77257.05764551046,47774.54407544898,53653.567447980124,77257.05764551046,77257.05764551046,-26649.471808306716,-26649.471808306716,-26649.471808306716,-11460.703720555048,-11460.703720555048,-11460.703720555048,-15188.768087751667,-15188.768087751667,-15188.768087751667,0.0,0.0,0.0,50607.58583720375
2022-08-15,77264.11812887435,58853.01673257484,64823.44321299114,77264.11812887435,77264.11812887435,-15484.370508795502,-15484.370508795502,-15484.370508795502,-12.109897315640861,-12.109897315640861,-12.109897315640861,-15472.260611479862,-15472.260611479862,-15472.260611479862,0.0,0.0,0.0,61779.74762007885
2022-08-16,77271.17861223823,70135.26959796244,76040.7902544957,77271.17861223823,77271.17861223823,-4308.227650503386,-4308.227650503386,-4308.227650503386,11443.020755612137,11443.020755612137,11443.020755612137,-15751.248406115523,-15751.248406115523,-15751.248406115523,0.0,0.0,0.0,72962.95096173485
2022-08-17,77278.23909560211,72702.03934350757,78790.59672405646,77278.23909560211,77278.23909560211,-1738.0420646989903,-1738.0420646989903,-1738.0420646989903,14287.69681302732,14287.69681302732,14287.69681302732,-16025.738877726311,-16025.738877726311,-16025.738877726311,0.0,0.0,0.0,75540.19703090312
2022-08-18,77285.299578966,64460.10742364926,70125.43338982714,77285.299578966,77285.299578966,-9941.894336856083,-9941.894336856083,-9941.894336856083,6353.841117917412,6353.841117917412,6353.841117917412,-16295.735454773496,-16295.735454773496,-16295.735454773496,0.0,0.0,0.0,67343.40524210992
2022-08-19,77292.36006232988,51313.14456802775,57186.97031445862,77292.36006232988,77292.36006232988,-22919.078742978385,-22919.078742978385,-22919.078742978385,-6357.843660706825,-6357.843660706825,-6357.843660706825,-16561.235082271556,-16561.235082271556,-16561.235082271556,0.0,0.0,0.0,54373.2813193515
2022-08-20,77299.42054569378,43220.72712703546,49019.08334068808,77299.42054569378,77299.42054569378,-31076.1273849084,-31076.1273849084,-31076.1273849084,-14253.901407915557,-14253.901407915557,-14253.901407915557,-16822.225976992835,-16822.225976992835,-16822.225976992835,0.0,0.0,0.0,46223.29316078538
2022-08-21,77306.48102905766,45817.82810323197,51683.1479130938,77306.48102905766,77306.48102905766,-28539.389432310578,-28539.389432310578,-28539.389432310578,-11460.703720549034,-11460.703720549034,-11460.703720549034,-17078.685711761544,-17078.685711761544,-17078.685711761544,0.0,0.0,0.0,48767.09159674708
2022-08-22,77313.54151242154,56910.46415580857,62905.69013813459,77313.54151242154,77313.54151242154,-17342.689584317104,-17342.689584317104,-17342.689584317104,-12.109897359224256,-12.109897359224256,-12.109897359224256,-17330.57968695788,-17330.57968695788,-17330.57968695788,0.0,0.0,0.0,59970.85192810443
2022-08-23,77320.60199578543,68241.8792156546,74061.59194935,77320.60199578543,77320.60199578543,-6134.8392800822785,-6134.8392800822785,-6134.8392800822785,11443.020755584828,11443.020755584828,11443.020755584828,-17577.86003566711,-17577.86003566711,-17577.86003566711,0.0,0.0,0.0,71185.76271570315
2022-08-24,77327.66247914932,70925.49617960016,76790.5843519108,77327.66247914932,77327.66247914932,-3532.768182733242,-3532.768182733242,-3532.768182733242,14287.696813025152,14287.696813025152,14287.696813025152,-17820.464995758393,-17820.464995758393,-17820.464995758393,0.0,0.0,0.0,73794.89429641608
2022-08-25,77334.7229625132,62664.97490927831,68594.78533868391,77334.7229625132,77334.7229625132,-11704.477650119472,-11704.477650119472,-11704.477650119472,6353.841117908643,6353.841117908643,6353.841117908643,-18058.318768028115,-18058.318768028115,-18058.318768028115,0.0,0.0,0.0,65630.24531239373
2022-08-26,77341.78344587708,49690.33113813626,55551.82421473362,77341.78344587708,77341.78344587708,-24649.175525421262,-24649.175525421262,-24649.175525421262,-6357.843660715494,-6357.843660715494,-6357.843660715494,-18291.33186470577,-18291.33186470577,-18291.33186470577,0.0,0.0,0.0,52692.60792045582
2022-08-27,77348.84392924097,41651.131885449744,47586.92394511333,77348.84392924097,77348.84392924097,-32773.30334556417,-32773.30334556417,-32773.30334556417,-14253.901407917685,-14253.901407917685,-14253.901407917685,-18519.40193764649,-18519.40193764649,-18519.40193764649,0.0,0.0,0.0,44575.540583676804
2022-08-28,77355.90441260485,44331.11218325497,50102.45637861577,77355.90441260485,77355.90441260485,-30203.1187813458,-30203.1187813458,-30203.1187813458,-11460.703720543022,-11460.703720543022,-11460.703720543022,-18742.415060802778,-18742.415060802778,-18742.415060802778,0.0,0.0,0.0,47152.78563125906
2022-08-29,77362.96489596873,55542.53185160597,61216.01290493378,77362.96489596873,77362.96489596873,-18972.357324902332,-18972.357324902332,-18972.357324902332,-12.109897349589025,-12.109897349589025,-12.109897349589025,-18960.247427552746,-18960.247427552746,-18960.247427552746,0.0,0.0,0.0,58390.6075710664
2022-08-30,77370.02537933263,66687.07241377246,72771.85220656541,77370.02537933263,77370.02537933263,-7729.746654996901,-7729.746654996901,-7729.746654996901,11443.020755590887,11443.020755590887,11443.020755590887,-19172.76741058779,-19172.76741058779,-19172.76741058779,0.0,0.0,0.0,69640.27872433573
2022-08-31,77377.08586269652,69280.80224605808,75396.20629326883,77377.08586269652,77377.08586269652,-5092.141107675957,-5092.141107675957,-5092.141107675957,14287.696813023042,14287.696813023042,14287.696813023042,-19379.837920699,-19379.837920699,-19379.837920699,0.0,0.0,0.0,72284.94475502057
2022-09-01,77384.1463460604,61124.36059223812,67018.64216167212,77384.1463460604,77384.1463460604,-13227.477873457467,-13227.477873457467,-13227.477873457467,6353.841117899993,6353.841117899993,6353.841117899993,-19581.31899135746,-19581.31899135746,-19581.31899135746,0.0,0.0,0.0,64156.668472602934
2022-09-02,77391.20682942428,48352.11927118367,54102.21249525813,77391.20682942428,77391.20682942428,-26134.914169389733,-26134.914169389733,-26134.914169389733,-6357.843660724161,-6357.843660724161,-6357.843660724161,-19777.070508665573,-19777.070508665573,-19777.070508665573,0.0,0.0,0.0,51256.292660034545
2022-09-03,77398.26731278817,40343.47481305727,46059.539279445984,77398.26731278817,77398.26731278817,-34220.856409294465,-34220.856409294465,-34220.856409294465,-14253.901407907997,-14253.901407907997,-14253.901407907997,-19966.95500138647,-19966.95500138647,-19966.95500138647,0.0,0.0,0.0,43177.41090349371
2022-09-04,77405.32779615205,42898.15415375416,48739.7772396589,77405.32779615205,77405.32779615205,-31611.544123974294,-31611.544123974294,-31611.544123974294,-11460.703720537009,-11460.703720537009,-11460.703720537009,-20150.840403437283,-20150.840403437283,-20150.840403437283,0.0,0.0,0.0,45793.78367217776
2022-09-05,77425.0259633959,54100.96417481086,60269.85190675749,77425.0259633959,77425.0259633959,-20340.712598909828,-20340.712598909828,-20340.712598909828,-12.109897339888922,-12.109897339888922,-12.109897339888922,-20328.602701569936,-20328.602701569936,-20328.602701569936,0.0,0.0,0.0,57084.31336448608
2022-09-06,77444.72413063978,65447.513536479855,71530.47725234128,77444.72413063978,77444.72413063978,-9057.107628367321,-9057.107628367321,-9057.107628367321,11443.0207555969,11443.0207555969,11443.0207555969,-20500.12838396422,-20500.12838396422,-20500.12838396422,0.0,0.0,0.0,68387.61650227246
2022-09-07,77464.42229788363,68127.56605239425,73929.14230698941,77464.42229788363,77464.42229788363,-6377.619798008624,-6377.619798008624,-6377.619798008624,14287.69681302081,14287.69681302081,14287.69681302081,-20665.31661102943,-20665.31661102943,-20665.31661102943,0.0,0.0,0.0,71086.802499875
2022-09-08,77484.12046512749,59795.811729108835,65794.24749619978,77484.12046512749,77484.12046512749,-14470.239919808693,-14470.239919808693,-14470.239919808693,6353.841117939323,6353.841117939323,6353.841117939323,-20824.08103774802,-20824.08103774802,-20824.08103774802,0.0,0.0,0.0,63013.880545318796
2022-09-09,77503.81863237135,47273.96937537878,53188.00673884563,77503.81863237135,77503.81863237135,-27334.19488783297,-27334.19488783297,-27334.19488783297,-6357.84366073292,-6357.84366073292,-6357.84366073292,-20976.35122710005,-20976.35122710005,-20976.35122710005,0.0,0.0,0.0,50169.623744538374
2022-09-10,77523.51679961522,39125.41519906981,45263.386412996675,77523.51679961522,77523.51679961522,-35375.97501416961,-35375.97501416961,-35375.97501416961,-14253.901407910143,-14253.901407910143,-14253.901407910143,-21122.073606259462,-21122.073606259462,-21122.073606259462,0.0,0.0,0.0,42147.5417854456
2022-09-11,77543.21496685907,42067.01991923939,47921.78206053362,77543.21496685907,77543.21496685907,-32721.915651482454,-32721.915651482454,-32721.915651482454,-11460.703720531006,-11460.703720531006,-11460.703720531006,-21261.211930951453,-21261.211930951453,-21261.211930951453,0.0,0.0,0.0,44821.299315376615
2022-09-12,77562.91313410293,53059.5510840834,59147.51381026178,77562.91313410293,77562.91313410293,-21405.857135554175,-21405.857135554175,-21405.857135554175,-12.109897330221688,-12.109897330221688,-12.109897330221688,-21393.747238223954,-21393.747238223954,-21393.747238223954,0.0,0.0,0.0,56157.05599854875
2022-09-13,77582.61130134678,64648.61461051816,70579.3890981901,77582.61130134678,77582.61130134678,-10076.656527869438,-10076.656527869438,-10076.656527869438,11443.020755602904,11443.020755602904,11443.020755602904,-21519.67728347234,-21519.67728347234,-21519.67728347234,0.0,0.0,0.0,67505.95477347735
2022-09-14,77602.30946859064,67296.77406488768,73122.48306561295,77602.30946859064,77602.30946859064,-7351.318660360262,-7351.318660360262,-7351.318660360262,14287.69681303058,14287.69681303058,14287.69681303058,-21639.01547339084,-21639.01547339084,-21639.01547339084,0.0,0.0,0.0,70250.99080823037
2022-09-15,77622.0076358345,59202.36093269178,65235.204583032304,77622.0076358345,77622.0076358345,-15397.948204230333,-15397.948204230333,-15397.948204230333,6353.841117930615,6353.841117930615,6353.841117930615,-21751.78932216095,-21751.78932216095,-21751.78932216095,0.0,0.0,0.0,62224.05943160416
2022-09-16,77641.70580307835,46395.153057378135,52306.83648404916,77641.70580307835,77641.70580307835,-28215.8821338615,-28215.8821338615,-28215.8821338615,-6357.843660741588,-6357.843660741588,-6357.843660741588,-21858.038473119912,-21858.038473119912,-21858.038473119912,0.0,0.0,0.0,49425.82366921685
2022-09-17,77661.40397032221,38567.26967393872,44455.87261467765,77661.40397032221,77661.40397032221,-36211.71374984742,-36211.71374984742,-36211.71374984742,-14253.901407912315,-14253.901407912315,-14253.901407912315,-21957.812341935103,-21957.812341935103,-21957.812341935103,0.0,0.0,0.0,41449.69022047479
2022-09-18,77681.10213756606,41088.86092544861,47104.104094329356,77681.10213756606,77681.10213756606,-33511.87117012195,-33511.87117012195,-33511.87117012195,-11460.70372055809,-11460.70372055809,-11460.70372055809,-22051.167449563873,-22051.167449563873,-22051.167449563873,0.0,0.0,0.0,44169.23096744411
2022-09-19,77700.80030480992,52605.22397184834,58473.543075208756,77700.80030480992,77700.80030480992,-22150.274420918347,-22150.274420918347,-22150.274420918347,-12.109897373838814,-12.109897373838814,-12.109897373838814,-22138.16452354451,-22138.16452354451,-22138.16452354451,0.0,0.0,0.0,55550.525883891576
2022-09-20,77720.49847205378,63859.31801032142,70068.22263536286,77720.49847205378,77720.49847205378,-10775.844698576228,-10775.844698576228,-10775.844698576228,11443.02075560902,11443.02075560902,11443.02075560902,-22218.86545418525,-22218.86545418525,-22218.86545418525,0.0,0.0,0.0,66944.65377347755
2022-09-21,77740.19663929763,66636.92100125147,72699.1624667209,77740.19663929763,77740.19663929763,-8005.633384686125,-8005.633384686125,-8005.633384686125,14287.696813028406,14287.696813028406,14287.696813028406,-22293.33019771453,-22293.33019771453,-22293.33019771453,0.0,0.0,0.0,69734.56325461151
2022-09-22,77759.8948065415,58780.86654145213,64636.8087535353,77759.8948065415,77759.8948065415,-16007.77260329845,-16007.77260329845,-16007.77260329845,6353.841117921846,6353.841117921846,6353.841117921846,-22361.613721220296,-22361.613721220296,-22361.613721220296,0.0,0.0,0.0,61752.12220324305
2022-09-23,77779.59297378536,46054.49519013389,51940.50547985778,77779.59297378536,77779.59297378536,-28781.606744924105,-28781.606744924105,-28781.606744924105,-6357.843660750299,-6357.843660750299,-6357.843660750299,-22423.76308417381,-22423.76308417381,-22423.76308417381,0.0,0.0,0.0,48997.98622886125
2022-09-24,77799.29114102921,38088.001157909515,44044.03438704373,77799.29114102921,77799.29114102921,-36733.71615634797,-36733.71615634797,-36733.71615634797,-14253.901407914484,-14253.901407914484,-14253.901407914484,-22479.814748433488,-22479.814748433488,-22479.814748433488,0.0,0.0,0.0,41065.57498468125
2022-09-25,77818.98930827307,40805.76661470401,46737.99386126999,77818.98930827307,77818.98930827307,-33990.49592352467,-33990.49592352467,-33990.49592352467,-11460.703720552085,-11460.703720552085,-11460.703720552085,-22529.792202972585,-22529.792202972585,-22529.792202972585,0.0,0.0,0.0,43828.4933847484
2022-09-26,77838.68747551693,52294.948592030196,58292.60810782329,77838.68747551693,77838.68747551693,-22585.81387862198,-22585.81387862198,-22585.81387862198,-12.109897364170719,-12.109897364170719,-12.109897364170719,-22573.703981257804,-22573.703981257804,-22573.703981257804,0.0,0.0,0.0,55252.87359689495
2022-09-27,77858.3856427608,63708.48941120432,69692.35057366478,77858.3856427608,77858.3856427608,-11168.521382876404,-11168.521382876404,-11168.521382876404,11443.020755615027,11443.020755615027,11443.020755615027,-22611.54213849143,-22611.54213849143,-22611.54213849143,0.0,0.0,0.0,66689.86425988439
2022-09-28,77878.08381000465,66536.25399774924,72534.92537863484,77878.08381000465,77878.08381000465,-8355.584430071029,-8355.584430071029,-8355.584430071029,14287.696813026298,14287.696813026298,14287.696813026298,-22643.281243097328,-22643.281243097328,-22643.281243097328,0.0,0.0,0.0,69522.49937993362
2022-09-29,77897.78197724851,58554.93238524505,64567.960342138,77897.78197724851,77897.78197724851,-16315.03680432538,-16315.03680432538,-16315.03680432538,6353.841117913137,6353.841117913137,6353.841117913137,-22668.877922238516,-22668.877922238516,-22668.877922238516,0.0,0.0,0.0,61582.745172923125
2022-09-30,77917.48014449237,46000.661070038135,51916.79400586335,77917.48014449237,77917.48014449237,-29046.114645936403,-29046.114645936403,-29046.114645936403,-6357.843660711084,-6357.843660711084,-6357.843660711084,-22688.27098522532,-22688.27098522532,-22688.27098522532,0.0,0.0,0.0,48871.36549855596
2022-10-01,77937.17831173622,38295.10884898805,44093.50711706363,77937.17831173622,77937.17831173622,-36955.283539784476,-36955.283539784476,-36955.283539784476,-14253.90140791661,-14253.90140791661,-14253.90140791661,-22701.382131867867,-22701.382131867867,-22701.382131867867,0.0,0.0,0.0,40981.894771951745
2022-10-02,77956.87647898008,40825.67848815882,46592.8588132135,77956.87647898008,77956.87647898008,-34168.82095617485,-34168.82095617485,-34168.82095617485,-11460.703720546066,-11460.703720546066,-11460.703720546066,-22708.11723562879,-22708.11723562879,-22708.11723562879,0.0,0.0,0.0,43788.055522805225
2022-10-03,77976.57464622393,52373.827582779624,58317.349928847674,77976.57464622393,77976.57464622393,-22720.478071702342,-22720.478071702342,-22720.478071702342,-12.109897354470618,-12.109897354470618,-12.109897354470618,-22708.36817434787,-22708.36817434787,-22708.36817434787,0.0,0.0,0.0,55256.096574521594
2022-10-04,77996.27281346779,63827.1901224648,69785.02200755096,77996.27281346779,77996.27281346779,-11258.994409224933,-11258.994409224933,-11258.994409224933,11443.020755621092,11443.020755621092,11443.020755621092,-22702.015164846023,-22702.015164846023,-22702.015164846023,0.0,0.0,0.0,66737.27840424285
2022-10-05,78015.97098071165,66749.69819158434,72521.4439068915,78015.97098071165,78015.97098071165,-8401.232729325418,-8401.232729325418,-8401.232729325418,14287.696813035942,14287.696813035942,14287.696813035942,-22688.92954236136,-22688.92954236136,-22688.92954236136,0.0,0.0,0.0,69614.73825138622
2022-10-06,78035.6691479555,58609.02747512201,64466.44201846425,78035.6691479555,78035.6691479555,-16315.135794079479,-16315.135794079479,-16315.135794079479,6353.841117904369,6353.841117904369,6353.841117904369,-22668.97691198385,-22668.97691198385,-22668.97691198385,0.0,0.0,0.0,61720.533353876024
2022-10-07,78055.36731519936,46284.463797279495,52194.586385644616,78055.36731519936,78055.36731519936,-28999.864248182803,-28999.864248182803,-28999.864248182803,-6357.843660719798,-6357.843660719798,-6357.843660719798,-22642.02058746301,-22642.02058746301,-22642.02058746301,0.0,0.0,0.0,49055.50306701656
2022-10-08,78075.06548244321,38206.10743731704,44213.48074919025,78075.06548244321,78075.06548244321,-36861.82663123708,-36861.82663123708,-36861.82663123708,-14253.90140791878,-14253.90140791878,-14253.90140791878,-22607.925223318314,-22607.925223318314,-22607.925223318314,0.0,0.0,0.0,41213.23885120613
2022-10-09,78094.76364968708,41051.817058024695,47149.94756517017,78094.76364968708,78094.76364968708,-34027.264259934935,-34027.264259934935,-34027.264259934935,-11460.70372054006,-11460.70372054006,-11460.70372054006,-22566.560539394864,-22566.560539394864,-22566.560539394864,0.0,0.0,0.0,44067.49938975215
2022-10-10,78114.46181693094,52538.808345434525,58448.36969791786,78114.46181693094,78114.46181693094,-22529.914930432267,-22529.914930432267,-22529.914930432267,-12.109897344803384,-12.109897344803384,-12.109897344803384,-22517.80503308746,-22517.80503308746,-22517.80503308746,0.0,0.0,0.0,55584.546886498676
2022-10-11,78134.1599841748,64205.76851126764,70104.99693416529,78134.1599841748,78134.1599841748,-11018.528817961538,-11018.528817961538,-11018.528817961538,11443.020755593834,11443.020755593834,11443.020755593834,-22461.549573555374,-22461.549573555374,-22461.549573555374,0.0,0.0,0.0,67115.63116621325
2022-10-12,78153.85815141865,67173.43789463385,72831.19102087544,78153.85815141865,78153.85815141865,-8110.003961368933,-8110.003961368933,-8110.003961368933,14287.696813033772,14287.696813033772,14287.696813033772,-22397.700774402703,-22397.700774402703,-22397.700774402703,0.0,0.0,0.0,70043.85419004972
2022-10-13,78173.55631866251,59226.91691938353,65182.99187416241,78173.55631866251,78173.55631866251,-15972.342928601418,-15972.342928601418,-15972.342928601418,6353.8411178957185,6353.8411178957185,6353.8411178957185,-22326.184046497136,-22326.184046497136,-22326.184046497136,0.0,0.0,0.0,62201.21339006109
2022-10-14,78193.25448590638,46461.67435370496,52506.35442142796,78193.25448590638,78193.25448590638,-28604.789901414584,-28604.789901414584,-28604.789901414584,-6357.843660728465,-6357.843660728465,-6357.843660728465,-22246.94624068612,-22246.94624068612,-22246.94624068612,0.0,0.0,0.0,49588.4645844918
2022-10-15,78212.95265315023,38951.24038378532,44804.23642407787,78212.95265315023,78212.95265315023,-36413.85920885754,-36413.85920885754,-36413.85920885754,-14253.90140790905,-14253.90140790905,-14253.90140790905,-22159.957800948483,-22159.957800948483,-22159.957800948483,0.0,0.0,0.0,41799.093444292695
2022-10-16,78232.65082039409,41774.562810699244,47599.3632337431,78232.65082039409,78232.65082039409,-33525.91808227302,-33525.91808227302,-33525.91808227302,-11460.70372056715,-11460.70372056715,-11460.70372056715,-22065.214361705872,-22065.214361705872,-22065.214361705872,0.0,0.0,0.0,44706.73273812107
2022-10-17,78252.34898763795,53271.056835976466,59237.22578535475,78252.34898763795,78252.34898763795,-21974.847635571532,-21974.847635571532,-21974.847635571532,-12.10989733510242,-12.10989733510242,-12.10989733510242,-21962.73773823643,-21962.73773823643,-21962.73773823643,0.0,0.0,0.0,56277.501352066414
2022-10-18,78272.0471548818,65120.98796861784,70863.98639978787,78272.0471548818,78272.0471548818,-10409.555520356234,-10409.555520356234,-10409.555520356234,11443.020755599895,11443.020755599895,11443.020755599895,-21852.57627595613,-21852.57627595613,-21852.57627595613,0.0,0.0,0.0,67862.49163452556
2022-10-19,78291.74532212566,67882.28903951711,73713.4948982715,78291.74532212566,78291.74532212566,-7447.107729266905,-7447.107729266905,-7447.107729266905,14287.696813031602,14287.696813031602,14287.696813031602,-21734.804542298505,-21734.804542298505,-21734.804542298505,0.0,0.0,0.0,70844.63759285875
2022-10-20,78311.44348936951,59869.264074815736,65991.58858210487,78311.44348936951,78311.44348936951,-15255.681245626842,-15255.681245626842,-15255.681245626842,6353.841117886949,6353.841117886949,6353.841117886949,-21609.52236351379,-21609.52236351379,-21609.52236351379,0.0,0.0,0.0,63055.762243742676
2022-10-21,78331.14165661337,47418.132021598336,53436.21349633717,78331.14165661337,78331.14165661337,-27834.69688811969,-27834.69688811969,-27834.69688811969,-6357.843660737179,-6357.843660737179,-6357.843660737179,-21476.85322738251,-21476.85322738251,-21476.85322738251,0.0,0.0,0.0,50496.444768493675
2022-10-22,78350.83982385723,39742.970122586885,45553.38767230964,78350.83982385723,78350.83982385723,-35590.84349896955,-35590.84349896955,-35590.84349896955,-14253.901407911217,-14253.901407911217,-14253.901407911217,-21336.94209105834,-21336.94209105834,-21336.94209105834,0.0,0.0,0.0,42759.996324887674
2022-10-23,78370.53799110108,42731.0083251667,48661.04540132738,78370.53799110108,78370.53799110108,-32650.656371067813,-32650.656371067813,-32650.656371067813,-11460.70372056114,-11460.70372056114,-11460.70372056114,-21189.952650506675,-21189.952650506675,-21189.952650506675,0.0,0.0,0.0,45719.881620033266
2022-10-24,78390.23615834494,54258.872022800366,60127.159576262115,78390.23615834494,78390.23615834494,-21048.17404109476,-21048.17404109476,-21048.17404109476,-12.109897325468054,-12.109897325468054,-12.109897325468054,-21036.064143769298,-21036.064143769298,-21036.064143769298,0.0,0.0,0.0,57342.06211725018
2022-10-25,78409.9343255888,66013.41889118605,72133.65482069635,78409.9343255888,78409.9343255888,-9432.447018461033,-9432.447018461033,-9432.447018461033,11443.020755605903,11443.020755605903,11443.020755605903,-20875.467774066936,-20875.467774066936,-20875.467774066936,0.0,0.0,0.0,68977.48730712777
2022-10-26,78429.63249283266,69215.32673442188,75018.64085516578,78429.63249283266,78429.63249283266,-6420.666037194358,-6420.666037194358,-6420.666037194358,14287.696813029494,14287.696813029494,14287.696813029494,-20708.36285022385,-20708.36285022385,-20708.36285022385,0.0,0.0,0.0,72008.9664556383
2022-10-27,78449.33066007652,61304.62475568909,67339.74479761925,78449.33066007652,78449.33066007652,-14181.111632669707,-14181.111632669707,-14181.111632669707,6353.841117926279,6353.841117926279,6353.841117926279,-20534.95275059599,-20534.95275059599,-20534.95275059599,0.0,0.0,0.0,64268.21902740681
2022-10-28,78469.02882732038,48960.23247838624,54743.6702201131,78469.02882732038,78469.02882732038,-26713.28448319889,-26713.28448319889,-26713.28448319889,-6357.843660745847,-6357.843660745847,-6357.843660745847,-20355.440822453045,-20355.440822453045,-20355.440822453045,0.0,0.0,0.0,51755.744344121485
2022-10-29,78488.72699456423,41008.54962962279,46995.30001753224,78488.72699456423,78488.72699456423,-34423.92773923046,-34423.92773923046,-34423.92773923046,-14253.901407913369,-14253.901407913369,-14253.901407913369,-20170.02633131709,-20170.02633131709,-20170.02633131709,0.0,0.0,0.0,44064.799255333775
2022-10-30,78508.4251618081,44220.75509666821,49813.80521923016,78508.4251618081,78508.4251618081,-31439.60429464035,-31439.60429464035,-31439.60429464035,-11460.703720555128,-11460.703720555128,-11460.703720555128,-19978.900574085223,-19978.900574085223,-19978.900574085223,0.0,0.0,0.0,47068.82086716776
2022-10-31,78528.12332905196,55644.73802622002,61743.710210348676,78528.12332905196,78528.12332905196,-19794.353163128468,-19794.353163128468,-19794.353163128468,-12.109897315767956,-12.109897315767956,-12.109897315767956,-19782.2432658127,-19782.2432658127,-19782.2432658127,0.0,0.0,0.0,58733.77016592349
2022-11-01,78547.82149629582,67635.5967189405,73411.1457015789,78547.82149629582,78547.82149629582,-8137.198547292534,-8137.198547292534,-8137.198547292534,11443.020755578702,11443.020755578702,11443.020755578702,-19580.219302871235,-19580.219302871235,-19580.219302871235,0.0,0.0,0.0,70410.62294900329
2022-11-02,78567.51966353966,70677.09132901157,76598.4278419643,78567.51966353966,78567.51966353966,-5085.279182086346,-5085.279182086346,-5085.279182086346,14287.696813027384,14287.696813027384,14287.696813027384,-19372.975995113728,-19372.975995113728,-19372.975995113728,0.0,0.0,0.0,73482.24048145331
2022-11-03,78587.24315564129,62785.72894982659,68730.98037045705,78587.24315564129,78587.24315564129,-12806.79972889893,-12806.79972889893,-12806.79972889893,6353.841117917572,6353.841117917572,6353.841117917572,-19160.640846816503,-19160.640846816503,-19160.640846816503,0.0,0.0,0.0,65780.44342674236
2022-11-04,78606.96664774293,50363.43990057519,56158.40743041149,78606.96664774293,78606.96664774293,-25301.16361171326,-25301.16361171326,-25301.16361171326,-6357.843660754603,-6357.843660754603,-6357.843660754603,-18943.319950958656,-18943.319950958656,-18943.319950958656,0.0,0.0,0.0,53305.80303602967
2022-11-05,78626.69013984455,42606.00634462037,48647.47177286715,78626.69013984455,78626.69013984455,-32974.99845218264,-32974.99845218264,-32974.99845218264,-14253.901407915515,-14253.901407915515,-14253.901407915515,-18721.097044267124,-18721.097044267124,-18721.097044267124,0.0,0.0,0.0,45651.69168766191
2022-11-06,78646.41363194618,45906.75850814294,51687.45692705433,78646.41363194618,78646.41363194618,-29954.736972373874,-29954.736972373874,-29954.736972373874,-11460.703720549121,-11460.703720549121,-11460.703720549121,-18494.033251824752,-18494.033251824752,-18494.033251824752,0.0,0.0,0.0,48691.67665957231
2022-11-07,78666.13712404782,57294.90747263108,63326.52237223543,78666.13712404782,78666.13712404782,-18274.277427872552,-18274.277427872552,-18274.277427872552,-12.109897359384215,-12.109897359384215,-12.109897359384215,-18262.16753051317,-18262.16753051317,-18262.16753051317,0.0,0.0,0.0,60391.85969617526
2022-11-08,78685.86061614944,68983.41316460955,74983.61264952332,78685.86061614944,78685.86061614944,-6582.497045004635,-6582.497045004635,-6582.497045004635,11443.020755584712,11443.020755584712,11443.020755584712,-18025.517800589347,-18025.517800589347,-18025.517800589347,0.0,0.0,0.0,72103.3635711448
2022-11-09,78705.58410825109,72389.51880005091,78259.75932307923,78705.58410825109,78705.58410825109,-3496.385921971576,-3496.385921971576,-3496.385921971576,14287.696813025215,14287.696813025215,14287.696813025215,-17784.08273499679,-17784.08273499679,-17784.08273499679,0.0,0.0,0.0,75209.19818627951
2022-11-10,78725.30760035272,64726.13031772079,70274.70829174541,78725.30760035272,78725.30760035272,-11184.003039089946,-11184.003039089946,-11184.003039089946,6353.841117908862,6353.841117908862,6353.841117908862,-17537.84415699881,-17537.84415699881,-17537.84415699881,0.0,0.0,0.0,67541.30456126278
2022-11-11,78745.03109245434,52406.52797070957,58387.11326916952,78745.03109245434,78745.03109245434,-23644.613639793726,-23644.613639793726,-23644.613639793726,-6357.843660763271,-6357.843660763271,-6357.843660763271,-17286.769979030454,-17286.769979030454,-17286.769979030454,0.0,0.0,0.0,55100.41745266062
2022-11-12,78764.75458455598,44598.35889096253,50575.92170433395,78764.75458455598,78764.75458455598,-31284.719007728658,-31284.719007728658,-31284.719007728658,-14253.901407905805,-14253.901407905805,-14253.901407905805,-17030.81759982285,-17030.81759982285,-17030.81759982285,0.0,0.0,0.0,47480.03557682732
2022-11-13,78784.4780766576,47633.71498856899,53445.574762855504,78784.4780766576,78784.4780766576,-28230.641383799655,-28230.641383799655,-28230.641383799655,-11460.703720543115,-11460.703720543115,-11460.703720543115,-16769.93766325654,-16769.93766325654,-16769.93766325654,0.0,0.0,0.0,50553.83669285795
2022-11-14,78804.20156875925,59221.36571348684,64957.35966161041,78804.20156875925,78804.20156875925,-16516.187968861526,-16516.187968861526,-16516.187968861526,-12.109897349716983,-12.109897349716983,-12.109897349716983,-16504.078071511813,-16504.078071511813,-16504.078071511813,0.0,0.0,0.0,62288.01359989772
2022-11-15,78823.92506086087,71006.14418483494,77150.9937696487,78823.92506086087,78823.92506086087,-4790.167381611683,-4790.167381611683,-4790.167381611683,11443.020755590826,11443.020755590826,11443.020755590826,-16233.188137202507,-16233.188137202507,-16233.188137202507,0.0,0.0,0.0,74033.75767924919
2022-11-16,78843.6485529625,74196.70542171907,80042.45097555732,78843.6485529625,78843.6485529625,-1669.525941524339,-1669.525941524339,-1669.525941524339,14287.696813023042,14287.696813023042,14287.696813023042,-15957.222754547382,-15957.222754547382,-15957.222754547382,0.0,0.0,0.0,77174.12261143817
2022-11-17,78863.37204506413,66395.09073700746,72635.02451070117,78863.37204506413,78863.37204506413,-9322.305350531342,-9322.305350531342,-9322.305350531342,6353.841117900094,6353.841117900094,6353.841117900094,-15676.146468431438,-15676.146468431438,-15676.146468431438,0.0,0.0,0.0,69541.06669453278
2022-11-18,78883.09553716576,54087.96838980029,60171.11617874253,78883.09553716576,78883.09553716576,-21747.780983141663,-21747.780983141663,-21747.780983141663,-6357.8436607241,-6357.8436607241,-6357.8436607241,-15389.937322417563,-15389.937322417563,-15389.937322417563,0.0,0.0,0.0,57135.314554024095
2022-11-19,78902.81902926741,46556.86386356954,52527.91120676555,78902.81902926741,78902.81902926741,-29352.491780352215,-29352.491780352215,-29352.491780352215,-14253.901407907977,-14253.901407907977,-14253.901407907977,-15098.590372444241,-15098.590372444241,-15098.590372444241,0.0,0.0,0.0,49550.3272489152
2022-11-20,78922.54252136903,49542.193160467694,55625.22233472319,78922.54252136903,78922.54252136903,-26262.82448241154,-26262.82448241154,-26262.82448241154,-11460.703720537103,-11460.703720537103,-11460.703720537103,-14802.12076187444,-14802.12076187444,-14802.12076187444,0.0,0.0,0.0,52659.71803895749
2022-11-21,78942.26601347067,61544.41356743551,67366.67249328394,78942.26601347067,78942.26601347067,-14512.676162807316,-14512.676162807316,-14512.676162807316,-12.109897340048883,-12.109897340048883,-12.109897340048883,-14500.566265467267,-14500.566265467267,-14500.566265467267,0.0,0.0,0.0,64429.58985066335
2022-11-22,78961.98950557229,73484.56723041917,79005.50177848835,78961.98950557229,78961.98950557229,-2750.968468973342,-2750.968468973342,-2750.968468973342,11443.020755596834,11443.020755596834,11443.020755596834,-14193.989224570178,-14193.989224570178,-14193.989224570178,0.0,0.0,0.0,76211.02103659895
2022-11-23,78981.71299767392,76207.93320656786,82425.10902942964,78981.71299767392,78981.71299767392,405.2190003021057,405.2190003021057,405.2190003021057,14287.696813032748,14287.696813032748,14287.696813032748,-13882.477812730642,-13882.477812730642,-13882.477812730642,0.0,0.0,0.0,79386.93199797603
2022-11-24,79001.43648977556,68749.1372797001,74680.24648688578,79001.43648977556,79001.43648977556,-7212.305471872561,-7212.305471872561,-7212.305471872561,6353.841117891325,6353.841117891325,6353.841117891325,-13566.146589763886,-13566.146589763886,-13566.146589763886,0.0,0.0,0.0,71789.131017903
2022-11-25,79021.1599818772,56530.90535162298,62411.23514192149,79021.1599818772,79021.1599818772,-19602.979983095294,-19602.979983095294,-19602.979983095294,-6357.8436607327685,-6357.8436607327685,-6357.8436607327685,-13245.136322362525,-13245.136322362525,-13245.136322362525,0.0,0.0,0.0,59418.179998781896
2022-11-26,79040.88347397881,48904.16421164672,54664.12953808847,79040.88347397881,79040.88347397881,-27173.514478107783,-27173.514478107783,-27173.514478107783,-14253.901407910103,-14253.901407910103,-14253.901407910103,-12919.61307019768,-12919.61307019768,-12919.61307019768,0.0,0.0,0.0,51867.36899587103
2022-11-27,79060.60696608045,52040.134055210845,57853.25698924088,79060.60696608045,79060.60696608045,-24050.470277943998,-24050.470277943998,-24050.470277943998,-11460.703720531088,-11460.703720531088,-11460.703720531088,-12589.766557412913,-12589.766557412913,-12589.766557412913,0.0,0.0,0.0,55010.13668813645
2022-11-28,79080.3304581821,63634.04750410466,69804.56424972667,79080.3304581821,79080.3304581821,-12267.91776732448,-12267.91776732448,-12267.91776732448,-12.109897383666008,-12.109897383666008,-12.109897383666008,-12255.807869940812,-12255.807869940812,-12255.807869940812,0.0,0.0,0.0,66812.41269085761
2022-11-29,79100.05395028372,75983.71122195787,81563.98769766619,79100.05395028372,79100.05395028372,-474.9457829431806,-474.9457829431806,-474.9457829431806,11443.020755602894,11443.020755602894,11443.020755602894,-11917.966538546074,-11917.966538546074,-11917.966538546074,0.0,0.0,0.0,78625.10816734054
2022-11-30,79119.77744238536,78609.60269782721,84584.62371921858,79119.77744238536,79119.77744238536,2711.209727625239,2711.209727625239,2711.209727625239,14287.69681303064,14287.69681303064,14287.69681303064,-11576.4870854054,-11576.4870854054,-11576.4870854054,0.0,0.0,0.0,81830.9871700106
2022-12-01,79139.50093448698,71342.19769290478,77116.44396392399,79139.50093448698,79139.50093448698,-4877.7840098823335,-4877.7840098823335,-4877.7840098823335,6353.841117882616,6353.841117882616,6353.841117882616,-11231.62512776495,-11231.62512776495,-11231.62512776495,0.0,0.0,0.0,74261.71692460464
2022-12-02,79159.22442658861,58978.90313782868,64937.93239156074,79159.22442658861,79159.22442658861,-17241.486806191024,-17241.486806191024,-17241.486806191024,-6357.8436607414815,-6357.8436607414815,-6357.8436607414815,-10883.643145449545,-10883.643145449545,-10883.643145449545,0.0,0.0,0.0,61917.73762039759
2022-12-03,79178.94791869025,51302.63223282225,57169.22284311465,79178.94791869025,79178.94791869025,-24786.70743712122,-24786.70743712122,-24786.70743712122,-14253.901407912272,-14253.901407912272,-14253.901407912272,-10532.806029208947,-10532.806029208947,-10532.806029208947,0.0,0.0,0.0,54392.240481569024
2022-12-04,79198.67141079188,54606.66594356933,60560.97997768885,79198.67141079188,79198.67141079188,-21640.08025442106,-21640.08025442106,-21640.08025442106,-11460.70372055818,-11460.70372055818,-11460.70372055818,-10179.37653386288,-10179.37653386288,-10179.37653386288,0.0,0.0,0.0,57558.59115637082
2022-12-05,79218.3949028935,66473.18576145814,72306.60149588769,79218.3949028935,79218.3949028935,-9835.720661070241,-9835.720661070241,-9835.720661070241,-12.109897373997912,-12.109897373997912,-12.109897373997912,-9823.610763696244,-9823.610763696244,-9823.610763696244,0.0,0.0,0.0,69382.67424182326
2022-12-06,79238.11839499514,78323.62685761254,84268.8999521987,79238.11839499514,79238.11839499514,1977.26693816351,1977.26693816351,1977.26693816351,11443.020755608906,11443.020755608906,11443.020755608906,-9465.753817445395,-9465.753817445395,-9465.753817445395,0.0,0.0,0.0,81215.38533315864
2022-12-07,79257.84188709679,81621.17897638024,87311.89129125098,79257.84188709679,79257.84188709679,5181.661096498259,5181.661096498259,5181.661096498259,14287.696813028408,14287.696813028408,14287.696813028408,-9106.03571653015,-9106.03571653015,-9106.03571653015,0.0,0.0,0.0,84439.50298359504
2022-12-08,79277.56537919841,74148.10140701702,79880.18955548924,79277.56537919841,79277.56537919841,-2390.826615044312,-2390.826615044312,-2390.826615044312,6353.841117873906,6353.841117873906,6353.841117873906,-8744.667732918218,-8744.667732918218,-8744.667732918218,0.0,0.0,0.0,76886.7387641541
2022-12-09,79297.28887130004,61624.05435116816,67317.76383040295,79297.28887130004,79297.28887130004,-14739.682883196456,-14739.682883196456,-14739.682883196456,-6357.843660702265,-6357.843660702265,-6357.843660702265,-8381.83922249419,-8381.83922249419,-8381.83922249419,0.0,0.0,0.0,64557.60598810359
2022-12-10,79317.01236340166,54189.98009826117,60261.87381293314,79317.01236340166,79317.01236340166,-22271.61646409489,-22271.61646409489,-22271.61646409489,-14253.90140791442,-14253.90140791442,-14253.90140791442,-8017.715056180469,-8017.715056180469,-8017.715056180469,0.0,0.0,0.0,57045.39589930678
2022-12-11,79336.7358555033,57219.1850919561,62984.07971661212,79336.7358555033,79336.7358555033,-19113.13744534699,-19113.13744534699,-19113.13744534699,-11460.703720552177,-11460.703720552177,-11460.703720552177,-7652.43372479481,-7652.43372479481,-7652.43372479481,0.0,0.0,0.0,60223.59841015631
2022-12-12,79356.45934760493,69038.43167969376,75134.97842462687,79356.45934760493,79356.45934760493,-7298.216072497942,-7298.216072497942,-7298.216072497942,-12.109897364297813,-12.109897364297813,-12.109897364297813,-7286.106175133645,-7286.106175133645,-7286.106175133645,0.0,0.0,0.0,72058.24327510699
2022-12-13,79376.18283970657,80874.12792981048,86741.83314730019,79376.18283970657,79376.18283970657,4524.205341057414,4524.205341057414,4524.205341057414,11443.020755614965,11443.020755614965,11443.020755614965,-6918.815414557549,-6918.815414557549,-6918.815414557549,0.0,0.0,0.0,83900.38818076398
2022-12-14,79395.90633180819,84207.4037957062,89990.42402539981,79395.90633180819,79395.90633180819,7737.079912997264,7737.079912997264,7737.079912997264,14287.696813026298,14287.696813026298,14287.696813026298,-6550.616900029035,-6550.616900029035,-6550.616900029035,0.0,0.0,0.0,87132.98624480545
2022-12-15,79415.62982390983,76871.17086201138,82694.15947345682,79415.62982390983,79415.62982390983,172.3014123027263,172.3014123027263,172.3014123027263,6353.841117913296,6353.841117913296,6353.841117913296,-6181.53970561057,-6181.53970561057,-6181.53970561057,0.0,0.0,0.0,79587.93123621255
2022-12-16,79435.35331601146,64540.01371770839,70191.32963748676,79435.35331601146,79435.35331601146,-12169.43210135082,-12169.43210135082,-12169.43210135082,-6357.843660710978,-6357.843660710978,-6357.843660710978,-5811.588440639842,-5811.588440639842,-5811.588440639842,0.0,0.0,0.0,67265.92121466064
2022-12-17,79455.0768081131,56814.624283842706,62935.15697898419,79455.0768081131,79455.0768081131,-19694.647277538286,-19694.647277538286,-19694.647277538286,-14253.90140791659,-14253.90140791659,-14253.90140791659,-5440.745869621697,-5440.745869621697,-5440.745869621697,0.0,0.0,0.0,59760.42953057481
2022-12-18,79474.80030021473,60079.28239716178,65955.10525005266,79474.80030021473,79474.80030021473,-16529.679885559526,-16529.679885559526,-16529.679885559526,-11460.703720546158,-11460.703720546158,-11460.703720546158,-5068.976165013363,-5068.976165013363,-5068.976165013363,0.0,0.0,0.0,62945.120414655205
2022-12-19,79494.52379231635,71927.91647270745,78010.40242028992,79494.52379231635,79494.52379231635,-4708.338603404329,-4708.338603404329,-4708.338603404329,-12.109897354663444,-12.109897354663444,-12.109897354663444,-4696.228706049665,-4696.228706049665,-4696.228706049665,0.0,0.0,0.0,74786.18518891203
2022-12-20,79514.24728441799,83549.65407246668,89336.35665235078,79514.24728441799,79514.24728441799,7120.578434513147,7120.578434513147,7120.578434513147,11443.020755587715,11443.020755587715,11443.020755587715,-4322.442321074565,-4322.442321074565,-4322.442321074565,0.0,0.0,0.0,86634.82571893113
2022-12-21,79533.9707765196,87062.73902244968,92727.08612909258,79533.9707765196,79533.9707765196,10340.146955022454,10340.146955022454,10340.146955022454,14287.69681302413,14287.69681302413,14287.69681302413,-3947.5498580016756,-3947.5498580016756,-3947.5498580016756,0.0,0.0,0.0,89874.11773154206
2022-12-22,79553.69426862126,79207.27098732819,85048.17207678616,79553.69426862126,79553.69426862126,2782.3581601152864,2782.3581601152864,2782.3581601152864,6353.841117904528,6353.841117904528,6353.841117904528,-3571.482957789242,-3571.482957789242,-3571.482957789242,0.0,0.0,0.0,82336.05242873654
2022-12-23,79573.41776072288,67042.28282573681,72897.07251816147,79573.41776072288,79573.41776072288,-9552.020560340023,-9552.020560340023,-9552.020560340023,-6357.843660719646,-6357.843660719646,-6357.843660719646,-3194.1768996203773,-3194.1768996203773,-3194.1768996203773,0.0,0.0,0.0,70021.39720038285
2022-12-24,79593.14125282451,59612.78549993784,65710.41739465592,79593.14125282451,79593.14125282451,-17069.476791773643,-17069.476791773643,-17069.476791773643,-14253.90140791874,-14253.90140791874,-14253.90140791874,-2815.5753838549,-2815.5753838549,-2815.5753838549,0.0,0.0,0.0,62523.66446105087
2022-12-25,79612.86474492615,62694.45945001833,68997.31122422057,79612.86474492615,79612.86474492615,-13896.338840495897,-13896.338840495897,-13896.338840495897,-11460.70372054015,-11460.70372054015,-11460.70372054015,-2435.6351199557475,-2435.6351199557475,-2435.6351199557475,0.0,0.0,0.0,65716.52590443025
2022-12-26,79632.58823702777,74735.76814603311,80476.01802564495,79632.58823702777,79632.58823702777,-2066.4399887658365,-2066.4399887658365,-2066.4399887658365,-12.109897344963343,-12.109897344963343,-12.109897344963343,-2054.330091420873,-2054.330091420873,-2054.330091420873,0.0,0.0,0.0,77566.14824826193
2022-12-27,79652.31172912942,86446.37854737518,92382.34578150463,79652.31172912942,79652.31172912942,9771.36537744402,9771.36537744402,9771.36537744402,11443.02075559377,11443.02075559377,11443.02075559377,-1671.6553781497478,-1671.6553781497478,-1671.6553781497478,0.0,0.0,0.0,89423.67710657344
2022-12-28,79672.03522123104,89702.07326018247,95800.58559863159,79672.03522123104,79672.03522123104,13000.066384566291,13000.066384566291,13000.066384566291,14287.69681302202,14287.69681302202,14287.69681302202,-1287.6304284557286,-1287.6304284557286,-1287.6304284557286,0.0,0.0,0.0,92672.10160579733
2022-12-29,79691.75871333267,82067.04757742057,88134.76755328146,79691.75871333267,79691.75871333267,5451.539430218305,5451.539430218305,5451.539430218305,6353.841117895819,6353.841117895819,6353.841117895819,-902.3016876775134,-902.3016876775134,-902.3016876775134,0.0,0.0,0.0,85143.29814355099
2022-12-30,79711.4822054343,69805.95495308525,75865.53925435917,79711.4822054343,79711.4822054343,-6873.588168525399,-6873.588168525399,-6873.588168525399,-6357.843660728403,-6357.843660728403,-6357.843660728403,-515.7445077969965,-515.7445077969965,-515.7445077969965,0.0,0.0,0.0,72837.8940369089
2022-12-31,79716.45347058031,62469.34860835013,68212.21234747295,79716.45347058031,79716.45347058031,-14381.96568990421,-14381.96568990421,-14381.96568990421,-14253.901407909028,-14253.901407909028,-14253.901407909028,-128.06428199518118,-128.06428199518118,-128.06428199518118,0.0,0.0,0.0,65334.4877806761
2023-01-01,79721.42473572632,65539.38779871174,71458.31221093409,79721.42473572632,79721.42473572632,-11200.100489809134,-11200.100489809134,-11200.100489809134,-11460.703720567235,-11460.703720567235,-11460.703720567235,260.6032307581024,260.6032307581024,260.6032307581024,0.0,0.0,0.0,68521.32424591719
2023-01-02,79726.39600087234,77248.99285489795,83479.61848808291,79726.39600087234,79726.39600087234,637.9825064928026,637.9825064928026,637.9825064928026,-12.109897335261516,-12.109897335261516,-12.109897335261516,650.0924038280641,650.0924038280641,650.0924038280641,0.0,0.0,0.0,80364.37850736514
2023-01-03,79731.36726601835,89197.87473235354,95215.83705495477,79731.36726601835,79731.36726601835,12483.229809506392,12483.229809506392,12483.229809506392,11443.020755599782,11443.020755599782,11443.020755599782,1040.2090539066103,1040.2090539066103,1040.2090539066103,0.0,0.0,0.0,92214.59707552474
2023-01-04,79736.33853116435,92471.96624067711,98370.06690276194,79736.33853116435,79736.33853116435,15718.429345753993,15718.429345753993,15718.429345753993,14287.696813019847,14287.696813019847,14287.696813019847,1430.732532734144,1430.732532734144,1430.732532734144,0.0,0.0,0.0,95454.76787691834
2023-01-05,79741.30979631036,85134.84916427094,90779.61676608156,79741.30979631036,79741.30979631036,8175.259663818043,8175.259663818043,8175.259663818043,6353.841117935088,6353.841117935088,6353.841117935088,1821.4185458829538,1821.4185458829538,1821.4185458829538,0.0,0.0,0.0,87916.5694601284
2023-01-06,79746.28106145636,72611.2168861368,78394.48754744085,79746.28106145636,79746.28106145636,-4145.841035812921,-4145.841035812921,-4145.841035812921,-6357.84366073707,-6357.84366073707,-6357.84366073707,2212.002624924149,2212.002624924149,2212.002624924149,0.0,0.0,0.0,75600.44002564345
2023-01-07,79751.25232660238,65100.31694451981,70987.01454027918,79751.25232660238,79751.25232660238,-11651.697246649448,-11651.697246649448,-11651.697246649448,-14253.901407911175,-14253.901407911175,-14253.901407911175,2602.2041612617263,2602.2041612617263,2602.2041612617263,0.0,0.0,0.0,68099.55507995293
2023-01-08,79756.22359174839,68541.45447414888,74334.08644656971,79756.22359174839,79756.22359174839,-8468.972826162935,-8468.972826162935,-8468.972826162935,-11460.70372056123,-11460.70372056123,-11460.70372056123,2991.730894398295,2991.730894398295,2991.730894398295,0.0,0.0,0.0,71287.25076558546
2023-01-09,79761.1948568944,80224.97213490262,85971.72974991352,79761.1948568944,79761.1948568944,3368.1738375024715,3368.1738375024715,3368.1738375024715,-12.109897325595147,-12.109897325595147,-12.109897325595147,3380.2837348280664,3380.2837348280664,3380.2837348280664,0.0,0.0,0.0,83129.36869439688
2023-01-10,79766.16612204042,92222.15571858715,98079.2001478261,79766.16612204042,79766.16612204042,15210.582548046363,15210.582548046363,15210.582548046363,11443.020755605892,11443.020755605892,11443.020755605892,3767.561792440472,3767.561792440472,3767.561792440472,0.0,0.0,0.0,94976.74867008679
2023-01-11,79771.13738718642,95161.25369144158,101245.51148017199,79771.13738718642,79771.13738718642,18440.964288656134,18440.964288656134,18440.964288656134,14287.696813029492,14287.696813029492,14287.696813029492,4153.26747562664,4153.26747562664,4153.26747562664,0.0,0.0,0.0,98212.10167584255
2023-01-12,79776.10865233243,87833.64402204826,93618.33181362294,79776.10865233243,79776.10865233243,10890.952642136719,10890.952642136719,10890.952642136719,6353.841117926439,6353.841117926439,6353.841117926439,4537.111524210279,4537.111524210279,4537.111524210279,0.0,0.0,0.0,90667.06129446915
2023-01-13,79781.07991747843,75479.07536923794,81617.58165003483,79781.07991747843,79781.07991747843,-1439.0258196575753,-1439.0258196575753,-1439.0258196575753,-6357.843660745739,-6357.843660745739,-6357.843660745739,4918.817841088164,4918.817841088164,4918.817841088164,0.0,0.0,0.0,78342.05409782086
2023-01-14,79786.05118262445,67800.52735236577,73870.59553087445,79786.05118262445,79786.05118262445,-8955.773415004096,-8955.773415004096,-8955.773415004096,-14253.901407913347,-14253.901407913347,-14253.901407913347,5298.127992909248,5298.127992909248,5298.127992909248,0.0,0.0,0.0,70830.27776762036
2023-01-15,79791.02244777048,70949.93778267663,76785.4566254303,79791.02244777048,79791.02244777048,-5785.898461419633,-5785.898461419633,-5785.898461419633,-11460.70372055522,-11460.70372055522,-11460.70372055522,5674.805259135586,5674.805259135586,5674.805259135586,0.0,0.0,0.0,74005.12398635084
2023-01-16,79795.99371291648,82899.54625021243,88764.53224930268,79795.99371291648,79795.99371291648,6036.528223789778,6036.528223789778,6036.528223789778,-12.109897369178539,-12.109897369178539,-12.109897369178539,6048.638121158957,6048.638121158957,6048.638121158957,0.0,0.0,0.0,85832.52193670625
2023-01-17,79800.96497806249,94581.40098356192,100459.53759460259,79800.96497806249,79800.96497806249,17862.4638540208,17862.4638540208,17862.4638540208,11443.020755611902,11443.020755611902,11443.020755611902,6419.443098408897,6419.443098408897,6419.443098408897,0.0,0.0,0.0,97663.42883208329
2023-01-18,79805.93624320849,97961.40951916779,103906.35096669443,79805.93624320849,79805.93624320849,21074.763669284188,21074.763669284188,21074.763669284188,14287.696813027322,14287.696813027322,14287.696813027322,6787.066856256863,6787.066856256863,6787.066856256863,0.0,0.0,0.0,100880.69991249268
2023-01-19,79810.9075083545,90508.1841613324,96047.51984542387,79810.9075083545,79810.9075083545,13505.22864826281,13505.22864826281,13505.22864826281,6353.84111791767,6353.84111791767,6353.84111791767,7151.387530345139,7151.387530345139,7151.387530345139,0.0,0.0,0.0,93316.13615661731
2023-01-20,79815.8787735005,77858.76529505891,83888.49019710945,79815.8787735005,79815.8787735005,1154.4715725965305,1154.4715725965305,1154.4715725965305,-6357.8436607544545,-6357.8436607544545,-6357.8436607544545,7512.315233350984,7512.315233350984,7512.315233350984,0.0,0.0,0.0,80970.35034609704
2023-01-21,79820.85003864652,70569.50830233177,76405.38915879946,79820.85003864652,79820.85003864652,-6384.109675475635,-6384.109675475635,-6384.109675475635,-14253.901407915471,-14253.901407915471,-14253.901407915471,7869.791732439838,7869.791732439838,7869.791732439838,0.0,0.0,0.0,73436.74036317089
2023-01-22,79825.82130379255,73722.8675992116,79637.28601204118,79825.82130379255,79825.82130379255,-3236.914412356761,-3236.914412356761,-3236.914412356761,-11460.703720549209,-11460.703720549209,-11460.703720549209,8223.789308192447,8223.789308192447,8223.789308192447,0.0,0.0,0.0,76588.90689143578
2023-01-23,79830.79256893854,85377.13811177078,91321.90517918812,79830.79256893854,79830.79256893854,8562.198930625487,8562.198930625487,8562.198930625487,-12.109897359544174,-12.109897359544174,-12.109897359544174,8574.30882798503,8574.30882798503,8574.30882798503,0.0,0.0,0.0,88392.99149956403
2023-01-24,79835.76383408456,97245.69481480881,103097.26716718826,79835.76383408456,79835.76383408456,20364.39784362435,20364.39784362435,20364.39784362435,11443.02075561791,11443.02075561791,11443.02075561791,8921.37708800644,8921.37708800644,8921.37708800644,0.0,0.0,0.0,100200.16167770891
2023-01-25,79840.73509923056,100377.03609412942,106526.5979969596,79840.73509923056,79840.73509923056,23552.740310851506,23552.740310851506,23552.740310851506,14287.696813025215,14287.696813025215,14287.696813025215,9265.043497826291,9265.043497826291,9265.043497826291,0.0,0.0,0.0,103393.47541008206
2023-01-26,79845.70636437657,92872.77479539414,98707.00001973115,79845.70636437657,79845.70636437657,15959.217316903827,15959.217316903827,15959.217316903827,6353.841117908962,6353.841117908962,6353.841117908962,9605.376198994863,9605.376198994863,9605.376198994863,0.0,0.0,0.0,95804.9236812804
2023-01-27,79850.67762952257,80362.94119280658,86320.75804166052,79850.67762952257,79850.67762952257,3584.6140635127995,3584.6140635127995,3584.6140635127995,-6357.8436607151925,-6357.8436607151925,-6357.8436607151925,9942.457724227992,9942.457724227992,9942.457724227992,0.0,0.0,0.0,83435.29169303537
2023-01-28,79855.64889466859,73045.83750017514,78669.152249679,79855.64889466859,79855.64889466859,-3977.521092105894,-3977.521092105894,-3977.521092105894,-14253.901407905785,-14253.901407905785,-14253.901407905785,10276.380315799892,10276.380315799892,10276.380315799892,0.0,0.0,0.0,75878.1278025627
2023-01-29,79860.62015981461,76113.75639577825,82081.2600878261,79860.62015981461,79860.62015981461,-853.4626899794948,-853.4626899794948,-853.4626899794948,-11460.703720543192,-11460.703720543192,-11460.703720543192,10607.241030563699,10607.241030563699,10607.241030563699,0.0,0.0,0.0,79007.15746983512
2023-01-30,79865.59142496061,87720.27311378928,93522.8423251473,79865.59142496061,79865.59142496061,10923.026866911978,10923.026866911978,10923.026866911978,-12.109897349844935,-12.109897349844935,-12.109897349844935,10935.136764261822,10935.136764261822,10935.136764261822,0.0,0.0,0.0,90788.6182918726
2023-01-31,79870.56269010663,99448.92160116324,105330.87276800338,79870.56269010663,79870.56269010663,22703.180085061857,22703.180085061857,22703.180085061857,11443.020755623971,11443.020755623971,11443.020755623971,11260.159329437882,11260.159329437882,11260.159329437882,0.0,0.0,0.0,102573.74277516849
2023-02-01,79875.53395525263,102730.42739929212,108555.13519056884,79875.53395525263,79875.53395525263,25870.08753218502,25870.08753218502,25870.08753218502,14287.696813034921,14287.696813034921,14287.696813034921,11582.390719150102,11582.390719150102,11582.390719150102,0.0,0.0,0.0,105745.62148743765
2023-02-02,79880.50522039864,95102.6010025038,101087.80890430682,79880.50522039864,79880.50522039864,18255.739800926145,18255.739800926145,18255.739800926145,6353.841117900252,6353.841117900252,6353.841117900252,11901.898683025895,11901.898683025895,11901.898683025895,0.0,0.0,0.0,98136.24502132478
2023-02-03,79885.47648554464,82602.80153759944,88713.60229376025,79885.47648554464,79885.47648554464,5860.889072343761,5860.889072343761,5860.889072343761,-6357.843660723948,-6357.843660723948,-6357.843660723948,12218.732733067709,12218.732733067709,12218.732733067709,0.0,0.0,0.0,85746.3655578884
2023-02-04,79890.44775069066,75316.57894484379,81141.61270435582,79890.44775069066,79890.44775069066,-1720.9807235793082,-1720.9807235793082,-1720.9807235793082,-14253.901407907912,-14253.901407907912,-14253.901407907912,12532.920684328603,12532.920684328603,12532.920684328603,0.0,0.0,0.0,78169.46702711134
2023-02-05,79895.41901583668,78188.24222583597,84187.74164766681,79895.41901583668,79895.41901583668,1383.7620999407848,1383.7620999407848,1383.7620999407848,-11460.70372053719,-11460.70372053719,-11460.70372053719,12844.465820477973,12844.465820477973,12844.465820477973,0.0,0.0,0.0,81279.18111577746
2023-02-06,79900.39028098268,90180.32696725168,96103.31006018614,79900.39028098268,79900.39028098268,13141.234859426855,13141.234859426855,13141.234859426855,-12.109897340175978,-12.109897340175978,-12.109897340175978,13153.344756767032,13153.344756767032,13153.344756767032,0.0,0.0,0.0,93041.62514040954
2023-02-07,79905.3615461287,101807.07889115637,107628.37351598222,79905.3615461287,79905.3615461287,24902.526809161936,24902.526809161936,24902.526809161936,11443.020755596666,11443.020755596666,11443.020755596666,13459.506053565268,13459.506053565268,13459.506053565268,0.0,0.0,0.0,104807.88835529063
2023-02-08,79910.3328112747,104875.00301099315,110998.20743152456,79910.3328112747,79910.3328112747,28050.56642591998,28050.56642591998,28050.56642591998,14287.696813032811,14287.696813032811,14287.696813032811,13762.86961288717,13762.86961288717,13762.86961288717,0.0,0.0,0.0,107960.89923719468
2023-02-09,79915.30407642071,97117.69873868284,103227.10347474302,79915.30407642071,79915.30407642071,20417.167986766115,20417.167986766115,20417.167986766115,6353.841117891545,6353.841117891545,6353.841117891545,14063.326868874568,14063.326868874568,14063.326868874568,0.0,0.0,0.0,100332.47206318683
2023-02-10,79920.27534156672,84856.72350499393,90880.33115684954,79920.27534156672,79920.27534156672,8002.898100823612,8002.898100823612,8002.898100823612,-6357.843660732617,-6357.843660732617,-6357.843660732617,14360.741761556228,14360.741761556228,14360.741761556228,0.0,0.0,0.0,87923.17344239034
2023-02-11,79925.24660671272,77271.21453383734,83217.80545606517,79925.24660671272,79925.24660671272,401.0510540972301,401.0510540972301,401.0510540972301,-14253.90140791008,-14253.90140791008,-14253.90140791008,14654.952462007312,14654.952462007312,14654.952462007312,0.0,0.0,0.0,80326.29766080996
2023-02-12,79930.21787185875,80496.56541334945,86242.72017880282,79930.21787185875,79930.21787185875,3485.0700762965926,3485.0700762965926,3485.0700762965926,-11460.70372056428,-11460.70372056428,-11460.70372056428,14945.773796860873,14945.773796860873,14945.773796860873,0.0,0.0,0.0,83415.28794815534
2023-02-13,79935.18913700475,92204.60740216658,98177.88476761122,79935.18913700475,79935.18913700475,15220.89040417005,15220.89040417005,15220.89040417005,-12.109897330508742,-12.109897330508742,-12.109897330508742,15233.000301500557,15233.000301500557,15233.000301500557,0.0,0.0,0.0,95156.0795411748
2023-02-14,79940.16040215077,103840.23840120854,109772.8774608646,79940.16040215077,79940.16040215077,26959.430570374356,26959.430570374356,26959.430570374356,11443.020755602833,11443.020755602833,11443.020755602833,15516.409814771523,15516.409814771523,15516.409814771523,0.0,0.0,0.0,106899.59097252513
2023-02-15,79945.13166729677,106983.96600298118,113008.10475460357,79945.13166729677,79945.13166729677,30083.46432703924,30083.46432703924,30083.46432703924,14287.69681303058,14287.69681303058,14287.69681303058,15795.767514008665,15795.767514008665,15795.767514008665,0.0,0.0,0.0,110028.595994336
2023-02-16,79950.10293244278,99744.1558904431,105326.95553078936,79950.10293244278,79950.10293244278,22424.67139596985,22424.67139596985,22424.67139596985,6353.841117882775,6353.841117882775,6353.841117882775,16070.830278087074,16070.830278087074,16070.830278087074,0.0,0.0,0.0,102374.77432841263
2023-02-17,79955.0741975888,87209.68646118339,92746.14879887653,79955.0741975888,79955.0741975888,9983.50759751535,9983.50759751535,9983.50759751535,-6357.843660741331,-6357.843660741331,-6357.843660741331,16341.351258256682,16341.351258256682,16341.351258256682,0.0,0.0,0.0,89938.58179510414
2023-02-18,79960.0454627348,79507.81810428794,85246.71685438724,79960.0454627348,79960.0454627348,2353.183124045533,2353.183124045533,2353.183124045533,-14253.901407912252,-14253.901407912252,-14253.901407912252,16607.084531957786,16607.084531957786,16607.084531957786,0.0,0.0,0.0,82313.22858678033
2023-02-19,79965.01672788082,82551.62547085804,88364.94736529142,79965.01672788082,79965.01672788082,5407.085993170309,5407.085993170309,5407.085993170309,-11460.703720558273,-11460.703720558273,-11460.703720558273,16867.789713728584,16867.789713728584,16867.789713728584,0.0,0.0,0.0,85372.10272105114
2023-02-20,79969.98799302682,93820.8900520062,100067.6462035315,79969.98799302682,79969.98799302682,17111.126502357776,17111.126502357776,17111.126502357776,-12.109897320841512,-12.109897320841512,-12.109897320841512,17123.236399678615,17123.236399678615,17123.236399678615,0.0,0.0,0.0,97081.1144953846
2023-02-21,79974.95925817284,105861.78795102525,111736.7318174534,79974.95925817284,79974.95925817284,28816.229083402395,28816.229083402395,28816.229083402395,11443.020755608843,11443.020755608843,11443.020755608843,17373.208327793556,17373.208327793556,17373.208327793556,0.0,0.0,0.0,108791.18834157524
2023-02-22,79979.93052331884,108975.21365723343,115066.7092666144,79979.93052331884,79979.93052331884,31905.203958284157,31905.203958284157,31905.203958284157,14287.696813028471,14287.696813028471,14287.696813028471,17617.50714525569,17617.50714525569,17617.50714525569,0.0,0.0,0.0,111885.13448160299
2023-02-23,79984.90178846485,100942.69347708405,107231.09423748284,79984.90178846485,79984.90178846485,24209.79680376705,24209.79680376705,24209.79680376705,6353.841117922105,6353.841117922105,6353.841117922105,17855.955685844947,17855.955685844947,17855.955685844947,0.0,0.0,0.0,104194.6985922319
2023-02-24,79989.87305361086,88757.2313148455,94659.82465579461,79989.87305361086,79989.87305361086,11730.557014194717,11730.557014194717,11730.557014194717,-6357.843660702115,-6357.843660702115,-6357.843660702115,18088.40067489683,18088.40067489683,18088.40067489683,0.0,0.0,0.0,91720.43006780557
2023-02-25,79994.84431875686,81228.50081762059,87155.41065505554,79994.84431875686,79994.84431875686,4060.8133879331062,4060.8133879331062,4060.8133879331062,-14253.901407914374,-14253.901407914374,-14253.901407914374,18314.71479584748,18314.71479584748,18314.71479584748,0.0,0.0,0.0,84055.65770668996
2023-02-26,79999.81558390289,84147.18422117898,89927.18818374045,79999.81558390289,79999.81558390289,7074.0943500262565,7074.0943500262565,7074.0943500262565,-11460.703720552257,-11460.703720552257,-11460.703720552257,18534.798070578512,18534.798070578512,18534.798070578512,0.0,0.0,0.0,87073.90993392914
2023-02-27,80004.78684904889,95759.23693384997,101653.65632449933,80004.78684904889,80004.78684904889,18736.468627812763,18736.468627812763,18736.468627812763,-12.109897311142273,-12.109897311142273,-12.109897311142273,18748.578525123907,18748.578525123907,18748.578525123907,0.0,0.0,0.0,98741.25547686165
2023-02-28,80009.7581141949,107454.97543024666,113511.36720520962,80009.7581141949,80009.7581141949,30399.032887754925,30399.032887754925,30399.032887754925,11443.020755581585,11443.020755581585,11443.020755581585,18956.012132173335,18956.012132173335,18956.012132173335,0.0,0.0,0.0,110408.79100194984
2023-03-01,80014.7293793409,110224.89595782793,116151.89247645198,80014.7293793409,80014.7293793409,33444.77885476118,33444.77885476118,33444.77885476118,14287.696813026363,14287.696813026363,14287.696813026363,19157.082041734815,19157.082041734815,19157.082041734815,0.0,0.0,0.0,113459.50823410208
2023-03-02,80019.70064448692,102888.74090034336,108629.09767233815,80019.70064448692,80019.70064448692,25705.638248597083,25705.638248597083,25705.638248597083,6353.841117913336,6353.841117913336,6353.841117913336,19351.797130683743,19351.797130683743,19351.797130683743,0.0,0.0,0.0,105725.338893084
2023-03-03,80024.67190963293,90098.44418293214,96129.90495605016,80024.67190963293,80024.67190963293,13182.34625950506,13182.34625950506,13182.34625950506,-6357.843660710826,-6357.843660710826,-6357.843660710826,19540.189920215886,19540.189920215886,19540.189920215886,0.0,0.0,0.0,93207.018169138
2023-03-04,80029.64317477893,82643.21989256915,88598.37031417605,80029.64317477893,80029.64317477893,5468.412519021822,5468.412519021822,5468.412519021822,-14253.901407916546,-14253.901407916546,-14253.901407916546,19722.31392693837,19722.31392693837,19722.31392693837,0.0,0.0,0.0,85498.05569380075
2023-03-05,80034.61443992496,85685.9741851539,91478.64125988934,80034.61443992496,80034.61443992496,8437.53680745339,8437.53680745339,8437.53680745339,-11460.703720546253,-11460.703720546253,-11460.703720546253,19898.240527999642,19898.240527999642,19898.240527999642,0.0,0.0,0.0,88472.15124737835
2023-03-06,80039.58570507096,97261.13130858385,103077.16249976215,80039.58570507096,80039.58570507096,20055.94553558944,20055.94553558944,20055.94553558944,-12.109897354758532,-12.109897354758532,-12.109897354758532,20068.055432944195,20068.055432944195,20068.055432944195,0.0,0.0,0.0,100095.5312406604
2023-03-07,80044.55697021697,108775.6475651914,114833.83303275115,80044.55697021697,80044.55697021697,31674.875620070154,31674.875620070154,31674.875620070154,11443.020755587597,11443.020755587597,11443.020755587597,20231.85486448256,20231.85486448256,20231.85486448256,0.0,0.0,0.0,111719.43259028712
2023-03-08,80049.52823536299,111788.36784999548,117761.19215468722,80049.52823536299,80049.52823536299,34677.438369958945,34677.438369958945,34677.438369958945,14287.69681302413,14287.69681302413,14287.69681302413,20389.741556934816,20389.741556934816,20389.741556934816,0.0,0.0,0.0,114726.96660532194
2023-03-09,80054.49950050899,104333.0900880973,110121.70302605834,80054.49950050899,80054.49950050899,26895.661802442253,26895.661802442253,26895.661802442253,6353.841117904686,6353.841117904686,6353.841117904686,20541.820684537568,20541.820684537568,20541.820684537568,0.0,0.0,0.0,106950.16130295124
2023-03-10,80059.470765655,91579.77514167909,97329.25307778592,80059.470765655,80059.470765655,14330.352171339597,14330.352171339597,14330.352171339597,-6357.843660719538,-6357.843660719538,-6357.843660719538,20688.195832059137,20688.195832059137,20688.195832059137,0.0,0.0,0.0,94389.8229369946
2023-03-11,80064.442030801,83688.94538830726,89493.97785458626,80064.442030801,80064.442030801,6575.063709373824,6575.063709373824,6575.063709373824,-14253.901407906837,-14253.901407906837,-14253.901407906837,20828.96511728066,20828.96511728066,20828.96511728066,0.0,0.0,0.0,86639.50574017482
2023-03-12,80069.41329594702,86635.23634603685,92479.43456521297,80069.41329594702,80069.41329594702,9503.513848432198,9503.513848432198,9503.513848432198,-11460.703720540243,-11460.703720540243,-11460.703720540243,20964.217568972443,20964.217568972443,20964.217568972443,0.0,0.0,0.0,89572.92714437921
2023-03-13,80074.38456109303,98324.12302071288,104089.47210023382,80074.38456109303,80074.38456109303,21081.919957929185,21081.919957929185,21081.919957929185,-12.109897345089573,-12.109897345089573,-12.109897345089573,21094.029855274275,21094.029855274275,21094.029855274275,0.0,0.0,0.0,101156.30451902222
2023-03-14,80079.35582623904,109910.5496890712,115811.25867416148,80079.35582623904,80079.35582623904,32661.48420169071,32661.48420169071,32661.48420169071,11443.020755593656,11443.020755593656,11443.020755593656,21218.463446097056,21218.463446097056,21218.463446097056,0.0,0.0,0.0,112740.84002792975
2023-03-15,80084.32709138506,112896.29972919614,118829.96683308009,80084.32709138506,80084.32709138506,35625.25909273759,35625.25909273759,35625.25909273759,14287.696813022021,14287.696813022021,14287.696813022021,21337.56227971557,21337.56227971557,21337.56227971557,0.0,0.0,0.0,115709.58618412266
2023-03-16,80089.29835653106,105008.92735760317,111099.0256249941,80089.29835653106,80089.29835653106,27805.192106383976,27805.192106383976,27805.192106383976,6353.841117895919,6353.841117895919,6353.841117895919,21451.35098848806,21451.35098848806,21451.35098848806,0.0,0.0,0.0,107894.49046291504
2023-03-17,80094.26962167707,92383.80021043059,98234.91605301999,80094.26962167707,80094.26962167707,15201.990061364238,15201.990061364238,15201.990061364238,-6357.843660728253,-6357.843660728253,-6357.843660728253,21559.83372209249,21559.83372209249,21559.83372209249,0.0,0.0,0.0,95296.25968304131
2023-03-18,80099.24088682307,84594.6200038998,90530.64331679993,80099.24088682307,80099.24088682307,7409.09218138973,7409.09218138973,7409.09218138973,-14253.901407909005,-14253.901407909005,-14253.901407909005,21662.993589298738,21662.993589298738,21662.993589298738,0.0,0.0,0.0,87508.3330682128
2023-03-19,80104.21215196908,87342.74845060076,93401.39362184692,80104.21215196908,80104.21215196908,10300.089001060887,10300.089001060887,10300.089001060887,-11460.703720534226,-11460.703720534226,-11460.703720534226,21760.792721595113,21760.792721595113,21760.792721595113,0.0,0.0,0.0,90404.30115302997
2023-03-20,80109.1834171151,99043.60035621308,104934.11344272147,80109.1834171151,80109.1834171151,21841.06304716098,21841.06304716098,21841.06304716098,-12.109897335455205,-12.109897335455205,-12.109897335455205,21853.172944496437,21853.172944496437,21853.172944496437,0.0,0.0,0.0,101950.24646427608
2023-03-21,80114.15468226111,110473.08029879016,116435.7732748744,80114.15468226111,80114.15468226111,33383.07778113085,33383.07778113085,33383.07778113085,11443.020755599719,11443.020755599719,11443.020755599719,21940.057025531136,21940.057025531136,21940.057025531136,0.0,0.0,0.0,113497.23246339196
2023-03-22,80119.12594740713,113358.71030685614,119382.05533307792,80119.12594740713,80119.12594740713,36309.04726528587,36309.04726528587,36309.04726528587,14287.696813031727,14287.696813031727,14287.696813031727,22021.350452254148,22021.350452254148,22021.350452254148,0.0,0.0,0.0,116428.173212693
2023-03-23,80124.09721255313,105604.45963252198,111488.99544399939,80124.09721255313,80124.09721255313,28450.78479744967,28450.78479744967,28450.78479744967,6353.84111788715,6353.84111788715,6353.84111788715,22096.943679562522,22096.943679562522,22096.943679562522,0.0,0.0,0.0,108574.8820100028
2023-03-24,80129.06847769914,92841.80058382425,98954.33035108335,80129.06847769914,80129.06847769914,15808.871112756844,15808.871112756844,15808.871112756844,-6357.84366073692,-6357.84366073692,-6357.84366073692,22166.714773493764,22166.714773493764,22166.714773493764,0.0,0.0,0.0,95937.93959045598
2023-03-25,80134.03974284514,85130.58438472044,91258.48948360648,80134.03974284514,80134.03974284514,7976.630960971365,7976.630960971365,7976.630960971365,-14253.901407911157,-14253.901407911157,-14253.901407911157,22230.53236888252,22230.53236888252,22230.53236888252,0.0,0.0,0.0,88110.6707038165
2023-03-26,80139.01100799115,87939.08970498371,93710.35348284962,80139.01100799115,80139.01100799115,10827.555130449779,10827.555130449779,10827.555130449779,-11460.70372052822,-11460.70372052822,-11460.70372052822,22288.258850978,22288.258850978,22288.258850978,0.0,0.0,0.0,90966.56613844093
2023-03-27,80143.98227313717,99319.42562620476,105360.22360029252,80143.98227313717,80143.98227313717,22327.643769193848,22327.643769193848,22327.643769193848,-12.109897379039463,-12.109897379039463,-12.109897379039463,22339.753666572884,22339.753666572884,22339.753666572884,0.0,0.0,0.0,102471.62604233102
2023-03-28,80148.95353828318,111023.6875427305,116937.21877947786,80148.95353828318,80148.95353828318,33827.89742403296,33827.89742403296,33827.89742403296,11443.020755605778,11443.020755605778,11443.020755605778,22384.876668427183,22384.876668427183,22384.876668427183,0.0,0.0,0.0,113976.85096231615
2023-03-29,80153.9248034292,114125.42576222612,119882.66381105305,80153.9248034292,80153.9248034292,36711.18821085111,36711.18821085111,36711.18821085111,14287.696813029619,14287.696813029619,14287.696813029619,22423.491397821497,22423.491397821497,22423.491397821497,0.0,0.0,0.0,116865.1130142803
2023-03-30,80158.8960685752,105947.05170455883,111825.32743816443,80158.8960685752,80158.8960685752,28809.309331779645,28809.309331779645,28809.309331779645,6353.841117926539,6353.841117926539,6353.841117926539,22455.468213853106,22455.468213853106,22455.468213853106,0.0,0.0,0.0,108968.20540035484
2023-03-31,80163.86733372121,93328.57606765346,99422.83704022456,80163.86733372121,80163.86733372121,16122.843523701455,16122.843523701455,16122.843523701455,-6357.843660745679,-6357.843660745679,-6357.843660745679,22480.687184447135,22480.687184447135,22480.687184447135,0.0,0.0,0.0,96286.71085742266
2023-04-01,80168.83859886721,85444.11016477158,91249.03168300753,80168.83859886721,80168.83859886721,8245.139254852178,8245.139254852178,8245.139254852178,-14253.901407913303,-14253.901407913303,-14253.901407913303,22499.04066276548,22499.04066276548,22499.04066276548,0.0,0.0,0.0,88413.97785371939
2023-04-02,80173.80986401322,88277.71225747964,94192.31829211205,80173.80986401322,80173.80986401322,11049.731762916399,11049.731762916399,11049.731762916399,-11460.703720555312,-11460.703720555312,-11460.703720555312,22510.435483471712,22510.435483471712,22510.435483471712,0.0,0.0,0.0,91223.54162692963
2023-04-03,80178.78112915924,99818.35290085981,105758.37927427,80178.78112915924,80178.78112915924,22502.68482842233,22502.68482842233,22502.68482842233,-12.109897369371364,-12.109897369371364,-12.109897369371364,22514.794725791704,22514.794725791704,22514.794725791704,0.0,0.0,0.0,102681.46595758156
2023-04-04,80183.75239430525,111117.21187148959,116968.14145574957,80183.75239430525,80183.75239430525,33955.07975972574,33955.07975972574,33955.07975972574,11443.020755611788,11443.020755611788,11443.020755611788,22512.05900411395,22512.05900411395,22512.05900411395,0.0,0.0,0.0,114138.832154031
2023-04-05,80188.72365945127,114018.9934796253,119896.1441702206,80188.72365945127,80188.72365945127,36789.884074593305,36789.884074593305,36789.884074593305,14287.696813027445,14287.696813027445,14287.696813027445,22502.187261565858,22502.187261565858,22502.187261565858,0.0,0.0,0.0,116978.60773404458
2023-04-06,80193.69492459726,106170.66658493536,111940.8747543622,80193.69492459726,80193.69492459726,28838.99817505679,28838.99817505679,28838.99817505679,6353.84111791777,6353.84111791777,6353.84111791777,22485.157057139022,22485.157057139022,22485.157057139022,0.0,0.0,0.0,109032.69309965405
2023-04-07,80198.66618974328,93356.9649282285,99243.38574156354,80198.66618974328,80198.66618974328,16103.120691353897,16103.120691353897,16103.120691353897,-6357.843660706417,-6357.843660706417,-6357.843660706417,22460.964352060317,22460.964352060317,22460.964352060317,0.0,0.0,0.0,96301.78688109717
2023-04-08,80203.63745488928,85509.37715903466,91196.27122671276,80203.63745488928,80203.63745488928,8175.721407857071,8175.721407857071,8175.721407857071,-14253.901407915451,-14253.901407915451,-14253.901407915451,22429.622815772524,22429.622815772524,22429.622815772524,0.0,0.0,0.0,88379.35886274635
2023-04-09,80208.60872003529,88030.73873412627,94242.19208807645,80208.60872003529,80208.60872003529,10930.458965116468,10930.458965116468,10930.458965116468,-11460.7037205493,-11460.7037205493,-11460.7037205493,22391.162685665768,22391.162685665768,22391.162685665768,0.0,0.0,0.0,91139.06768515176
2023-04-10,80213.57998518132,99533.7363125198,105327.72544467504,80213.57998518132,80213.57998518132,22333.51932984063,22333.51932984063,22333.51932984063,-12.109897359672129,-12.109897359672129,-12.109897359672129,22345.629227200297,22345.629227200297,22345.629227200297,0.0,0.0,0.0,102547.09931502194
2023-04-11,80218.55125032732,111096.96806370982,116651.73441702912,80218.55125032732,80218.55125032732,33736.10160754203,33736.10160754203,33736.10160754203,11443.020755617901,11443.020755617901,11443.020755617901,22293.08085192413,22293.08085192413,22293.08085192413,0.0,0.0,0.0,113954.65285786934
2023-04-12,80223.52251547333,113669.82824157216,119328.98198990736,80223.52251547333,80223.52251547333,36521.28377284913,36521.28377284913,36521.28377284913,14287.696813025277,14287.696813025277,14287.696813025277,22233.586959823857,22233.586959823857,22233.586959823857,0.0,0.0,0.0,116744.80628832246
2023-04-13,80228.49378061933,105598.00061022506,111628.3566372396,80228.49378061933,80228.49378061933,28521.066697122966,28521.066697122966,28521.066697122966,6353.841117909122,6353.841117909122,6353.841117909122,22167.225579213846,22167.225579213846,22167.225579213846,0.0,0.0,0.0,108749.5604777423
2023-04-14,80233.46504576535,92791.63441279439,98876.97913871474,80233.46504576535,80233.46504576535,15736.237221087205,15736.237221087205,15736.237221087205,-6357.843660715131,-6357.843660715131,-6357.843660715131,22094.080881802336,22094.080881802336,22094.080881802336,0.0,0.0,0.0,95969.70226685255
2023-04-15,80238.43631091135,85130.90253519142,90979.07719296304,80238.43631091135,80238.43631091135,7760.339244664213,7760.339244664213,7760.339244664213,-14253.901407917621,-14253.901407917621,-14253.901407917621,22014.240652581833,22014.240652581833,22014.240652581833,0.0,0.0,0.0,87998.77555557556
2023-04-16,80243.40757605736,87839.69421468885,93686.71984564522,80243.40757605736,80243.40757605736,10467.09007319757,10467.09007319757,10467.09007319757,-11460.703720543286,-11460.703720543286,-11460.703720543286,21927.793793740857,21927.793793740857,21927.793793740857,0.0,0.0,0.0,90710.49764925493
2023-04-17,80248.37884120339,99134.54743484546,105105.04985822203,80248.37884120339,80248.37884120339,21822.71804161205,21822.71804161205,21822.71804161205,-12.109897349971167,-12.109897349971167,-12.109897349971167,21834.82793896202,21834.82793896202,21834.82793896202,0.0,0.0,0.0,102071.09688281544
2023-04-18,80253.35010634939,110469.10512533915,116500.9381986723,80253.35010634939,80253.35010634939,33178.44800494816,33178.44800494816,33178.44800494816,11443.020755590593,11443.020755590593,11443.020755590593,21735.42724935757,21735.42724935757,21735.42724935757,0.0,0.0,0.0,113431.79811129754
2023-04-19,80258.3213714954,113215.85128922573,118853.94997491509,80258.3213714954,80258.3213714954,35917.367268131304,35917.367268131304,35917.367268131304,14287.696813023105,14287.696813023105,14287.696813023105,21629.670455108197,21629.670455108197,21629.670455108197,0.0,0.0,0.0,116175.68863962671
2023-04-20,80263.2926366414,105021.81862185326,111121.93922029632,80263.2926366414,80263.2926366414,27871.470315757888,27871.470315757888,27871.470315757888,6353.841117900353,6353.841117900353,6353.841117900353,21517.62919785754,21517.62919785754,21517.62919785754,0.0,0.0,0.0,108134.7629523993
2023-04-21,80268.26390178742,92382.1814868036,98468.35103514351,80268.26390178742,80268.26390178742,15041.523057655404,15041.523057655404,15041.523057655404,-6357.843660723797,-6357.843660723797,-6357.843660723797,21399.3667183792,21399.3667183792,21399.3667183792,0.0,0.0,0.0,95309.78695944282
2023-04-22,80273.23516693342,84118.20157117014,90153.24240926953,80273.23516693342,80273.23516693342,7021.035514412517,7021.035514412517,7021.035514412517,-14253.901407919746,-14253.901407919746,-14253.901407919746,21274.936922332265,21274.936922332265,21274.936922332265,0.0,0.0,0.0,87294.27068134594
2023-04-23,80278.20643207943,87151.4734798306,92996.70192532365,80278.20643207943,80278.20643207943,9683.680123837088,9683.680123837088,9683.680123837088,-11460.703720570376,-11460.703720570376,-11460.703720570376,21144.383844407464,21144.383844407464,21144.383844407464,0.0,0.0,0.0,89961.88655591651
2023-04-24,80283.17769722546,98269.06995455363,104279.61709268855,80283.17769722546,80283.17769722546,20995.631620923265,20995.631620923265,20995.631620923265,-12.109897340335937,-12.109897340335937,-12.109897340335937,21007.7415182636,21007.7415182636,21007.7415182636,0.0,0.0,0.0,101278.80931814872
2023-04-25,80288.14896237146,109477.54375696783,115309.87954190566,80288.14896237146,80288.14896237146,32308.055002367597,32308.055002367597,32308.055002367597,11443.020755596657,11443.020755596657,11443.020755596657,20865.03424677094,20865.03424677094,20865.03424677094,0.0,0.0,0.0,112596.20396473905
2023-04-26,80293.12022751747,112672.47018186218,118331.39188385103,80293.12022751747,80293.12022751747,35003.97406758863,35003.97406758863,35003.97406758863,14287.696813032813,14287.696813032813,14287.696813032813,20716.27725455581,20716.27725455581,20716.27725455581,0.0,0.0,0.0,115297.0942951061
2023-04-27,80298.09149266347,104366.78236658251,110108.82883800664,80298.09149266347,80298.09149266347,26915.31881104021,26915.31881104021,26915.31881104021,6353.841117891644,6353.841117891644,6353.841117891644,20561.477693148572,20561.477693148572,20561.477693148572,0.0,0.0,0.0,107213.41030370368
2023-04-28,80303.06275780949,91340.13007255709,97423.18795510082,80303.06275780949,80303.06275780949,14042.792297727863,14042.792297727863,14042.792297727863,-6357.843660732466,-6357.843660732466,-6357.843660732466,20400.63595846033,20400.63595846033,20400.63595846033,0.0,0.0,0.0,94345.85505553735
2023-04-29,80308.0340229555,83438.24033011621,89047.74617427278,80308.0340229555,80308.0340229555,5979.845863260569,5979.845863260569,5979.845863260569,-14253.901407910062,-14253.901407910062,-14253.901407910062,20233.74727117063,20233.74727117063,20233.74727117063,0.0,0.0,0.0,86287.87988621608
2023-04-30,80313.0052881015,85904.712745268,91742.0097934091,80313.0052881015,80313.0052881015,8600.099742649327,8600.099742649327,8600.099742649327,-11460.703720564365,-11460.703720564365,-11460.703720564365,20060.80346321369,20060.80346321369,20060.80346321369,0.0,0.0,0.0,88913.10503075083
2023-05-01,80317.97655324751,97188.91867441907,103201.04260420942,80317.97655324751,80317.97655324751,19869.68501069651,19869.68501069651,19869.68501069651,-12.109897330635835,-12.109897330635835,-12.109897330635835,19881.794908027146,19881.794908027146,19881.794908027146,0.0,0.0,0.0,100187.66156394403
2023-05-02,80322.94781839353,108450.89239739082,114210.0056546815,80322.94781839353,80322.94781839353,31139.73328442981,31139.73328442981,31139.73328442981,11443.020755602663,11443.020755602663,11443.020755602663,19696.712528827153,19696.712528827153,19696.712528827153,0.0,0.0,0.0,111462.68110282334
2023-05-03,80327.91908353954,111249.86890730161,116968.50717888726,80327.91908353954,80327.91908353954,33793.246630874266,33793.246630874266,33793.246630874266,14287.69681303064,14287.69681303064,14287.69681303064,19505.549817843625,19505.549817843625,19505.549817843625,0.0,0.0,0.0,114121.1657144138
2023-05-04,80332.89034868554,103212.44016715941,108884.60205373964,80332.89034868554,80332.89034868554,25662.145918268656,25662.145918268656,25662.145918268656,6353.841117930973,6353.841117930973,6353.841117930973,19308.304800337686,19308.304800337686,19308.304800337686,0.0,0.0,0.0,105995.0362669542
2023-05-05,80337.86161383156,90096.88691155583,96300.42038947853,80337.86161383156,80337.86161383156,12747.138219438784,12747.138219438784,12747.138219438784,-6357.843660741223,-6357.843660741223,-6357.843660741223,19104.98188018001,19104.98188018001,19104.98188018001,0.0,0.0,0.0,93084.99983327034
2023-05-06,80342.83287897757,81904.13931816281,88000.85099235756,80342.83287897757,80342.83287897757,4641.692100779034,4641.692100779034,4641.692100779034,-14253.901407912208,-14253.901407912208,-14253.901407912208,18895.593508691243,18895.593508691243,18895.593508691243,0.0,0.0,0.0,84984.5249797566
2023-05-07,80347.80414412357,84629.04986188965,90475.37798519862,80347.80414412357,80347.80414412357,7219.457904624504,7219.457904624504,7219.457904624504,-11460.70372055836,-11460.70372055836,-11460.70372055836,18680.161625182864,18680.161625182864,18680.161625182864,0.0,0.0,0.0,87567.26204874807
2023-05-08,80352.77540926958,96134.02394595994,101817.76700433255,80352.77540926958,80352.77540926958,18446.608928608603,18446.608928608603,18446.608928608603,-12.109897320969463,-12.109897320969463,-12.109897320969463,18458.718825929573,18458.718825929573,18458.718825929573,0.0,0.0,0.0,98799.38433787819
2023-05-09,80357.7466744156,107091.39858996424,112887.689146843,80357.7466744156,80357.7466744156,29674.329983470103,29674.329983470103,29674.329983470103,11443.02075560867,11443.02075560867,11443.02075560867,18231.309227861435,18231.309227861435,18231.309227861435,0.0,0.0,0.0,110032.0766578857
2023-05-10,80362.71793956161,109897.85229834953,115741.04208292913,80362.71793956161,80362.71793956161,32285.685816797402,32285.685816797402,32285.685816797402,14287.696813028535,14287.696813028535,14287.696813028535,17997.98900376887,17997.98900376887,17997.98900376887,0.0,0.0,0.0,112648.40375635901
2023-05-11,80367.68920470761,101569.21783286994,107537.45005257986,80367.68920470761,80367.68920470761,24112.667694872798,24112.667694872798,24112.667694872798,6353.841117922264,6353.841117922264,6353.841117922264,17758.826576950534,17758.826576950534,17758.826576950534,0.0,0.0,0.0,104480.35689958041
2023-05-12,80372.66046985362,88628.3925649599,94581.5769481859,80372.66046985362,80372.66046985362,11156.058813850588,11156.058813850588,11156.058813850588,-6357.8436607498925,-6357.8436607498925,-6357.8436607498925,17513.902474600483,17513.902474600483,17513.902474600483,0.0,0.0,0.0,91528.71928370421
2023-05-13,80377.63173499964,80593.19107167171,86224.02485810372,80377.63173499964,80377.63173499964,3009.407442542577,3009.407442542577,3009.407442542577,-14253.901407914356,-14253.901407914356,-14253.901407914356,17263.308850456935,17263.308850456935,17263.308850456935,0.0,0.0,0.0,83387.03917754222
2023-05-14,80382.60300014564,82872.4104187398,88749.62030116003,80382.60300014564,80382.60300014564,5546.444977441249,5546.444977441249,5546.444977441249,-11460.70372055235,-11460.70372055235,-11460.70372055235,17007.148697993598,17007.148697993598,17007.148697993598,0.0,0.0,0.0,85929.04797758689
2023-05-15,80387.57426529165,93940.86577893009,100009.73972283865,80387.57426529165,80387.57426529165,16733.42488802889,16733.42488802889,16733.42488802889,-12.109897364585727,-12.109897364585727,-12.109897364585727,16745.53478539348,16745.53478539348,16745.53478539348,0.0,0.0,0.0,97120.99915332055
2023-05-16,80392.54553043767,105508.46115120074,111203.53037881783,80392.54553043767,80392.54553043767,27921.60910789595,27921.60910789595,27921.60910789595,11443.020755614785,11443.020755614785,11443.020755614785,16478.588352281167,16478.588352281167,16478.588352281167,0.0,0.0,0.0,108314.15463833362
2023-05-17,80397.51679558368,108074.30976032044,113787.11432469277,80397.51679558368,80397.51679558368,30494.1344286371,30494.1344286371,30494.1344286371,14287.696813026301,14287.696813026301,14287.696813026301,16206.437615610801,16206.437615610801,16206.437615610801,0.0,0.0,0.0,110891.65122422078
2023-05-18,80402.48806072968,99682.67944244645,105407.86307131774,80402.48806072968,80402.48806072968,22283.0572557241,22283.0572557241,22283.0572557241,6353.8411179134955,6353.8411179134955,6353.8411179134955,15929.216137810603,15929.216137810603,15929.216137810603,0.0,0.0,0.0,102685.54531645378
2023-05-19,80407.4593258757,86598.03470615445,92623.32921094834,80407.4593258757,80407.4593258757,9289.217453469135,9289.217453469135,9289.217453469135,-6357.8436607586045,-6357.8436607586045,-6357.8436607586045,15647.06111422774,15647.06111422774,15647.06111422774,0.0,0.0,0.0,89696.67677934482
2023-05-20,80412.43059102171,78467.1298705898,84365.68748235238,80412.43059102171,80412.43059102171,1106.210230979884,1106.210230979884,1106.210230979884,-14253.901407904646,-14253.901407904646,-14253.901407904646,15360.111638884531,15360.111638884531,15360.111638884531,0.0,0.0,0.0,81518.64082200159
2023-05-21,80417.40185616771,81083.00103821469,87161.85347856795,80417.40185616771,80417.40185616771,3607.8032870280626,3607.8032870280626,3607.8032870280626,-11460.703720546342,-11460.703720546342,-11460.703720546342,15068.507007574406,15068.507007574406,15068.507007574406,0.0,0.0,0.0,84025.20514319577
2023-05-22,80422.37312131372,92356.60331701761,98015.0032515207,80422.37312131372,80422.37312131372,14760.275218049925,14760.275218049925,14760.275218049925,-12.109897354917628,-12.109897354917628,-12.109897354917628,14772.385115404843,14772.385115404843,14772.385115404843,0.0,0.0,0.0,95182.64833936364
2023-05-23,80427.34438645974,103498.22618372105,109479.26004934046,80427.34438645974,80427.34438645974,25914.901757612275,25914.901757612275,25914.901757612275,11443.020755620792,11443.020755620792,11443.020755620792,14471.881001991487,14471.881001991487,14471.881001991487,0.0,0.0,0.0,106342.246144072
2023-05-24,80432.31565160575,105957.84553132096,111860.89523609771,80432.31565160575,80432.31565160575,28454.822404985596,28454.822404985596,28454.822404985596,14287.696813024191,14287.696813024191,14287.696813024191,14167.125591961407,14167.125591961407,14167.125591961407,0.0,0.0,0.0,108887.13805659134
2023-05-25,80437.28691675176,97691.77070684957,103558.33587940192,80437.28691675176,80437.28691675176,20212.085789132976,20212.085789132976,20212.085789132976,6353.841117904786,6353.841117904786,6353.841117904786,13858.244671228189,13858.244671228189,13858.244671228189,0.0,0.0,0.0,100649.37270588474
2023-05-26,80442.25818189776,84853.95924738918,90453.354722283,80442.25818189776,80442.25818189776,7187.5144703373335,7187.5144703373335,7187.5144703373335,-6357.843660719389,-6357.843660719389,-6357.843660719389,13545.358131056722,13545.358131056722,13545.358131056722,0.0,0.0,0.0,87629.7726522351
2023-05-27,80447.22944704378,76444.67582665963,82409.74478247258,80447.22944704378,80447.22944704378,-1025.3219055449479,-1025.3219055449479,-1025.3219055449479,-14253.901407906795,-14253.901407906795,-14253.901407906795,13228.579502361848,13228.579502361848,13228.579502361848,0.0,0.0,0.0,79421.90754149883
2023-05-28,80452.20071218978,78979.75920324097,85015.54500514861,80452.20071218978,80452.20071218978,1447.3120719696522,1447.3120719696522,1447.3120719696522,-11460.703720540323,-11460.703720540323,-11460.703720540323,12908.015792509976,12908.015792509976,12908.015792509976,0.0,0.0,0.0,81899.51278415942
2023-05-29,80457.17197733579,90234.53701668192,95898.31183270697,80457.17197733579,80457.17197733579,12571.65772889336,12571.65772889336,12571.65772889336,-12.109897345218393,-12.109897345218393,-12.109897345218393,12583.76762623858,12583.76762623858,12583.76762623858,0.0,0.0,0.0,93028.82970622915
2023-05-30,80462.1432424818,101191.26346875544,107288.77095968567,80462.1432424818,80462.1432424818,23698.950437243944,23698.950437243944,23698.950437243944,11443.020755593594,11443.020755593594,11443.020755593594,12255.929681650352,12255.929681650352,12255.929681650352,0.0,0.0,0.0,104161.09367972575
2023-05-31,80467.11450762782,103762.5866055289,109509.70263682236,80467.11450762782,80467.11450762782,26212.288214961096,26212.288214961096,26212.288214961096,14287.696813033896,14287.696813033896,14287.696813033896,11924.591401927204,11924.591401927204,11924.591401927204,0.0,0.0,0.0,106679.40272258891
2023-06-01,80472.08577277383,95659.57454363925,101530.028195982,80472.08577277383,80472.08577277383,17943.679071634317,17943.679071634317,17943.679071634317,6353.841117896019,6353.841117896019,6353.841117896019,11589.8379537383,11589.8379537383,11589.8379537383,0.0,0.0,0.0,98415.76484440814
2023-06-02,80477.05703791983,82416.36516920729,88371.13593559783,80477.05703791983,80477.05703791983,4893.907733871019,4893.907733871019,4893.907733871019,-6357.843660728101,-6357.843660728101,-6357.843660728101,11251.751394599121,11251.751394599121,11251.751394599121,0.0,0.0,0.0,85370.96477179085
2023-06-03,80482.02830306585,74073.1343962921,80109.46710523691,80482.02830306585,80482.02830306585,-3343.4894038843427,-3343.4894038843427,-3343.4894038843427,-14253.901407908941,-14253.901407908941,-14253.901407908941,10910.4120040246,10910.4120040246,10910.4120040246,0.0,0.0,0.0,77138.5388991815
2023-06-04,80486.99956821185,76570.54159966338,82742.59324376081,80486.99956821185,80486.99956821185,-894.8039931235651,-894.8039931235651,-894.8039931235651,-11460.703720534319,-11460.703720534319,-11460.703720534319,10565.899727410753,10565.899727410753,10565.899727410753,0.0,0.0,0.0,79592.19557508828
2023-06-05,80491.97083335786,87598.69166530449,93708.93529548714,80491.97083335786,80491.97083335786,10206.185780028602,10206.185780028602,10206.185780028602,-12.109897335549428,-12.109897335549428,-12.109897335549428,10218.295677364149,10218.295677364149,10218.295677364149,0.0,0.0,0.0,90698.15661338647
2023-06-06,80496.94209850387,98801.17175260838,104917.82045722124,80496.94209850387,80496.94209850387,21310.7043904272,21310.7043904272,21310.7043904272,11443.0207555996,11443.0207555996,11443.0207555996,9867.6836348276,9867.6836348276,9867.6836348276,0.0,0.0,0.0,101807.64648893107
2023-06-07,80501.91336364989,101375.75140296525,107216.04890734033,80501.91336364989,80501.91336364989,23801.848304984946,23801.848304984946,23801.848304984946,14287.69681303173,14287.69681303173,14287.69681303173,9514.151491953216,9514.151491953216,9514.151491953216,0.0,0.0,0.0,104303.76166863483
2023-06-08,80506.8846287959,93186.09478025747,99198.03274299283,80506.8846287959,80506.8846287959,15511.633698109314,15511.633698109314,15511.633698109314,6353.841117887369,6353.841117887369,6353.841117887369,9157.792580221943,9157.792580221943,9157.792580221943,0.0,0.0,0.0,96018.51832690522
2023-06-09,80511.8558939419,80022.52563258003,85839.30032865134,80511.8558939419,80511.8558939419,2440.8631699686757,2440.8631699686757,2440.8631699686757,-6357.843660736815,-6357.843660736815,-6357.843660736815,8798.70683070549,8798.70683070549,8798.70683070549,0.0,0.0,0.0,82952.71906391058
2023-06-10,80516.82715908792,71720.40910906518,77614.85401224183,80516.82715908792,80516.82715908792,-5816.8996892094465,-5816.8996892094465,-5816.8996892094465,-14253.901407911113,-14253.901407911113,-14253.901407911113,8437.001718701666,8437.001718701666,8437.001718701666,0.0,0.0,0.0,74699.92746987847
2023-06-11,80521.79842423392,74087.73409190003,79994.1382520861,80521.79842423392,80521.79842423392,-3387.910768712699,-3387.910768712699,-3387.910768712699,-11460.703720561409,-11460.703720561409,-11460.703720561409,8072.792951848709,8072.792951848709,8072.792951848709,0.0,0.0,0.0,77133.88765552122
2023-06-12,80526.76968937993,85141.96724848414,91242.00598707079,80526.76968937993,80526.76968937993,7694.094971834625,7694.094971834625,7694.094971834625,-12.109897325849332,-12.109897325849332,-12.109897325849332,7706.204869160473,7706.204869160473,7706.204869160473,0.0,0.0,0.0,88220.86466121455
2023-06-13,80531.74095452594,96480.69331232333,102390.45376133647,80531.74095452594,80531.74095452594,18780.3912835811,18780.3912835811,18780.3912835811,11443.020755605663,11443.020755605663,11443.020755605663,7337.37052797544,7337.37052797544,7337.37052797544,0.0,0.0,0.0,99312.13223810703
2023-06-14,80536.71221967196,98881.4636770147,104582.8079747227,80536.71221967196,80536.71221967196,21254.128279193817,21254.128279193817,21254.128279193817,14287.696813029555,14287.696813029555,14287.696813029555,6966.431466164266,6966.431466164266,6966.431466164266,0.0,0.0,0.0,101790.84049886577
2023-06-15,80541.68348481797,90288.44468006915,96414.14022092031,80541.68348481797,80541.68348481797,12947.378255785095,12947.378255785095,12947.378255785095,6353.841117878601,6353.841117878601,6353.841117878601,6593.537137906494,6593.537137906494,6593.537137906494,0.0,0.0,0.0,93489.06174060307
2023-06-16,80546.65474996397,77524.36941418822,83454.46569325034,80546.65474996397,80546.65474996397,-138.9996283078088,-138.9996283078088,-138.9996283078088,-6357.843660697598,-6357.843660697598,-6357.843660697598,6218.844032389789,6218.844032389789,6218.844032389789,0.0,0.0,0.0,80407.65512165616
2023-06-17,80551.62601510999,69265.08611980971,74942.99835295766,80551.62601510999,80551.62601510999,-8411.386912111511,-8411.386912111511,-8411.386912111511,-14253.901407913281,-14253.901407913281,-14253.901407913281,5842.514495801771,5842.514495801771,5842.514495801771,0.0,0.0,0.0,72140.23910299847
2023-06-18,80556.59728025598,71700.58008586873,77567.17615095456,80556.59728025598,80556.59728025598,-5995.988433197793,-5995.988433197793,-5995.988433197793,-11460.703720555397,-11460.703720555397,-11460.703720555397,5464.715287357605,5464.715287357605,5464.715287357605,0.0,0.0,0.0,74560.60884705819
2023-06-19,80561.568545402,82749.90964765172,88704.10471953443,80561.568545402,80561.568545402,5073.5060123298,5073.5060123298,5073.5060123298,-12.109897316214965,-12.109897316214965,-12.109897316214965,5085.615909646014,5085.615909646014,5085.615909646014,0.0,0.0,0.0,85635.0745577318
2023-06-20,80566.53981054801,93729.2902938399,99802.08584516641,80566.53981054801,80566.53981054801,16148.407517589561,16148.407517589561,16148.407517589561,11443.020755611724,11443.020755611724,11443.020755611724,4705.386761977839,4705.386761977839,4705.386761977839,0.0,0.0,0.0,96714.94732813757
2023-06-21,80571.51107569403,96276.75698404513,102177.3364931909,80571.51107569403,80571.51107569403,18611.893985329985,18611.893985329985,18611.893985329985,14287.696813027447,14287.696813027447,14287.696813027447,4324.197172302542,4324.197172302542,4324.197172302542,0.0,0.0,0.0,99183.40506102401
2023-06-22,80576.48234084004,87784.67819103002,93730.91248848701,80576.48234084004,80576.48234084004,10296.05448639414,10296.05448639414,10296.05448639414,6353.84111791793,6353.84111791793,6353.84111791793,3942.213368476209,3942.213368476209,3942.213368476209,0.0,0.0,0.0,90872.53682723417
2023-06-23,80581.45360598604,74665.9415307111,80586.71262468841,80581.45360598604,80581.45360598604,-2798.2472077142675,-2798.2472077142675,-2798.2472077142675,-6357.843660706266,-6357.843660706266,-6357.843660706266,3559.596452991998,3559.596452991998,3559.596452991998,0.0,0.0,0.0,77783.20639827177
2023-06-24,80586.42487113205,66754.59396472653,72612.05355194944,80586.42487113205,80586.42487113205,-11077.40096131962,-11077.40096131962,-11077.40096131962,-14253.901407915431,-14253.901407915431,-14253.901407915431,3176.5004465958095,3176.5004465958095,3176.5004465958095,0.0,0.0,0.0,69509.02390981243
2023-06-25,80591.39613627805,68881.04885203214,74836.25546529796,80591.39613627805,80591.39613627805,-8667.633255064302,-8667.633255064302,-8667.633255064302,-11460.703720549387,-11460.703720549387,-11460.703720549387,2793.0704654850865,2793.0704654850865,2793.0704654850865,0.0,0.0,0.0,71923.76288121376
2023-06-26,80596.36740142407,80020.24723388787,86050.07924497938,80596.36740142407,80596.36740142407,2397.3311965644248,2397.3311965644248,2397.3311965644248,-12.109897359831225,-12.109897359831225,-12.109897359831225,2409.441093924256,2409.441093924256,2409.441093924256,0.0,0.0,0.0,82993.69859798849
2023-06-27,80601.3386665701,91104.68740327748,97001.77949005466,80601.3386665701,80601.3386665701,13468.755764901263,13468.755764901263,13468.755764901263,11443.02075558447,11443.02075558447,11443.02075558447,2025.735009316791,2025.735009316791,2025.735009316791,0.0,0.0,0.0,94070.09443147136
2023-06-28,80606.3099317161,93609.08210629446,99367.53953445284,80606.3099317161,80606.3099317161,15929.75872310539,15929.75872310539,15929.75872310539,14287.696813025343,14287.696813025343,14287.696813025343,1642.0619100800495,1642.0619100800495,1642.0619100800495,0.0,0.0,0.0,96536.06865482149
2023-06-29,80611.28119686211,85450.48802627635,91130.18788995202,80611.28119686211,80611.28119686211,7612.358906123961,7612.358906123961,7612.358906123961,6353.841117909221,6353.841117909221,6353.841117909221,1258.5177882147402,1258.5177882147402,1258.5177882147402,0.0,0.0,0.0,88223.64010298607
2023-06-30,80616.25246200811,72067.18563879133,77893.79409784272,80616.25246200811,80616.25246200811,-5482.659082000854,-5482.659082000854,-5482.659082000854,-6357.843660715022,-6357.843660715022,-6357.843660715022,875.184578714169,875.184578714169,875.184578714169,0.0,0.0,0.0,75133.59338000725
2023-07-01,80621.22372715412,64036.09133948396,69718.8112836035,80621.22372715412,80621.22372715412,-13761.771201031392,-13761.771201031392,-13761.771201031392,-14253.901407917578,-14253.901407917578,-14253.901407917578,492.13020688618553,492.13020688618553,492.13020688618553,0.0,0.0,0.0,66859.45252612274
2023-07-02,80626.19499230012,66311.69268724606,72324.96639907068,80626.19499230012,80626.19499230012,-11351.294677638087,-11351.294677638087,-11351.294677638087,-11460.703720543379,-11460.703720543379,-11460.703720543379,109.40904290529099,109.40904290529099,109.40904290529099,0.0,0.0,0.0,69274.90031466204
2023-07-03,80631.16625744614,77601.42484324463,83291.08976112095,80631.16625744614,80631.16625744614,-285.047136781224,-285.047136781224,-285.047136781224,-12.109897350163992,-12.109897350163992,-12.109897350163992,-272.93723943106005,-272.93723943106005,-272.93723943106005,0.0,0.0,0.0,80346.11912066491
2023-07-04,80636.13752259217,88669.37945625898,94426.037619211,80636.13752259217,80636.13752259217,10788.1423404847,10788.1423404847,10788.1423404847,11443.020755590478,11443.020755590478,11443.020755590478,-654.8784151057771,-654.8784151057771,-654.8784151057771,0.0,0.0,0.0,91424.27986307687
2023-07-05,80641.10878773817,90979.38800455419,96941.45084990372,80641.10878773817,80641.10878773817,13251.302714088615,13251.302714088615,13251.302714088615,14287.69681302317,14287.69681302317,14287.69681302317,-1036.3940989345542,-1036.3940989345542,-1036.3940989345542,0.0,0.0,0.0,93892.41150182678
2023-07-06,80646.08005288418,82593.19028464277,88480.44480200025,80646.08005288418,80646.08005288418,4936.369303715746,4936.369303715746,4936.369303715746,6353.841117900512,6353.841117900512,6353.841117900512,-1417.4718141847657,-1417.4718141847657,-1417.4718141847657,0.0,0.0,0.0,85582.44935659993
2023-07-07,80651.05131803018,69520.69100078428,75215.76643515195,80651.05131803018,80651.05131803018,-8155.948448821914,-8155.948448821914,-8155.948448821914,-6357.843660723691,-6357.843660723691,-6357.843660723691,-1798.1047880982244,-1798.1047880982244,-1798.1047880982244,0.0,0.0,0.0,72495.10286920826
2023-07-08,80656.02258317619,61093.63196011444,67258.87480982978,80656.02258317619,80656.02258317619,-16432.190940639677,-16432.190940639677,-16432.190940639677,-14253.90140790787,-14253.90140790787,-14253.90140790787,-2178.289532731803,-2178.289532731803,-2178.289532731803,0.0,0.0,0.0,64223.83164253652
2023-07-09,80660.99384832219,63743.10158745313,69707.67553250479,80660.99384832219,80660.99384832219,-14018.726997469203,-14018.726997469203,-14018.726997469203,-11460.703720537374,-11460.703720537374,-11460.703720537374,-2558.0232769318272,-2558.0232769318272,-2558.0232769318272,0.0,0.0,0.0,66642.26685085299
2023-07-10,80665.9651134682,74528.3948390039,80577.84191237511,80665.9651134682,80665.9651134682,-2949.4112181845567,-2949.4112181845567,-2949.4112181845567,-12.109897340463892,-12.109897340463892,-12.109897340463892,-2937.3013208440925,-2937.3013208440925,-2937.3013208440925,0.0,0.0,0.0,77716.55389528365
2023-07-11,80670.93637861423,85611.12632771548,91839.29011443276,80670.93637861423,80670.93637861423,8126.906367811826,8126.906367811826,8126.906367811826,11443.02075559659,11443.02075559659,11443.02075559659,-3316.1143877847644,-3316.1143877847644,-3316.1143877847644,0.0,0.0,0.0,88797.84274642606
2023-07-12,80675.90764376023,88233.85235621259,94206.30996879956,80675.90764376023,80675.90764376023,10593.250763431139,10593.250763431139,10593.250763431139,14287.696813020997,14287.696813020997,14287.696813020997,-3694.4460495898584,-3694.4460495898584,-3694.4460495898584,0.0,0.0,0.0,91269.15840719137
2023-07-13,80680.87890890625,80089.14096050305,85810.93205048292,80680.87890890625,80680.87890890625,2281.570817385883,2281.570817385883,2281.570817385883,6353.841117939841,6353.841117939841,6353.841117939841,-4072.270300553959,-4072.270300553959,-4072.270300553959,0.0,0.0,0.0,82962.44972629214
2023-07-14,80685.85017405225,66926.48708818029,72732.8647908253,80685.85017405225,80685.85017405225,-10807.393012558363,-10807.393012558363,-10807.393012558363,-6357.843660732404,-6357.843660732404,-6357.843660732404,-4449.549351825959,-4449.549351825959,-4449.549351825959,0.0,0.0,0.0,69878.45716149389
2023-07-15,80690.82143919826,58846.57386595086,64777.834335664425,80690.82143919826,80690.82143919826,-19080.133120580318,-19080.133120580318,-19080.133120580318,-14253.901407910038,-14253.901407910038,-14253.901407910038,-4826.23171267028,-4826.23171267028,-4826.23171267028,0.0,0.0,0.0,61610.68831861795
2023-07-16,80695.79270434428,61084.27687962187,67070.13386186227,80695.79270434428,80695.79270434428,-16662.954338105963,-16662.954338105963,-16662.954338105963,-11460.70372053136,-11460.70372053136,-11460.70372053136,-5202.250617574606,-5202.250617574606,-5202.250617574606,0.0,0.0,0.0,64032.83836623831
2023-07-17,80700.76396949028,72468.33175798261,78093.39992195416,80700.76396949028,80700.76396949028,-5589.632746167555,-5589.632746167555,-5589.632746167555,-12.109897330795794,-12.109897330795794,-12.109897330795794,-5577.522848836758,-5577.522848836758,-5577.522848836758,0.0,0.0,0.0,75111.13122332272
2023-07-18,80705.7352346363,83366.76345730243,89109.18516822136,80705.7352346363,80705.7352346363,5491.072762187779,5491.072762187779,5491.072762187779,11443.020755602598,11443.020755602598,11443.020755602598,-5951.94799341482,-5951.94799341482,-5951.94799341482,0.0,0.0,0.0,86196.80799682408
2023-07-19,80710.7064997823,85897.25493129395,91952.31330618587,80710.7064997823,80710.7064997823,7962.288652349652,7962.288652349652,7962.288652349652,14287.696813030705,14287.696813030705,14287.696813030705,-6325.408160681054,-6325.408160681054,-6325.408160681054,0.0,0.0,0.0,88672.99515213196
2023-07-20,80715.67776492832,77400.81602341165,83194.75258773293,80715.67776492832,80715.67776492832,-343.92705674761646,-343.92705674761646,-343.92705674761646,6353.841117931132,6353.841117931132,6353.841117931132,-6697.768174678748,-6697.768174678748,-6697.768174678748,0.0,0.0,0.0,80371.7507081807
2023-07-21,80720.64903007432,64290.82902183284,70400.9020666564,80720.64903007432,80720.64903007432,-13426.719901663142,-13426.719901663142,-13426.719901663142,-6357.843660741071,-6357.843660741071,-6357.843660741071,-7068.876240922071,-7068.876240922071,-7068.876240922071,0.0,0.0,0.0,67293.92912841117
2023-07-22,80725.62029522033,56198.78194770407,62019.96052604105,80725.62029522033,80725.62029522033,-21692.46648197471,-21692.46648197471,-21692.46648197471,-14253.901407912164,-14253.901407912164,-14253.901407912164,-7438.565074062539,-7438.565074062539,-7438.565074062539,0.0,0.0,0.0,59033.15381324562
2023-07-23,80730.59156036635,58450.26969470446,64467.10423048818,80730.59156036635,80730.59156036635,-19267.357179937684,-19267.357179937684,-19267.357179937684,-11460.70372055844,-11460.70372055844,-11460.70372055844,-7806.653459379241,-7806.653459379241,-7806.653459379241,0.0,0.0,0.0,61463.234380428665
2023-07-24,80735.56282551234,69578.05223327865,75589.99174287576,80735.56282551234,80735.56282551234,-8185.058105657656,-8185.058105657656,-8185.058105657656,-12.109897374412919,-12.109897374412919,-12.109897374412919,-8172.948208283242,-8172.948208283242,-8172.948208283242,0.0,0.0,0.0,72550.50471985468
2023-07-25,80740.53409065837,80425.93312052423,86628.43899780874,80740.53409065837,80740.53409065837,2905.774299211768,2905.774299211768,2905.774299211768,11443.020755608659,11443.020755608659,11443.020755608659,-8537.246456396892,-8537.246456396892,-8537.246456396892,0.0,0.0,0.0,83646.30838987014
2023-07-26,80745.50535580437,83205.34043105075,89088.99691195897,80745.50535580437,80745.50535580437,5388.358570500377,5388.358570500377,5388.358570500377,14287.696813028599,14287.696813028599,14287.696813028599,-8899.338242528222,-8899.338242528222,-8899.338242528222,0.0,0.0,0.0,86133.86392630475
2023-07-27,80750.47662095039,74902.42884542877,81020.41918193165,80750.47662095039,80750.47662095039,-2905.168180444727,-2905.168180444727,-2905.168180444727,6353.841117922364,6353.841117922364,6353.841117922364,-9259.009298367091,-9259.009298367091,-9259.009298367091,0.0,0.0,0.0,77845.30844050566
2023-07-28,80755.44788609639,62062.21647159846,67893.87691592831,80755.44788609639,80755.44788609639,-15973.887632995677,-15973.887632995677,-15973.887632995677,-6357.843660749785,-6357.843660749785,-6357.843660749785,-9616.043972245892,-9616.043972245892,-9616.043972245892,0.0,0.0,0.0,64781.56025310071
2023-07-29,80760.4191512424,53874.300161553896,59598.17853887646,80760.4191512424,80760.4191512424,-24224.1296139147,-24224.1296139147,-24224.1296139147,-14253.901407914334,-14253.901407914334,-14253.901407914334,-9970.228206000365,-9970.228206000365,-9970.228206000365,0.0,0.0,0.0,56536.2895373277
2023-07-30,80765.39041638841,55856.94117379246,61959.30723915801,80765.39041638841,80765.39041638841,-21782.056202626434,-21782.056202626434,-21782.056202626434,-11460.703720552434,-11460.703720552434,-11460.703720552434,-10321.352482074002,-10321.352482074002,-10321.352482074002,0.0,0.0,0.0,58983.33421376198
2023-07-31,80770.36168153441,66815.04861842997,73003.95409168467,80770.36168153441,80770.36168153441,-10681.324555823412,-10681.324555823412,-10681.324555823412,-12.109897364745684,-12.109897364745684,-12.109897364745684,-10669.214658458668,-10669.214658458668,-10669.214658458668,0.0,0.0,0.0,70089.03712571101
2023-08-01,80775.33294668044,78264.49894492616,84128.82833260045,80775.33294668044,80775.33294668044,429.39814361562856,429.39814361562856,429.39814361562856,11443.020755614667,11443.020755614667,11443.020755614667,-11013.622611999039,-11013.622611999039,-11013.622611999039,0.0,0.0,0.0,81204.73109029607
2023-08-02,80780.30421182644,80530.77872822247,86737.58643078397,80780.30421182644,80780.30421182644,2933.3001971833633,2933.3001971833633,2933.3001971833633,14287.696813026361,14287.696813026361,14287.696813026361,-11354.396615843,-11354.396615843,-11354.396615843,0.0,0.0,0.0,83713.6044090098
2023-08-03,80785.27547697246,72490.14202096623,78447.00670853768,80785.27547697246,80785.27547697246,-5337.530266374351,-5337.530266374351,-5337.530266374351,6353.841117913714,6353.841117913714,6353.841117913714,-11691.371384288064,-11691.371384288064,-11691.371384288064,0.0,0.0,0.0,75447.7452105981
2023-08-04,80790.24674211846,59459.54755479985,65485.5560431712,80790.24674211846,80790.24674211846,-18382.2413884584,-18382.2413884584,-18382.2413884584,-6357.843660710569,-6357.843660710569,-6357.843660710569,-12024.39772774783,-12024.39772774783,-12024.39772774783,0.0,0.0,0.0,62408.00535366006
2023-08-05,80795.21800726447,51442.55380456385,57115.452438521366,80795.21800726447,80795.21800726447,-26607.245179647907,-26607.245179647907,-26607.245179647907,-14253.901407916483,-14253.901407916483,-14253.901407916483,-12353.34377173143,-12353.34377173143,-12353.34377173143,0.0,0.0,0.0,54187.97282761656
2023-08-06,80800.18927241048,53774.72863801373,59744.29455284546,80800.18927241048,80800.18927241048,-24138.799426909864,-24138.799426909864,-24138.799426909864,-11460.70372054643,-11460.70372054643,-11460.70372054643,-12678.095706363436,-12678.095706363436,-12678.095706363436,0.0,0.0,0.0,56661.38984550062
2023-08-07,80805.16053755648,64790.37668304695,70867.81143422342,80805.16053755648,80805.16053755648,-13010.667943919214,-13010.667943919214,-13010.667943919214,-12.10989735504472,-12.10989735504472,-12.10989735504472,-12998.558046564169,-12998.558046564169,-12998.558046564169,0.0,0.0,0.0,67794.49259363727
2023-08-08,80810.13180270251,75980.27420626537,81881.43287856953,80810.13180270251,80810.13180270251,-1871.6326416798179,-1871.6326416798179,-1871.6326416798179,11443.020755620728,11443.020755620728,11443.020755620728,-13314.653397300546,-13314.653397300546,-13314.653397300546,0.0,0.0,0.0,78938.4991610227
2023-08-09,80815.10306784851,78426.52752140038,84226.64637025978,80815.10306784851,80815.10306784851,661.3750802461483,661.3750802461483,661.3750802461483,14287.696813036131,14287.696813036131,14287.696813036131,-13626.321732789984,-13626.321732789984,-13626.321732789984,0.0,0.0,0.0,81476.47814809465
2023-08-10,80820.07433299453,70176.68845676736,76300.07709693366,80820.07433299453,80820.07433299453,-7579.678094908939,-7579.678094908939,-7579.678094908939,6353.841117904946,6353.841117904946,6353.841117904946,-13933.519212813886,-13933.519212813886,-13933.519212813886,0.0,0.0,0.0,73240.39623808558
2023-08-11,80825.04559814052,57397.98581727701,63205.769900641004,80825.04559814052,80825.04559814052,-20594.060233619573,-20594.060233619573,-20594.060233619573,-6357.843660719282,-6357.843660719282,-6357.843660719282,-14236.216572900294,-14236.216572900294,-14236.216572900294,0.0,0.0,0.0,60230.98536452095
2023-08-12,80830.01686328654,49171.89888701319,55046.592224785876,80830.01686328654,80830.01686328654,-28788.298545664788,-28788.298545664788,-28788.298545664788,-14253.90140791865,-14253.90140791865,-14253.90140791865,-14534.397137746133,-14534.397137746133,-14534.397137746133,0.0,0.0,0.0,52041.71831762175
2023-08-13,80834.98812843255,51740.33445693057,57452.94701020956,80834.98812843255,80834.98812843255,-26288.75823889996,-26288.75823889996,-26288.75823889996,-11460.703720540416,-11460.703720540416,-11460.703720540416,-14828.054518359548,-14828.054518359548,-14828.054518359548,0.0,0.0,0.0,54546.229889532595
2023-08-14,80839.95939357855,62745.099273836095,68733.98764242533,80839.95939357855,80839.95939357855,-15129.299960148173,-15129.299960148173,-15129.299960148173,-12.109897345411218,-12.109897345411218,-12.109897345411218,-15117.190062802762,-15117.190062802762,-15117.190062802762,0.0,0.0,0.0,65710.65943343038
2023-08-15,80844.93065872458,73905.2106377942,79763.08969729282,80844.93065872458,80844.93065872458,-3958.78938214011,-3958.78938214011,-3958.78938214011,11443.020755593478,11443.020755593478,11443.020755593478,-15401.810137733588,-15401.810137733588,-15401.810137733588,0.0,0.0,0.0,76886.14127658447
2023-08-16,80849.90192387057,76405.24484374985,82513.1905656747,80849.90192387057,80849.90192387057,-1394.2265099513345,-1394.2265099513345,-1394.2265099513345,14287.696813033897,14287.696813033897,14287.696813033897,-15681.923322985233,-15681.923322985233,-15681.923322985233,0.0,0.0,0.0,79455.67541391923
2023-08-17,80854.8731890166,68137.14360243792,74233.30707165753,80854.8731890166,80854.8731890166,-9603.696486135896,-9603.696486135896,-9603.696486135896,6353.841117896178,6353.841117896178,6353.841117896178,-15957.537604032075,-15957.537604032075,-15957.537604032075,0.0,0.0,0.0,71251.1767028807
2023-08-18,80859.84445416261,55370.191813741854,61047.85173608143,80859.84445416261,80859.84445416261,-22586.50130796823,-22586.50130796823,-22586.50130796823,-6357.84366072795,-6357.84366072795,-6357.84366072795,-16228.657647240281,-16228.657647240281,-16228.657647240281,0.0,0.0,0.0,58273.343146194384
2023-08-19,80864.81571930861,47222.710497988934,53114.6231685261,80864.81571930861,80864.81571930861,-30749.18364828453,-30749.18364828453,-30749.18364828453,-14253.901407920801,-14253.901407920801,-14253.901407920801,-16495.28224036373,-16495.28224036373,-16495.28224036373,0.0,0.0,0.0,50115.63207102408
2023-08-20,80869.78698445462,49789.55324609534,55559.96493314683,80869.78698445462,80869.78698445462,-28218.10569633165,-28218.10569633165,-28218.10569633165,-11460.703720567515,-11460.703720567515,-11460.703720567515,-16757.40197576414,-16757.40197576414,-16757.40197576414,0.0,0.0,0.0,52651.68128812297
2023-08-21,80874.75824960062,60768.610176269016,67003.16107888854,80874.75824960062,80874.75824960062,-17027.10714389932,-17027.10714389932,-17027.10714389932,-12.109897335709388,-12.109897335709388,-12.109897335709388,-17014.997246563613,-17014.997246563613,-17014.997246563613,0.0,0.0,0.0,63847.6511057013
2023-08-22,80879.72951474665,72037.6033723249,77801.35959057252,80879.72951474665,80879.72951474665,-5825.015860910549,-5825.015860910549,-5825.015860910549,11443.020755599538,11443.020755599538,11443.020755599538,-17268.03661651009,-17268.03661651009,-17268.03661651009,0.0,0.0,0.0,75054.71365383611
2023-08-23,80884.70077989264,74814.79823185074,80659.8281662311,80884.70077989264,80884.70077989264,-3228.7788000245137,-3228.7788000245137,-3228.7788000245137,14287.696813031791,14287.696813031791,14287.696813031791,-17516.475613056304,-17516.475613056304,-17516.475613056304,0.0,0.0,0.0,77655.92197986812
2023-08-24,80889.67204503866,66307.85329714199,72528.79619105664,80889.67204503866,80889.67204503866,-11406.414862464699,-11406.414862464699,-11406.414862464699,6353.8411178874685,6353.8411178874685,6353.8411178874685,-17760.25598035217,-17760.25598035217,-17760.25598035217,0.0,0.0,0.0,69483.25718257396
2023-08-25,80894.64331018468,53556.7491340998,59350.80724121937,80894.64331018468,80894.64331018468,-24357.149075613368,-24357.149075613368,-24357.149075613368,-6357.843660736707,-6357.843660736707,-6357.843660736707,-17999.30541487666,-17999.30541487666,-17999.30541487666,0.0,0.0,0.0,56537.494234571306
2023-08-26,80899.61457533068,45340.091627061025,51228.06191537709,80899.61457533068,80899.61457533068,-32487.439199684002,-32487.439199684002,-32487.439199684002,-14253.901407911068,-14253.901407911068,-14253.901407911068,-18233.53779177293,-18233.53779177293,-18233.53779177293,0.0,0.0,0.0,48412.17537564668
2023-08-27,80904.58584047669,48180.9163792739,53922.41042622734,80904.58584047669,80904.58584047669,-29923.55759549546,-29923.55759549546,-29923.55759549546,-11460.703720561494,-11460.703720561494,-11460.703720561494,-18462.853874933964,-18462.853874933964,-18462.853874933964,0.0,0.0,0.0,50981.02824498124
2023-08-28,80909.55710562269,59359.546744176376,65121.47583137591,80909.55710562269,80909.55710562269,-18699.2523863952,-18699.2523863952,-18699.2523863952,-12.10989732600929,-12.10989732600929,-12.10989732600929,-18687.14248906919,-18687.14248906919,-18687.14248906919,0.0,0.0,0.0,62210.30471922749
2023-08-29,80914.5283707687,70503.48917421335,76621.8141477402,80914.5283707687,80914.5283707687,-7463.26136213684,-7463.26136213684,-7463.26136213684,11443.020755605545,11443.020755605545,11443.020755605545,-18906.282117742387,-18906.282117742387,-18906.282117742387,0.0,0.0,0.0,73451.26700863187
2023-08-30,80919.4996359147,73026.34671289961,78952.93068754365,80919.4996359147,80919.4996359147,-4832.446065140769,-4832.446065140769,-4832.446065140769,14287.696813029619,14287.696813029619,14287.696813029619,-19120.142878170387,-19120.142878170387,-19120.142878170387,0.0,0.0,0.0,76087.05357077393
2023-08-31,80924.47090106073,64984.91352788001,70986.56512337638,80924.47090106073,80924.47090106073,-12974.7476938836,-12974.7476938836,-12974.7476938836,6353.841117926739,6353.841117926739,6353.841117926739,-19328.58881181034,-19328.58881181034,-19328.58881181034,0.0,0.0,0.0,67949.72320717713
2023-09-01,80929.44216620675,52135.76216616698,57965.675729705785,80929.44216620675,80929.44216620675,-25889.324080524875,-25889.324080524875,-25889.324080524875,-6357.843660745375,-6357.843660745375,-6357.843660745375,-19531.4804197795,-19531.4804197795,-19531.4804197795,0.0,0.0,0.0,55040.11808568187
2023-09-02,80934.41343135275,44140.58207147747,49927.043993324034,80934.41343135275,80934.41343135275,-33982.57877222838,-33982.57877222838,-33982.57877222838,-14253.901407913216,-14253.901407913216,-14253.901407913216,-19728.677364315165,-19728.677364315165,-19728.677364315165,0.0,0.0,0.0,46951.83465912437
2023-09-03,80939.38469649876,46439.00307848809,52359.74373646005,80939.38469649876,80939.38469649876,-31380.744972507848,-31380.744972507848,-31380.744972507848,-11460.703720555488,-11460.703720555488,-11460.703720555488,-19920.04125195236,-19920.04125195236,-19920.04125195236,0.0,0.0,0.0,49558.63972399091
2023-09-04,80944.35596164476,57890.7331584412,63926.289541753526,80944.35596164476,80944.35596164476,-20117.548308458456,-20117.548308458456,-20117.548308458456,-12.10989731634206,-12.10989731634206,-12.10989731634206,-20105.438411142113,-20105.438411142113,-20105.438411142113,0.0,0.0,0.0,60826.807653186304
2023-09-05,80949.32722679077,69386.81562082164,75087.21368374476,80949.32722679077,80949.32722679077,-8841.721821120067,-8841.721821120067,-8841.721821120067,11443.020755578347,11443.020755578347,11443.020755578347,-20284.742576698412,-20284.742576698412,-20284.742576698412,0.0,0.0,0.0,72107.6054056707
2023-09-06,80954.29849193679,71876.32512364717,77819.67913154891,80954.29849193679,80954.29849193679,-6170.1405827753715,-6170.1405827753715,-6170.1405827753715,14287.696813027447,14287.696813027447,14287.696813027447,-20457.837395802817,-20457.837395802817,-20457.837395802817,0.0,0.0,0.0,74784.15790916141
2023-09-07,80959.2697570828,63650.73365565104,69661.37786891108,80959.2697570828,80959.2697570828,-14270.777557313271,-14270.777557313271,-14270.777557313271,6353.8411179180885,6353.8411179180885,6353.8411179180885,-20624.618675231362,-20624.618675231362,-20624.618675231362,0.0,0.0,0.0,66688.49219976953
2023-09-08,80964.24102222882,50813.96523292159,56710.7279902113,80964.24102222882,80964.24102222882,-27142.839957670403,-27142.839957670403,-27142.839957670403,-6357.843660754044,-6357.843660754044,-6357.843660754044,-20784.99629691636,-20784.99629691636,-20784.99629691636,0.0,0.0,0.0,53821.40106455841
2023-09-09,80969.21228737482,42692.31746198292,48727.726808313884,80969.21228737482,80969.21228737482,-35192.79714654834,-35192.79714654834,-35192.79714654834,-14253.901407915386,-14253.901407915386,-14253.901407915386,-20938.895738632968,-20938.895738632968,-20938.895738632968,0.0,0.0,0.0,45776.41514082647
2023-09-10,80974.18355252083,45564.4051109132,51467.16499674466,80974.18355252083,80974.18355252083,-32546.962868855026,-32546.962868855026,-32546.962868855026,-11460.703720549476,-11460.703720549476,-11460.703720549476,-21086.259148305544,-21086.259148305544,-21086.259148305544,0.0,0.0,0.0,48427.2206836658
2023-09-11,80979.15481766683,56641.63118317679,62865.195565622686,80979.15481766683,80979.15481766683,-21239.155831132623,-21239.155831132623,-21239.155831132623,-12.109897359925453,-12.109897359925453,-12.109897359925453,-21227.045933772697,-21227.045933772697,-21227.045933772697,0.0,0.0,0.0,59739.99898653421
2023-09-12,80984.12608281284,68122.29258432808,73924.47208951454,80984.12608281284,80984.12608281284,-9918.212088877592,-9918.212088877592,-9918.212088877592,11443.020755584354,11443.020755584354,11443.020755584354,-21361.232844461945,-21361.232844461945,-21361.232844461945,0.0,0.0,0.0,71065.91399393525
2023-09-13,80989.09734795886,70800.84736640811,76929.627307692,80989.09734795886,80989.09734795886,-7201.116723850369,-7201.116723850369,-7201.116723850369,14287.696813025279,14287.696813025279,14287.696813025279,-21488.81353687565,-21488.81353687565,-21488.81353687565,0.0,0.0,0.0,73787.98062410849
2023-09-14,80994.06861310487,62685.834644361275,68800.55929319056,80994.06861310487,80994.06861310487,-15255.956513692377,-15255.956513692377,-15255.956513692377,6353.84111790932,6353.84111790932,6353.84111790932,-21609.797631601698,-21609.797631601698,-21609.797631601698,0.0,0.0,0.0,65738.1120994125
2023-09-15,80999.03987825089,49983.893493812146,55819.29625509073,80999.03987825089,80999.03987825089,-28082.052946065207,-28082.052946065207,-28082.052946065207,-6357.8436607627555,-6357.8436607627555,-6357.8436607627555,-21724.20928530245,-21724.20928530245,-21724.20928530245,0.0,0.0,0.0,52916.98693218568
2023-09-16,81004.01114339689,41817.7942081827,47881.49667719935,81004.01114339689,81004.01114339689,-36085.98672417754,-36085.98672417754,-36085.98672417754,-14253.901407905678,-14253.901407905678,-14253.901407905678,-21832.08531627187,-21832.08531627187,-21832.08531627187,0.0,0.0,0.0,44918.02441921934
2023-09-17,81008.9824085429,44306.54529421295,50554.92343435686,81008.9824085429,81008.9824085429,-33394.1766568263,-33394.1766568263,-33394.1766568263,-11460.703720543464,-11460.703720543464,-11460.703720543464,-21933.472936282837,-21933.472936282837,-21933.472936282837,0.0,0.0,0.0,47614.8057517166
2023-09-18,81013.9536736889,56104.54130900409,61964.63667113236,81013.9536736889,81013.9536736889,-22040.53705145174,-22040.53705145174,-22040.53705145174,-12.109897350291947,-12.109897350291947,-12.109897350291947,-22028.42715410145,-22028.42715410145,-22028.42715410145,0.0,0.0,0.0,58973.41662223716
2023-09-19,81018.92493883491,67259.14250968595,73202.94676192917,81018.92493883491,81018.92493883491,-10673.98717125911,-10673.98717125911,-10673.98717125911,11443.020755590465,11443.020755590465,11443.020755590465,-22117.007926849576,-22117.007926849576,-22117.007926849576,0.0,0.0,0.0,70344.9377675758
2023-09-20,81023.89620398093,70233.99284294943,76212.651575897,81023.89620398093,81023.89620398093,-7911.58033098742,-7911.58033098742,-7911.58033098742,14287.696813023169,14287.696813023169,14287.696813023169,-22199.27714401059,-22199.27714401059,-22199.27714401059,0.0,0.0,0.0,73112.31587299351
2023-09-21,81028.86746912694,62144.450911094784,67956.46525717236,81028.86746912694,81028.86746912694,-15921.454417106592,-15921.454417106592,-15921.454417106592,6353.841117900611,6353.841117900611,6353.841117900611,-22275.2955350072,-22275.2955350072,-22275.2955350072,0.0,0.0,0.0,65107.41305202035
2023-09-22,81033.83873427295,49330.555232065475,55078.16131177777,81033.83873427295,81033.83873427295,-28702.963255481758,-28702.963255481758,-28702.963255481758,-6357.843660723539,-6357.843660723539,-6357.843660723539,-22345.11959475822,-22345.11959475822,-22345.11959475822,0.0,0.0,0.0,52330.8754787912
2023-09-23,81038.80999941895,41225.909685066144,47365.554911608335,81038.80999941895,81038.80999941895,-36662.700030185624,-36662.700030185624,-36662.700030185624,-14253.90140790785,-14253.90140790785,-14253.90140790785,-22408.79862227778,-22408.79862227778,-22408.79862227778,0.0,0.0,0.0,44376.10996923333
2023-09-24,81043.78126456497,44319.54714347881,50057.45775095228,81043.78126456497,81043.78126456497,-33927.07568574521,-33927.07568574521,-33927.07568574521,-11460.703720537453,-11460.703720537453,-11460.703720537453,-22466.371965207756,-22466.371965207756,-22466.371965207756,0.0,0.0,0.0,47116.70557881976
2023-09-25,81048.75252971097,55475.758935920836,61653.57583483382,81048.75252971097,81048.75252971097,-22529.97645553135,-22529.97645553135,-22529.97645553135,-12.10989734059185,-12.10989734059185,-12.10989734059185,-22517.866558190755,-22517.866558190755,-22517.866558190755,0.0,0.0,0.0,58518.77607417962
2023-09-26,81053.72379485698,67203.17620240412,72829.98744002708,81053.72379485698,81053.72379485698,-11120.274079730052,-11120.274079730052,-11120.274079730052,11443.020755596477,11443.020755596477,11443.020755596477,-22563.29483532653,-22563.29483532653,-22563.29483532653,0.0,0.0,0.0,69933.44971512693
2023-09-27,81058.695060003,69557.99519958446,75726.03901859844,81058.695060003,81058.695060003,-8314.956273784268,-8314.956273784268,-8314.956273784268,14287.696813032875,14287.696813032875,14287.696813032875,-22602.653086817143,-22602.653086817143,-22602.653086817143,0.0,0.0,0.0,72743.73878621873
2023-09-28,81063.66632514901,61606.52083273956,67899.02287725217,81063.66632514901,81063.66632514901,-16282.079199672951,-16282.079199672951,-16282.079199672951,6353.841117891903,6353.841117891903,6353.841117891903,-22635.92031756485,-22635.92031756485,-22635.92031756485,0.0,0.0,0.0,64781.58712547606
2023-09-29,81068.63759029502,49012.30567273304,54906.75311435691,81068.63759029502,81068.63759029502,-29020.90131203654,-29020.90131203654,-29020.90131203654,-6357.843660732297,-6357.843660732297,-6357.843660732297,-22663.057651304247,-22663.057651304247,-22663.057651304247,0.0,0.0,0.0,52047.73627825848
2023-09-30,81073.60885544102,41316.78209639241,47282.56623364008,81073.60885544102,81073.60885544102,-36937.909716119335,-36937.909716119335,-36937.909716119335,-14253.901407909972,-14253.901407909972,-14253.901407909972,-22684.008308209366,-22684.008308209366,-22684.008308209366,0.0,0.0,0.0,44135.69913932169
2023-10-01,81078.58012058704,43963.590370441685,49766.61753547874,81078.58012058704,81078.58012058704,-34159.401887819084,-34159.401887819084,-34159.401887819084,-11460.70372053145,-11460.70372053145,-11460.70372053145,-22698.69816728763,-22698.69816728763,-22698.69816728763,0.0,0.0,0.0,46919.178232767954
2023-10-02,81083.55138573304,55217.58126330818,61135.39596078819,81083.55138573304,81083.55138573304,-22719.146805055403,-22719.146805055403,-22719.146805055403,-12.109897330923754,-12.109897330923754,-12.109897330923754,-22707.03690772448,-22707.03690772448,-22707.03690772448,0.0,0.0,0.0,58364.404580677634
2023-10-03,81088.52265087905,66817.02860727112,72741.92119365017,81088.52265087905,81088.52265087905,-11265.898950580742,-11265.898950580742,-11265.898950580742,11443.020755602483,11443.020755602483,11443.020755602483,-22708.919706183224,-22708.919706183224,-22708.919706183224,0.0,0.0,0.0,69822.62370029831
2023-10-04,81093.49391602507,69647.21774536408,75627.05642998515,81093.49391602507,81093.49391602507,-8416.532637367849,-8416.532637367849,-8416.532637367849,14287.696813030767,14287.696813030767,14287.696813030767,-22704.229450398616,-22704.229450398616,-22704.229450398616,0.0,0.0,0.0,72676.96127865721
2023-10-05,81098.46518117108,61761.44715814881,67839.67266228987,81098.46518117108,81098.46518117108,-16338.998295842037,-16338.998295842037,-16338.998295842037,6353.841117883194,6353.841117883194,6353.841117883194,-22692.83941372523,-22692.83941372523,-22692.83941372523,0.0,0.0,0.0,64759.46688532904
2023-10-06,81103.4364463171,49121.98962592557,55044.50676663577,81103.4364463171,81103.4364463171,-29032.45998182452,-29032.45998182452,-29032.45998182452,-6357.843660740966,-6357.843660740966,-6357.843660740966,-22674.616321083555,-22674.616321083555,-22674.616321083555,0.0,0.0,0.0,52070.976464492574
2023-10-07,81108.40771146309,41227.02885471001,47132.674363117,81108.40771146309,81108.40771146309,-36903.32513232965,-36903.32513232965,-36903.32513232965,-14253.901407912144,-14253.901407912144,-14253.901407912144,-22649.423724417513,-22649.423724417513,-22649.423724417513,0.0,0.0,0.0,44205.08257913344
2023-10-08,81113.3789766091,43897.283346971155,49835.08188210518,81113.3789766091,81113.3789766091,-34077.82931627563,-34077.82931627563,-34077.82931627563,-11460.703720558538,-11460.703720558538,-11460.703720558538,-22617.125595717094,-22617.125595717094,-22617.125595717094,0.0,0.0,0.0,47035.549660333476
2023-10-09,81118.35024175512,55670.96995069446,61496.53142115769,81118.35024175512,81118.35024175512,-22589.699935558023,-22589.699935558023,-22589.699935558023,-12.109897374540873,-12.109897374540873,-12.109897374540873,-22577.59003818348,-22577.59003818348,-22577.59003818348,0.0,0.0,0.0,58528.6503061971
2023-10-10,81123.32150690112,67174.30494376819,73029.04924321057,81123.32150690112,81123.32150690112,-11087.672255851614,-11087.672255851614,-11087.672255851614,11443.020755608599,11443.020755608599,11443.020755608599,-22530.69301146021,-22530.69301146021,-22530.69301146021,0.0,0.0,0.0,70035.6492510495
2023-10-11,81128.29277204713,70042.45516989574,75883.64343612603,81128.29277204713,81128.29277204713,-8188.625152163408,-8188.625152163408,-8188.625152163408,14287.696813028537,14287.696813028537,14287.696813028537,-22476.321965191943,-22476.321965191943,-22476.321965191943,0.0,0.0,0.0,72939.66761988372
2023-10-12,81133.26403719315,62059.17333872605,68097.21523694151,81133.26403719315,81133.26403719315,-16060.53815868623,-16060.53815868623,-16060.53815868623,6353.841117874425,6353.841117874425,6353.841117874425,-22414.379276560656,-22414.379276560656,-22414.379276560656,0.0,0.0,0.0,65072.72587850692
2023-10-13,81138.23530233916,49636.49299748527,55463.05359140221,81138.23530233916,81138.23530233916,-28702.629052596123,-28702.629052596123,-28702.629052596123,-6357.84366070175,-6357.84366070175,-6357.84366070175,-22344.785391894373,-22344.785391894373,-22344.785391894373,0.0,0.0,0.0,52435.60624974304
2023-10-14,81143.20656748516,41756.07521422432,47486.48946588684,81143.20656748516,81143.20656748516,-36521.38298773647,-36521.38298773647,-36521.38298773647,-14253.90140791431,-14253.90140791431,-14253.90140791431,-22267.481579822164,-22267.481579822164,-22267.481579822164,0.0,0.0,0.0,44621.82357974869
2023-10-15,81148.17783263118,44574.81622042921,50617.98745105955,81148.17783263118,81148.17783263118,-33643.135934135666,-33643.135934135666,-33643.135934135666,-11460.703720552532,-11460.703720552532,-11460.703720552532,-22182.432213583135,-22182.432213583135,-22182.432213583135,0.0,0.0,0.0,47505.04189849551
2023-10-16,81153.14909777719,56050.06524842121,61846.59323438556,81153.14909777719,81153.14909777719,-22101.73641007637,-22101.73641007637,-22101.73641007637,-12.109897364871914,-12.109897364871914,-12.109897364871914,-22089.626512711497,-22089.626512711497,-22089.626512711497,0.0,0.0,0.0,59051.412687700824
2023-10-17,81158.12036292319,67666.10891835627,73686.21119786229,81158.12036292319,81158.12036292319,-10546.058933447697,-10546.058933447697,-10546.058933447697,11443.020755614605,11443.020755614605,11443.020755614605,-21989.079689062302,-21989.079689062302,-21989.079689062302,0.0,0.0,0.0,70612.06142947549
2023-10-18,81163.0916280692,70716.88350445544,76586.18965714617,81163.0916280692,81163.0916280692,-7593.136645592424,-7593.136645592424,-7593.136645592424,14287.696813026425,14287.696813026425,14287.696813026425,-21880.83345861885,-21880.83345861885,-21880.83345861885,0.0,0.0,0.0,73569.95498247677
2023-10-19,81168.06289321522,62698.8910171744,68685.1343338623,81168.06289321522,81168.06289321522,-15411.114780323018,-15411.114780323018,-15411.114780323018,6353.841117913814,6353.841117913814,6353.841117913814,-21764.955898236833,-21764.955898236833,-21764.955898236833,0.0,0.0,0.0,65756.9481128922
2023-10-20,81173.03415836123,50276.27560435606,55927.74100445775,81173.03415836123,81173.03415836123,-27999.384305682717,-27999.384305682717,-27999.384305682717,-6357.843660710416,-6357.843660710416,-6357.843660710416,-21641.5406449723,-21641.5406449723,-21641.5406449723,0.0,0.0,0.0,53173.649852678514
2023-10-21,81178.00542350723,42399.475259060986,48339.67842319802,81178.00542350723,81178.00542350723,-35764.606862253975,-35764.606862253975,-35764.606862253975,-14253.901407916439,-14253.901407916439,-14253.901407916439,-21510.705454337534,-21510.705454337534,-21510.705454337534,0.0,0.0,0.0,45413.398561253256
2023-10-22,81182.97668865325,45376.23752386209,51370.41617001513,81182.97668865325,81182.97668865325,-32833.293872766786,-32833.293872766786,-32833.293872766786,-11460.703720546513,-11460.703720546513,-11460.703720546513,-21372.59015222027,-21372.59015222027,-21372.59015222027,0.0,0.0,0.0,48349.68281588646
2023-10-23,81187.94795379926,57017.85526552147,62945.290972515155,81187.94795379926,81187.94795379926,-21239.463930095553,-21239.463930095553,-21239.463930095553,-12.109897355205547,-12.109897355205547,-12.109897355205547,-21227.35403274035,-21227.35403274035,-21227.35403274035,0.0,0.0,0.0,59948.484023703706
2023-10-24,81192.91921894526,68647.84695811468,74505.48836486718,81192.91921894526,81192.91921894526,-9632.152014902205,-9632.152014902205,-9632.152014902205,11443.020755587353,11443.020755587353,11443.020755587353,-21075.17277048956,-21075.17277048956,-21075.17277048956,0.0,0.0,0.0,71560.76720404305
2023-10-25,81197.89048409127,71675.81319155943,77790.00829204847,81197.89048409127,81197.89048409127,-6628.53811692099,-6628.53811692099,-6628.53811692099,14287.696813024317,14287.696813024317,14287.696813024317,-20916.234929945305,-20916.234929945305,-20916.234929945305,0.0,0.0,0.0,74569.35236717029
2023-10-26,81202.86174923729,63850.54818211638,69825.22659239007,81202.86174923729,81202.86174923729,-14396.897048992696,-14396.897048992696,-14396.897048992696,6353.841117905046,6353.841117905046,6353.841117905046,-20750.738166897743,-20750.738166897743,-20750.738166897743,0.0,0.0,0.0,66805.96470024459
2023-10-27,81207.8330143833,51144.49593992381,57091.31279420125,81207.8330143833,81207.8330143833,-26936.7288869,-26936.7288869,-26936.7288869,-6357.843660719132,-6357.843660719132,-6357.843660719132,-20578.885226180868,-20578.885226180868,-20578.885226180868,0.0,0.0,0.0,54271.1041274833
2023-10-28,81212.8042795293,43735.94324271963,49453.152368114366,81212.8042795293,81212.8042795293,-34654.78125441754,-34654.78125441754,-34654.78125441754,-14253.901407918609,-14253.901407918609,-14253.901407918609,-20400.879846498923,-20400.879846498923,-20400.879846498923,0.0,0.0,0.0,46558.02302511176
2023-10-29,81217.77554467531,46686.023852936974,52459.85639923857,81217.77554467531,81217.77554467531,-31677.626407062588,-31677.626407062588,-31677.626407062588,-11460.70372054051,-11460.70372054051,-11460.70372054051,-20216.922686522073,-20216.922686522073,-20216.922686522073,0.0,0.0,0.0,49540.14913761272
2023-10-30,81222.74680982133,58150.541282422535,64023.38703251946,81222.74680982133,81222.74680982133,-20039.317283901742,-20039.317283901742,-20039.317283901742,-12.109897345538311,-12.109897345538311,-12.109897345538311,-20027.207386556198,-20027.207386556198,-20027.207386556198,0.0,0.0,0.0,61183.429525919586
2023-10-31,81227.71807496733,69803.08816273892,75760.54126393834,81227.71807496733,81227.71807496733,-8388.896121348193,-8388.896121348193,-8388.896121348193,11443.020755593361,11443.020755593361,11443.020755593361,-19831.916876941556,-19831.916876941556,-19831.916876941556,0.0,0.0,0.0,72838.82195361913
2023-11-01,81232.68934011334,72956.98950278152,78668.70674884524,81232.68934011334,81232.68934011334,-5343.5232249747405,-5343.5232249747405,-5343.5232249747405,14287.696813022085,14287.696813022085,14287.696813022085,-19631.220037996827,-19631.220037996827,-19631.220037996827,0.0,0.0,0.0,75889.1661151386
2023-11-02,81237.66060525936,65204.942897694906,71272.43847390491,81237.66060525936,81237.66060525936,-13071.427689010667,-13071.427689010667,-13071.427689010667,6353.841117896396,6353.841117896396,6353.841117896396,-19425.268806907065,-19425.268806907065,-19425.268806907065,0.0,0.0,0.0,68166.23291624869
2023-11-03,81242.63187040537,52826.73299063143,58568.86650884622,81242.63187040537,81242.63187040537,-25572.03947551345,-25572.03947551345,-25572.03947551345,-6357.843660727843,-6357.843660727843,-6357.843660727843,-19214.195814785606,-19214.195814785606,-19214.195814785606,0.0,0.0,0.0,55670.59239489192
2023-11-04,81247.60313555138,44925.05330413164,50873.802110070355,81247.60313555138,81247.60313555138,-33252.01403038486,-33252.01403038486,-33252.01403038486,-14253.901407908901,-14253.901407908901,-14253.901407908901,-18998.11262247596,-18998.11262247596,-18998.11262247596,0.0,0.0,0.0,47995.589105166524
2023-11-05,81252.57440069738,47961.90934669902,53844.62975386713,81252.57440069738,81252.57440069738,-30237.812327525597,-30237.812327525597,-30237.812327525597,-11460.703720567595,-11460.703720567595,-11460.703720567595,-18777.108606958,-18777.108606958,-18777.108606958,0.0,0.0,0.0,51014.76207317179
2023-11-06,81257.5456658434,59971.60330872023,65734.57079734527,81257.5456658434,81257.5456658434,-18563.360429258308,-18563.360429258308,-18563.360429258308,-12.109897335837344,-12.109897335837344,-12.109897335837344,-18551.25053192247,-18551.25053192247,-18551.25053192247,0.0,0.0,0.0,62694.185236585094
2023-11-07,81262.5169309894,71577.74743164217,77368.88831479705,81262.5169309894,81262.5169309894,-6877.562061126521,-6877.562061126521,-6877.562061126521,11443.020755599422,11443.020755599422,11443.020755599422,-18320.582816725942,-18320.582816725942,-18320.582816725942,0.0,0.0,0.0,74384.95486986288
2023-11-08,81267.48819613541,74550.13440202666,80418.21889761608,81267.48819613541,81267.48819613541,-3797.431685003547,-3797.431685003547,-3797.431685003547,14287.696813019977,14287.696813019977,14287.696813019977,-18085.128498023525,-18085.128498023525,-18085.128498023525,0.0,0.0,0.0,77470.05651113186
2023-11-09,81272.45946128143,66953.09427385294,72730.67046771586,81272.45946128143,81272.45946128143,-11491.049740621072,-11491.049740621072,-11491.049740621072,6353.841117935666,6353.841117935666,6353.841117935666,-17844.89085855674,-17844.89085855674,-17844.89085855674,0.0,0.0,0.0,69781.40972066035
2023-11-10,81277.43072642744,54669.41567960011,60257.45516054013,81277.43072642744,81277.43072642744,-23957.69933906618,-23957.69933906618,-23957.69933906618,-6357.843660736555,-6357.843660736555,-6357.843660736555,-17599.855678329626,-17599.855678329626,-17599.855678329626,0.0,0.0,0.0,57319.73138736126
2023-11-11,81282.40199157345,46584.66871696863,52514.00674585031,81282.40199157345,81282.40199157345,-31603.89545326175,-31603.89545326175,-31603.89545326175,-14253.901407911068,-14253.901407911068,-14253.901407911068,-17349.99404535068,-17349.99404535068,-17349.99404535068,0.0,0.0,0.0,49678.5065383117
2023-11-12,81287.37325671945,49857.327054788126,55529.33271805805,81287.37325671945,81287.37325671945,-28555.969367314618,-28555.969367314618,-28555.969367314618,-11460.703720561587,-11460.703720561587,-11460.703720561587,-17095.26564675303,-17095.26564675303,-17095.26564675303,0.0,0.0,0.0,52731.403889404835
2023-11-13,81292.34452186547,61411.350088146544,67583.8022853787,81292.34452186547,81292.34452186547,-16847.732344233784,-16847.732344233784,-16847.732344233784,-12.109897326202114,-12.109897326202114,-12.109897326202114,-16835.622446907582,-16835.622446907582,-16835.622446907582,0.0,0.0,0.0,64444.61217763169
2023-11-14,81297.31578701147,73284.02372986436,79045.87560831962,81297.31578701147,81297.31578701147,-5127.991891955552,-5127.991891955552,-5127.991891955552,11443.020755605483,11443.020755605483,11443.020755605483,-16571.012647561034,-16571.012647561034,-16571.012647561034,0.0,0.0,0.0,76169.32389505592
2023-11-15,81302.28705215748,76384.01327655691,82212.54210279265,81302.28705215748,81302.28705215748,-2013.688003310342,-2013.688003310342,-2013.688003310342,14287.696813029681,14287.696813029681,14287.696813029681,-16301.384816340023,-16301.384816340023,-16301.384816340023,0.0,0.0,0.0,79288.59904884714
2023-11-16,81307.2583173035,68855.11938396136,74709.25294410222,81307.2583173035,81307.2583173035,-9672.850946614195,-9672.850946614195,-9672.850946614195,6353.841117926959,6353.841117926959,6353.841117926959,-16026.692064541154,-16026.692064541154,-16026.692064541154,0.0,0.0,0.0,71634.4073706893
2023-11-17,81312.22958244951,56292.89509774907,62091.083506335126,81312.22958244951,81312.22958244951,-22104.739813748274,-22104.739813748274,-22104.739813748274,-6357.843660745225,-6357.843660745225,-6357.843660745225,-15746.896153003046,-15746.896153003046,-15746.896153003046,0.0,0.0,0.0,59207.489768701234
2023-11-18,81317.20084759552,48623.38784727574,54529.60374961213,81317.20084759552,81317.20084759552,-29715.872814200608,-29715.872814200608,-29715.872814200608,-14253.901407913218,-14253.901407913218,-14253.901407913218,-15461.971406287388,-15461.971406287388,-15461.971406287388,0.0,0.0,0.0,51601.328033394915
2023-11-19,81322.17211274152,51843.83181707287,57922.8139385212,81322.17211274152,81322.17211274152,-26632.612040695956,-26632.612040695956,-26632.612040695956,-11460.703720555579,-11460.703720555579,-11460.703720555579,-15171.908320140372,-15171.908320140372,-15171.908320140372,0.0,0.0,0.0,54689.56007204557
2023-11-20,81327.14337788754,63686.04795741204,69260.54966893404,81327.14337788754,81327.14337788754,-14888.826652742537,-14888.826652742537,-14888.826652742537,-12.109897369785513,-12.109897369785513,-12.109897369785513,-14876.71675537275,-14876.71675537275,-14876.71675537275,0.0,0.0,0.0,66438.316725145
2023-11-21,81332.11464303354,75347.46412305684,81048.22829377528,81332.11464303354,81332.11464303354,-3133.4078669028477,-3133.4078669028477,-3133.4078669028477,11443.020755611546,11443.020755611546,11443.020755611546,-14576.428622514393,-14576.428622514393,-14576.428622514393,0.0,0.0,0.0,78198.70677613068
2023-11-22,81337.08590817955,78267.76072041594,84254.63966174678,81337.08590817955,81337.08590817955,16.596837436501517,16.596837436501517,16.596837436501517,14287.69681302751,14287.69681302751,14287.69681302751,-14271.099975591009,-14271.099975591009,-14271.099975591009,0.0,0.0,0.0,81353.68274561605
2023-11-23,81342.05717332556,70873.99276748572,76862.20661452183,81342.05717332556,81342.05717332556,-7606.971331912537,-7606.971331912537,-7606.971331912537,6353.841117918189,6353.841117918189,6353.841117918189,-13960.812449830726,-13960.812449830726,-13960.812449830726,0.0,0.0,0.0,73735.08584141303
2023-11-24,81347.02843847158,58682.437813863035,64344.67493440834,81347.02843847158,81347.02843847158,-20003.517657222863,-20003.517657222863,-20003.517657222863,-6357.843660753982,-6357.843660753982,-6357.843660753982,-13645.67399646888,-13645.67399646888,-13645.67399646888,0.0,0.0,0.0,61343.51078124871
2023-11-25,81351.99970361759,50706.337510799756,56863.64408999862,81351.99970361759,81351.99970361759,-27579.72029555955,-27579.72029555955,-27579.72029555955,-14253.901407915366,-14253.901407915366,-14253.901407915366,-13325.818887644184,-13325.818887644184,-13325.818887644184,0.0,0.0,0.0,53772.27940805804
2023-11-26,81356.97096876359,53971.54215806995,59711.9425450842,81356.97096876359,81356.97096876359,-24462.110705627725,-24462.110705627725,-24462.110705627725,-11460.703720549564,-11460.703720549564,-11460.703720549564,-13001.406985078162,-13001.406985078162,-13001.406985078162,0.0,0.0,0.0,56894.860263135866
2023-11-27,81361.9422339096,65425.57528408311,71761.48466296443,81361.9422339096,81361.9422339096,-12684.732184574577,-12684.732184574577,-12684.732184574577,-12.109897360119142,-12.109897360119142,-12.109897360119142,-12672.622287214459,-12672.622287214459,-12672.622287214459,0.0,0.0,0.0,68677.21004933503
2023-11-28,81366.9134990556,77469.57883930164,83529.73549713856,81366.9134990556,81366.9134990556,-896.6500345891919,-896.6500345891919,-896.6500345891919,11443.02075561755,11443.02075561755,11443.02075561755,-12339.670790206743,-12339.670790206743,-12339.670790206743,0.0,0.0,0.0,80470.2634644664
2023-11-29,81371.88476420162,80768.19743125413,86454.21140935847,81371.88476420162,81371.88476420162,2284.91909512346,2284.91909512346,2284.91909512346,14287.69681302534,14287.69681302534,14287.69681302534,-12002.777717901881,-12002.777717901881,-12002.777717901881,0.0,0.0,0.0,83656.80385932508
2023-11-30,81376.85602934763,72951.17302594826,79015.84025680492,81376.85602934763,81376.85602934763,-5308.343076427168,-5308.343076427168,-5308.343076427168,6353.841117909421,6353.841117909421,6353.841117909421,-11662.184194336589,-11662.184194336589,-11662.184194336589,0.0,0.0,0.0,76068.51295292047
2023-12-01,81381.82729449365,60923.63821703079,66685.69718922485,81381.82729449365,81381.82729449365,-17675.987109300946,-17675.987109300946,-17675.987109300946,-6357.843660714721,-6357.843660714721,-6357.843660714721,-11318.143448586223,-11318.143448586223,-11318.143448586223,0.0,0.0,0.0,63705.840185192705
2023-12-02,81386.79855963966,53281.63809631174,59064.704319141136,81386.79855963966,81386.79855963966,-25224.818063596114,-25224.818063596114,-25224.818063596114,-14253.901407905632,-14253.901407905632,-14253.901407905632,-10970.916655690484,-10970.916655690484,-10970.916655690484,0.0,0.0,0.0,56161.98049604354
2023-12-03,81391.76982478566,56458.24608182182,62328.645174328965,81391.76982478566,81391.76982478566,-22081.472248921895,-22081.472248921895,-22081.472248921895,-11460.703720543557,-11460.703720543557,-11460.703720543557,-10620.76852837834,-10620.76852837834,-10620.76852837834,0.0,0.0,0.0,59310.29757586376
2023-12-04,81396.74108993167,68123.34449340783,73909.86444621236,81396.74108993167,81396.74108993167,-10280.072679497469,-10280.072679497469,-10280.072679497469,-12.109897350419038,-12.109897350419038,-12.109897350419038,-10267.96278214705,-10267.96278214705,-10267.96278214705,0.0,0.0,0.0,71116.66841043421
2023-12-05,81401.71235507767,80043.26583531754,85753.95771615361,81401.71235507767,81401.71235507767,1530.263155039956,1530.263155039956,1530.263155039956,11443.020755623667,11443.020755623667,11443.020755623667,-9912.75760058371,-9912.75760058371,-9912.75760058371,0.0,0.0,0.0,82931.97551011763
2023-12-06,81406.68362022369,83193.11536903976,89005.813570199,81406.68362022369,81406.68362022369,4732.295584368466,4732.295584368466,4732.295584368466,14287.696813035047,14287.696813035047,14287.696813035047,-9555.401228666582,-9555.401228666582,-9555.401228666582,0.0,0.0,0.0,86138.97920459215
2023-12-07,81411.65488536972,75447.78524573913,81436.29274326317,81411.65488536972,81411.65488536972,-2842.286701014877,-2842.286701014877,-2842.286701014877,6353.841117900771,6353.841117900771,6353.841117900771,-9196.12781891565,-9196.12781891565,-9196.12781891565,0.0,0.0,0.0,78569.36818435484
2023-12-08,81416.62615051572,63045.73433843715,69227.23748752695,81416.62615051572,81416.62615051572,-15192.99730969508,-15192.99730969508,-15192.99730969508,-6357.8436607234335,-6357.8436607234335,-6357.8436607234335,-8835.153648971647,-8835.153648971647,-8835.153648971647,0.0,0.0,0.0,66223.62884082063
2023-12-09,81421.59741566173,55841.79599338244,61623.07392152435,81421.59741566173,81421.59741566173,-22726.575227263394,-22726.575227263394,-22726.575227263394,-14253.901407907804,-14253.901407907804,-14253.901407907804,-8472.67381935559,-8472.67381935559,-8472.67381935559,0.0,0.0,0.0,58695.02218839833
2023-12-10,81426.56868080773,58971.08857662893,64672.42353730116,81426.56868080773,81426.56868080773,-19569.563247884664,-19569.563247884664,-19569.563247884664,-11460.703720537544,-11460.703720537544,-11460.703720537544,-8108.859527347121,-8108.859527347121,-8108.859527347121,0.0,0.0,0.0,61857.00543292306
2023-12-11,81431.53994595374,70631.18575542302,76675.23409465406,81431.53994595374,81431.53994595374,-7755.965894610351,-7755.965894610351,-7755.965894610351,-12.109897340718076,-12.109897340718076,-12.109897340718076,-7743.855997269634,-7743.855997269634,-7743.855997269634,0.0,0.0,0.0,73675.5740513434
2023-12-12,81436.51121109974,82594.20761426566,88469.36506032414,81436.51121109974,81436.51121109974,4065.2396261446565,4065.2396261446565,4065.2396261446565,11443.020755596359,11443.020755596359,11443.020755596359,-7377.781129451702,-7377.781129451702,-7377.781129451702,0.0,0.0,0.0,85501.7508372444
2023-12-13,81441.48247624576,85718.44429041671,91532.22784356479,81441.48247624576,81441.48247624576,7276.971902677096,7276.971902677096,7276.971902677096,14287.696813032877,14287.696813032877,14287.696813032877,-7010.724910355781,-7010.724910355781,-7010.724910355781,0.0,0.0,0.0,88718.45437892285
2023-12-14,81446.45374139179,78030.19867409184,83917.9786667582,81446.45374139179,81446.45374139179,-288.90848729503915,-288.90848729503915,-288.90848729503915,6353.841117892003,6353.841117892003,6353.841117892003,-6642.749605187042,-6642.749605187042,-6642.749605187042,0.0,0.0,0.0,81157.54525409675
2023-12-15,81451.42500653779,65904.37134514624,71649.50005796453,81451.42500653779,81451.42500653779,-12631.734393282755,-12631.734393282755,-12631.734393282755,-6357.843660732102,-6357.843660732102,-6357.843660732102,-6273.890732550654,-6273.890732550654,-6273.890732550654,0.0,0.0,0.0,68819.69061325504
2023-12-16,81456.3962716838,58280.773431219524,64278.73975076582,81456.3962716838,81456.3962716838,-20158.060206643695,-20158.060206643695,-20158.060206643695,-14253.901407909952,-14253.901407909952,-14253.901407909952,-5904.158798733742,-5904.158798733742,-5904.158798733742,0.0,0.0,0.0,61298.3360650401
2023-12-17,81461.3675368298,61209.916132450104,67249.85720778948,81461.3675368298,81461.3675368298,-16994.245468432156,-16994.245468432156,-16994.245468432156,-11460.703720564636,-11460.703720564636,-11460.703720564636,-5533.54174786752,-5533.54174786752,-5533.54174786752,0.0,0.0,0.0,64467.12206839764
2023-12-18,81466.33880197581,73539.81706981712,79096.11027544455,81466.33880197581,81466.33880197581,-5174.117961301173,-5174.117961301173,-5174.117961301173,-12.109897331082847,-12.109897331082847,-12.109897331082847,-5162.00806397009,-5162.00806397009,-5162.00806397009,0.0,0.0,0.0,76292.22084067464
2023-12-19,81471.31006712181,85214.71913100567,90970.83006278769,81471.31006712181,81471.31006712181,6653.510313295848,6653.510313295848,6653.510313295848,11443.020755602472,11443.020755602472,11443.020755602472,-4789.510442306624,-4789.510442306624,-4789.510442306624,0.0,0.0,0.0,88124.82038041766
2023-12-20,81476.28133226783,88505.94600864264,94413.1981998739,81476.28133226783,81476.28133226783,9871.706881827056,9871.706881827056,9871.706881827056,14287.696813030765,14287.696813030765,14287.696813030765,-4415.989931203709,-4415.989931203709,-4415.989931203709,0.0,0.0,0.0,91347.98821409489
2023-12-21,81481.25259741386,80962.01232343978,86713.37417169097,81481.25259741386,81481.25259741386,2312.4606859919068,2312.4606859919068,2312.4606859919068,6353.841117883293,6353.841117883293,6353.841117883293,-4041.380431891387,-4041.380431891387,-4041.380431891387,0.0,0.0,0.0,83793.71328340576
2023-12-22,81486.22386255985,68428.50660522944,74469.05035586619,81486.22386255985,81486.22386255985,-10023.457094090574,-10023.457094090574,-10023.457094090574,-6357.843660740769,-6357.843660740769,-6357.843660740769,-3665.613433349805,-3665.613433349805,-3665.613433349805,0.0,0.0,0.0,71462.76676846929
2023-12-23,81491.19512770587,61053.68702331529,66926.26673409219,81491.19512770587,81491.19512770587,-17542.524259995458,-17542.524259995458,-17542.524259995458,-14253.90140791212,-14253.90140791212,-14253.90140791212,-3288.6228520833383,-3288.6228520833383,-3288.6228520833383,0.0,0.0,0.0,63948.67086771041
2023-12-24,81496.16639285187,64306.16270341614,70123.93709475397,81496.16639285187,81496.16639285187,-14371.053563740445,-14371.053563740445,-14371.053563740445,-11460.703720558624,-11460.703720558624,-11460.703720558624,-2910.3498431818207,-2910.3498431818207,-2910.3498431818207,0.0,0.0,0.0,67125.11282911143
2023-12-25,81501.13765799788,76036.50685728766,81976.13818883876,81501.13765799788,81501.13765799788,-2542.8573465791997,-2542.8573465791997,-2542.8573465791997,-12.109897321382746,-12.109897321382746,-12.109897321382746,-2530.7474492578176,-2530.7474492578176,-2530.7474492578176,0.0,0.0,0.0,78958.28031141868
2023-12-26,81506.1089231439,87628.92433622788,93790.54816200369,81506.1089231439,81506.1089231439,9293.235797883919,9293.235797883919,9293.235797883919,11443.02075560848,11443.02075560848,11443.02075560848,-2149.784957724562,-2149.784957724562,-2149.784957724562,0.0,0.0,0.0,90799.34472102781
2023-12-27,81511.0801882899,91169.91568611546,96950.59442654735,81511.0801882899,81511.0801882899,12520.244968612215,12520.244968612215,12520.244968612215,14287.696813028597,14287.696813028597,14287.696813028597,-1767.4518444163812,-1767.4518444163812,-1767.4518444163812,0.0,0.0,0.0,94031.32515690211
2023-12-28,81516.05145343592,83641.73646791533,89458.82362773303,81516.05145343592,81516.05145343592,4970.07992537819,4970.07992537819,4970.07992537819,6353.841117922623,6353.841117922623,6353.841117922623,-1383.7611925444335,-1383.7611925444335,-1383.7611925444335,0.0,0.0,0.0,86486.13137881411
2023-12-29,81521.02271858192,71218.76740269517,77041.4853155224,81521.02271858192,81521.02271858192,-7356.59615071283,-7356.59615071283,-7356.59615071283,-6357.843660749528,-6357.843660749528,-6357.843660749528,-998.7524899633023,-998.7524899633023,-998.7524899633023,0.0,0.0,0.0,74164.42656786909
2023-12-30,81525.99398372794,63713.89056483241,69683.55272971193,81525.99398372794,81525.99398372794,-14866.395132505386,-14866.395132505386,-14866.395132505386,-14253.901407914249,-14253.901407914249,-14253.901407914249,-612.4937245911368,-612.4937245911368,-612.4937245911368,0.0,0.0,0.0,66659.59885122254
2023-12-31,81530.96524887394,66816.7127841429,72795.26965840119,81530.96524887394,81530.96524887394,-11685.7864373978,-11685.7864373978,-11685.7864373978,-11460.70372055262,-11460.70372055262,-11460.70372055262,-225.0827168451814,-225.0827168451814,-225.0827168451814,0.0,0.0,0.0,69845.17881147614
2024-01-01,81535.93651401995,78792.01665943547,84612.87929392625,81535.93651401995,81535.93651401995,151.2424538815385,151.2424538815385,151.2424538815385,-12.109897311716377,-12.109897311716377,-12.109897311716377,163.35235119325486,163.35235119325486,163.35235119325486,0.0,0.0,0.0,81687.17896790149
2024-01-02,81540.90777916597,90606.62352450083,96247.9656726273,81540.90777916597,81540.90777916597,11995.67398385232,11995.67398385232,11995.67398385232,11443.020755581227,11443.020755581227,11443.020755581227,552.6532282710936,552.6532282710936,552.6532282710936,0.0,0.0,0.0,93536.58176301829
2024-01-03,81545.87904431197,93932.59857447924,100005.25502777251,81545.87904431197,81545.87904431197,15230.329516920505,15230.329516920505,15230.329516920505,14287.696813026487,14287.696813026487,14287.696813026487,942.6327038940202,942.6327038940202,942.6327038940202,0.0,0.0,0.0,96776.20856123247
2024-01-04,81550.850309458,86514.26640821894,92208.79906912924,81550.850309458,81550.850309458,7686.917626981904,7686.917626981904,7686.917626981904,6353.841117913915,6353.841117913915,6353.841117913915,1333.0765090679886,1333.0765090679886,1333.0765090679886,0.0,0.0,0.0,89237.7679364399
2024-01-05,81555.821574604,73869.12742348632,79859.24785885718,81555.821574604,81555.821574604,-4634.097701234043,-4634.097701234043,-4634.097701234043,-6357.843660710356,-6357.843660710356,-6357.843660710356,1723.745959476314,1723.745959476314,1723.745959476314,0.0,0.0,0.0,76921.72387336995
2024-01-06,81560.79283975,66353.36754219803,72301.04799629009,81560.79283975,81560.79283975,-12139.520135678265,-12139.520135678265,-12139.520135678265,-14253.901407916419,-14253.901407916419,-14253.901407916419,2114.381272238154,2114.381272238154,2114.381272238154,0.0,0.0,0.0,69421.27270407174
2024-01-07,81565.764104896,69604.26492753648,75506.21999586458,81565.764104896,81565.764104896,-8955.998251733028,-8955.998251733028,-8955.998251733028,-11460.703720546606,-11460.703720546606,-11460.703720546606,2504.7054688135795,2504.7054688135795,2504.7054688135795,0.0,0.0,0.0,72609.76585316297
2024-01-08,81570.73537004202,81558.74468437457,87159.16642895545,81570.73537004202,81570.73537004202,2882.318863102034,2882.318863102034,2882.318863102034,-12.109897355332636,-12.109897355332636,-12.109897355332636,2894.4287604573665,2894.4287604573665,2894.4287604573665,0.0,0.0,0.0,84453.05423314405
2024-01-09,81575.70663518803,93258.97443846677,99246.81564180648,81575.70663518803,81575.70663518803,14726.27405484312,14726.27405484312,14726.27405484312,11443.02075558729,11443.02075558729,11443.02075558729,3283.2532992558304,3283.2532992558304,3283.2532992558304,0.0,0.0,0.0,96301.98069003115
2024-01-10,81580.67790033403,96620.94066354453,102766.29713715106,81580.67790033403,81580.67790033403,17958.574980660705,17958.574980660705,17958.574980660705,14287.696813024255,14287.696813024255,14287.696813024255,3670.8781676364497,3670.8781676364497,3670.8781676364497,0.0,0.0,0.0,99539.25288099474
2024-01-11,81585.64916548006,88928.24963423617,94790.6608320568,81585.64916548006,81585.64916548006,10410.845590511222,10410.845590511222,10410.845590511222,6353.841117905145,6353.841117905145,6353.841117905145,4057.0044726060755,4057.0044726060755,4057.0044726060755,0.0,0.0,0.0,91996.49475599128
2024-01-12,81590.62043062606,76764.91861418534,82799.66814851154,81590.62043062606,81590.62043062606,-1916.5032526901255,-1916.5032526901255,-1916.5032526901255,-6357.843660719023,-6357.843660719023,-6357.843660719023,4441.340408028899,4441.340408028899,4441.340408028899,0.0,0.0,0.0,79674.11717793594
2024-01-13,81595.59169577208,69403.35798916084,75121.53642132616,81595.59169577208,81595.59169577208,-9430.295258879843,-9430.295258879843,-9430.295258879843,-14253.901407906711,-14253.901407906711,-14253.901407906711,4823.606149026866,4823.606149026866,4823.606149026866,0.0,0.0,0.0,72165.29643689224
2024-01-14,81600.56296091808,72291.52156837028,78155.69388195743,81600.56296091808,81600.56296091808,-6257.165273431618,-6257.165273431618,-6257.165273431618,-11460.703720540601,-11460.703720540601,-11460.703720540601,5203.538447108985,5203.538447108985,5203.538447108985,0.0,0.0,0.0,75343.39768748646
2024-01-15,81605.53422606409,84351.80105991795,90008.07675959759,81605.53422606409,81605.67335533487,5568.784905494672,5568.784905494672,5568.784905494672,-12.109897345665406,-12.109897345665406,-12.109897345665406,5580.894802840337,5580.894802840337,5580.894802840337,0.0,0.0,0.0,87174.31913155876
2024-01-16,81610.5054912101,96053.86715752895,101855.8325338738,81610.5054912101,81612.26713963976,17398.477859900428,17398.477859900428,17398.477859900428,11443.02075559335,11443.02075559335,11443.02075559335,5955.457104307077,5955.457104307077,5955.457104307077,0.0,0.0,0.0,99008.98335111054
2024-01-17,81615.4767563561,99285.55546738136,105104.92908578839,81615.4767563561,81619.62451021615,20614.731447284,20614.731447284,20614.731447284,14287.696813022148,14287.696813022148,14287.696813022148,6327.034634261852,6327.034634261852,6327.034634261852,0.0,0.0,0.0,102230.2082036401
2024-01-18,81620.44802150213,91908.24223357052,97693.0594839856,81618.62403955958,81626.20755885923,13049.307483973946,13049.307483973946,13049.307483973946,6353.841117896437,6353.841117896437,6353.841117896437,6695.466366077507,6695.466366077507,6695.466366077507,0.0,0.0,0.0,94669.75550547607
2024-01-19,81625.41928664812,79476.19242531923,85128.38378831491,81621.89757450424,81633.58445845963,702.7788272805523,702.7788272805523,702.7788272805523,-6357.843660727691,-6357.843660727691,-6357.843660727691,7060.622488008244,7060.622488008244,7060.622488008244,0.0,0.0,0.0,82328.19811392867
2024-01-20,81630.39055179415,71878.89330465769,77735.4049826924,81624.73698389447,81643.70797582211,-6831.496291577609,-6831.496291577609,-6831.496291577609,-14253.90140790886,-14253.90140790886,-14253.90140790886,7422.40511633125,7422.40511633125,7422.40511633125,0.0,0.0,0.0,74798.89426021653
2024-01-21,81635.36181694016,74977.40522382119,80916.42355360203,81624.64012364407,81650.86087031053,-3679.9555405512315,-3679.9555405512315,-3679.9555405512315,-11460.70372053458,-11460.70372053458,-11460.70372053458,7780.748179983351,7780.748179983351,7780.748179983351,0.0,0.0,0.0,77955.40627638892
2024-01-22,81640.33308208616,86713.07734390577,92742.67310694372,81620.15260473177,81657.52921679369,8123.50658455937,8123.50658455937,8123.50658455937,-12.109897335997307,-12.109897335997307,-12.109897335997307,8135.616481895367,8135.616481895367,8135.616481895367,0.0,0.0,0.0,89763.83966664552
2024-01-23,81645.30434723217,98616.28481656997,104541.98816181131,81620.74428694833,81665.2132606638,19930.02472007954,19930.02472007954,19930.02472007954,11443.020755599358,11443.020755599358,11443.020755599358,8487.00396448018,8487.00396448018,8487.00396448018,0.0,0.0,0.0,101575.32906731172
2024-01-24,81650.27561237817,101611.73796110002,107491.9289220115,81621.15005174757,81674.82919488964,23122.62804133115,23122.62804133115,23122.62804133115,14287.696813031856,14287.696813031856,14287.696813031856,8834.931228299294,8834.931228299294,8834.931228299294,0.0,0.0,0.0,104772.90365370932
2024-01-25,81655.24687752419,94612.72382269838,100292.04326575696,81621.08159597755,81681.9151955985,15533.283490953309,15533.283490953309,15533.283490953309,6353.841117887669,6353.841117887669,6353.841117887669,9179.44237306564,9179.44237306564,9179.44237306564,0.0,0.0,0.0,97188.5303684775
2024-01-26,81660.21814267019,81719.65357970931,87944.59171413742,81619.68979854,81689.08148665774,3162.7575875489915,3162.7575875489915,3162.7575875489915,-6357.843660736405,-6357.843660736405,-6357.843660736405,9520.601248285395,9520.601248285395,9520.601248285395,0.0,0.0,0.0,84822.97573021917
2024-01-27,81665.18940781621,74374.36083926157,80260.6170380907,81620.48983107992,81697.57513566186,-4395.414191317601,-4395.414191317601,-4395.414191317601,-14253.901407911006,-14253.901407911006,-14253.901407911006,9858.487216593405,9858.487216593405,9858.487216593405,0.0,0.0,0.0,77269.77521649862
2024-01-28,81670.16067296223,77555.51520629336,83361.07837198535,81618.03174029339,81704.56964770076,-1267.5131748441217,-1267.5131748441217,-1267.5131748441217,-11460.70372052858,-11460.70372052858,-11460.70372052858,10193.190545684456,10193.190545684456,10193.190545684456,0.0,0.0,0.0,80402.64749811811
2024-01-29,81675.13193810823,89239.57595100657,95396.78147239127,81618.55866197761,81716.0214351121,10512.69765699843,10512.69765699843,10512.69765699843,-12.109897379613567,-12.109897379613567,-12.109897379613567,10524.807554378043,10524.807554378043,10524.807554378043,0.0,0.0,0.0,92187.82959510665
2024-01-30,81680.10320325424,101189.10703074365,106919.4653645268,81617.03837843283,81730.99606151409,22296.456400130162,22296.456400130162,22296.456400130162,11443.020755605367,11443.020755605367,11443.020755605367,10853.4356445248,10853.4356445248,10853.4356445248,0.0,0.0,0.0,103976.5596033844
2024-01-31,81685.07446840024,104136.30733912729,110415.62481110853,81616.83226357297,81737.83475050893,25466.865166000323,25466.865166000323,25466.865166000323,14287.696813029681,14287.696813029681,14287.696813029681,11179.168352970642,11179.168352970642,11179.168352970642,0.0,0.0,0.0,107151.93963440057
2024-02-01,81690.04573354626,96555.58624537467,102519.8479303408,81616.06591219237,81749.90558840525,17855.9316746052,17855.9316746052,17855.9316746052,6353.841117927117,6353.841117927117,6353.841117927117,11502.090556678084,11502.090556678084,11502.090556678084,0.0,0.0,0.0,99545.97740815146
2024-02-02,81695.01699869226,84268.63763989184,90037.32323047958,81613.96192064206,81759.23259547798,5464.430298534821,5464.430298534821,5464.430298534821,-6357.843660745118,-6357.843660745118,-6357.843660745118,11822.273959279939,11822.273959279939,11822.273959279939,0.0,0.0,0.0,87159.44729722707
2024-02-03,81699.98826383828,76688.16859704319,82659.95137580503,81608.79204497121,81768.84859738211,-2114.128428862954,-2114.128428862954,-2114.128428862954,-14253.901407913178,-14253.901407913178,-14253.901407913178,12139.772979050224,12139.772979050224,12139.772979050224,0.0,0.0,0.0,79585.85983497533
2024-02-04,81704.9595289843,79692.06500786809,85516.1979227971,81607.00884115088,81779.95806684317,993.917426245196,993.917426245196,993.917426245196,-11460.703720555666,-11460.703720555666,-11460.703720555666,12454.621146800862,12454.621146800862,12454.621146800862,0.0,0.0,0.0,82698.8769552295
2024-02-05,81709.9307941303,91465.8884979053,97333.26811533715,81604.18557644164,81789.7286944854,12754.718210326895,12754.718210326895,12754.718210326895,-12.109897369913464,-12.109897369913464,-12.109897369913464,12766.82810769681,12766.82810769681,12766.82810769681,0.0,0.0,0.0,94464.6490044572
2024-02-06,81714.90205927631,103197.44629910775,109285.39171640412,81605.68772294579,81801.09769963009,24519.398059724936,24519.398059724936,24519.398059724936,11443.020755611427,11443.020755611427,11443.020755611427,13076.377304113506,13076.377304113506,13076.377304113506,0.0,0.0,0.0,106234.30011900124
2024-02-07,81719.87332442231,106487.69356234994,112364.88375871259,81603.53757543705,81814.9411362482,27670.921210682936,27670.921210682936,27670.921210682936,14287.69681302751,14287.69681302751,14287.69681302751,13383.22439765543,13383.22439765543,13383.22439765543,0.0,0.0,0.0,109390.79453510525
2024-02-08,81724.84458956833,98485.30833532088,104568.0573572227,81599.90497127503,81830.04963230494,20041.1375859836,20041.1375859836,20041.1375859836,6353.841117918349,6353.841117918349,6353.841117918349,13687.296468065255,13687.296468065255,13687.296468065255,0.0,0.0,0.0,101765.98217555192
2024-02-09,81729.81585471432,86298.04424515918,92258.51814867195,81597.91470503488,81841.93823927206,7630.6483446694565,7630.6483446694565,7630.6483446694565,-6357.8436607059,-6357.8436607059,-6357.8436607059,13988.492005375358,13988.492005375358,13988.492005375358,0.0,0.0,0.0,89360.46419938379
2024-02-10,81734.78711986035,78712.87724390745,84572.73113503556,81599.04233873641,81856.5012327598,32.780282106206904,32.780282106206904,32.780282106206904,-14253.901407915344,-14253.901407915344,-14253.901407915344,14286.68169002155,14286.68169002155,14286.68169002155,0.0,0.0,0.0,81767.56740196656
2024-02-11,81739.75838500637,81779.80545304345,87981.98070226704,81595.87380050558,81871.7325606034,3121.0062137181276,3121.0062137181276,3121.0062137181276,-11460.703720549656,-11460.703720549656,-11460.703720549656,14581.709934267785,14581.709934267785,14581.709934267785,0.0,0.0,0.0,84860.76459872449
2024-02-12,81744.72965015237,93654.91051619135,99614.02749333171,81591.71416263154,81888.65533892074,14861.287240444984,14861.287240444984,14861.287240444984,-12.1098973602791,-12.1098973602791,-12.1098973602791,14873.397137805265,14873.397137805265,14873.397137805265,0.0,0.0,0.0,96606.01689059736
2024-02-13,81749.70091529838,105449.86138271465,111430.09419257667,81589.94713698122,81902.97625964163,26604.56334696733,26604.56334696733,26604.56334696733,11443.020755617488,11443.020755617488,11443.020755617488,15161.542591349842,15161.542591349842,15161.542591349842,0.0,0.0,0.0,108354.26426226571
2024-02-14,81754.67218044438,108412.47092635409,114389.31931225753,81589.25727987579,81919.83807895142,29733.624757977595,29733.624757977595,29733.624757977595,14287.696813025404,14287.696813025404,14287.696813025404,15445.927944952191,15445.927944952191,15445.927944952191,0.0,0.0,0.0,111488.29693842198
2024-02-15,81759.6434455904,100840.84885874373,106837.7006100074,81587.42800060246,81933.16996928342,22080.16226100627,22080.16226100627,22080.16226100627,6353.841117909639,6353.841117909639,6353.841117909639,15726.32114309663,15726.32114309663,15726.32114309663,0.0,0.0,0.0,103839.80570659667
2024-02-16,81764.61471073641,88530.54831132574,94400.99318273383,81582.61189054202,81948.71440456591,9644.637056049603,9644.637056049603,9644.637056049603,-6357.8436607145695,-6357.8436607145695,-6357.8436607145695,16002.480716764174,16002.480716764174,16002.480716764174,0.0,0.0,0.0,91409.25176678601
2024-02-17,81769.58597588242,80642.97135768255,86781.61116232819,81577.80762920638,81959.80464378494,2020.2589059842333,2020.2589059842333,2020.2589059842333,-14253.901407917494,-14253.901407917494,-14253.901407917494,16274.160313901728,16274.160313901728,16274.160313901728,0.0,0.0,0.0,83789.84488186665
2024-02-18,81774.55724102844,84092.7643253593,90028.18109381714,81572.88908302854,81972.43590240463,5080.4096237684225,5080.4096237684225,5080.4096237684225,-11460.703720543643,-11460.703720543643,-11460.703720543643,16541.113344312067,16541.113344312067,16541.113344312067,0.0,0.0,0.0,86854.96686479686
2024-02-19,81779.52850617444,95400.15297957697,101626.58362600292,81562.86279061131,81985.99811929782,16790.987715669806,16790.987715669806,16790.987715669806,-12.109897350578997,-12.109897350578997,-12.109897350578997,16803.097613020385,16803.097613020385,16803.097613020385,0.0,0.0,0.0,98570.51622184424
2024-02-20,81784.49977132045,107410.86877940422,113399.8189515181,81560.53957769723,81995.93441305995,28502.90057326503,28502.90057326503,28502.90057326503,11443.020755590234,11443.020755590234,11443.020755590234,17059.879817674795,17059.879817674795,17059.879817674795,0.0,0.0,0.0,110287.40034458548
2024-02-21,81789.47103646645,110591.51557834806,116421.0381774067,81552.94999945453,82005.94877735151,31598.93660352069,31598.93660352069,31598.93660352069,14287.696813023294,14287.696813023294,14287.696813023294,17311.2397904974,17311.2397904974,17311.2397904974,0.0,0.0,0.0,113388.40763998714
2024-02-22,81794.44230161246,102860.76103323008,108505.5248880198,81540.0606953481,82020.5270366096,23910.815491348905,23910.815491348905,23910.815491348905,6353.841117900872,6353.841117900872,6353.841117900872,17556.974373448036,17556.974373448036,17556.974373448036,0.0,0.0,0.0,105705.25779296138
2024-02-23,81799.41356675848,90231.41288681318,96215.70594905013,81530.08112562909,82035.42667096166,11439.057165721644,11439.057165721644,11439.057165721644,-6357.843660723326,-6357.843660723326,-6357.843660723326,17796.900826444973,17796.900826444973,17796.900826444973,0.0,0.0,0.0,93238.47073248013
2024-02-24,81804.38483190449,82599.08323660784,88482.36624294758,81524.0815671482,82050.53489586478,3776.9582743779742,3776.9582743779742,3776.9582743779742,-14253.90140791964,-14253.90140791964,-14253.90140791964,18030.859682297614,18030.859682297614,18030.859682297614,0.0,0.0,0.0,85581.34310628247
2024-02-25,81809.3560970505,85588.13812742374,91661.54241726968,81517.50297049843,82063.86292345493,6798.01325749456,6798.01325749456,6798.01325749456,-11460.703720570737,-11460.703720570737,-11460.703720570737,18258.716978065295,18258.716978065295,18258.716978065295,0.0,0.0,0.0,88607.36935454507
2024-02-26,81814.3273621965,97234.12699418301,103404.59079458068,81509.71537007995,82077.17318474078,18468.255913053265,18468.255913053265,18468.255913053265,-12.109897340911767,-12.109897340911767,-12.109897340911767,18480.365810394178,18480.365810394178,18480.365810394178,0.0,0.0,0.0,100282.58327524977
2024-02-27,81819.29862734252,108872.63066232935,114697.81814333865,81506.73125663579,82097.9407175568,30138.747937058048,30138.747937058048,30138.747937058048,11443.02075559624,11443.02075559624,11443.02075559624,18695.727181461807,18695.727181461807,18695.727181461807,0.0,0.0,0.0,111958.04656440057
2024-02-28,81824.26989248852,112019.1673402755,118144.01100755401,81502.7508836074,82111.30444852718,33192.44693502511,33192.44693502511,33192.44693502511,14287.696813032937,14287.696813032937,14287.696813032937,18904.750121992165,18904.750121992165,18904.750121992165,0.0,0.0,0.0,115016.71682751362
2024-02-29,81829.24115763453,104264.80170405787,110333.51527654505,81497.86265048911,82124.81052002613,25461.25221563145,25461.25221563145,25461.25221563145,6353.8411178921615,6353.8411178921615,6353.8411178921615,19107.411097739292,19107.411097739292,19107.411097739292,0.0,0.0,0.0,107290.49337326598
2024-03-01,81834.21242278055,91701.39657623184,97587.51974245431,81491.1774097648,82145.26650987628,12945.869064678436,12945.869064678436,12945.869064678436,-6357.843660731995,-6357.843660731995,-6357.843660731995,19303.71272541043,19303.71272541043,19303.71272541043,0.0,0.0,0.0,94780.08148745899
2024-03-02,81839.18368792656,84051.85008227626,89958.71711016654,81488.20085812287,82160.64495824528,5239.780434692929,5239.780434692929,5239.780434692929,-14253.90140790993,-14253.90140790993,-14253.90140790993,19493.68184260286,19493.68184260286,19493.68184260286,0.0,0.0,0.0,87078.9641226195
2024-03-03,81844.15495307258,86943.0281305712,92841.04960558513,81479.55916237952,82178.45727857306,8216.6632729145,8216.6632729145,8216.6632729145,-11460.703720564721,-11460.703720564721,-11460.703720564721,19677.36699347922,19677.36699347922,19677.36699347922,0.0,0.0,0.0,90060.81822598708
2024-03-04,81849.12621821857,98429.54696039109,104571.95719137462,81474.52570690544,82193.14555659708,19842.725509807515,19842.725509807515,19842.725509807515,-12.10989733120994,-12.10989733120994,-12.10989733120994,19854.835407138726,19854.835407138726,19854.835407138726,0.0,0.0,0.0,101691.85172802609
2024-03-05,81854.09748336459,110343.29563251064,116518.52606981614,81468.89733857194,82203.5595023513,31469.19031413018,31469.19031413018,31469.19031413018,11443.020755602356,11443.020755602356,11443.020755602356,20026.16955852782,20026.16955852782,20026.16955852782,0.0,0.0,0.0,113323.28779749476
2024-03-06,81859.06874851059,113500.0128918872,119215.99774037041,81462.20056266134,82222.42468139074,34479.1602250221,34479.1602250221,34479.1602250221,14287.696813030707,14287.696813030707,14287.696813030707,20191.46341199139,20191.46341199139,20191.46341199139,0.0,0.0,0.0,116338.22897353268
2024-03-07,81864.0400136566,105501.66961756058,111528.43231107645,81457.74486828998,82241.53030755321,26704.65957279103,26704.65957279103,26704.65957279103,6353.841117931492,6353.841117931492,6353.841117931492,20350.81845485954,20350.81845485954,20350.81845485954,0.0,0.0,0.0,108568.69958644763
2024-03-08,81869.01127880262,92840.9183901763,98927.0725217011,81454.7921799528,82256.29212667112,14146.49597196195,14146.49597196195,14146.49597196195,-6357.843660740708,-6357.843660740708,-6357.843660740708,20504.33963270266,20504.33963270266,20504.33963270266,0.0,0.0,0.0,96015.50725076457
2024-03-09,81873.98254394863,85310.7132038442,91352.11900394951,81452.76112799416,82272.0499114956,6398.22989102111,6398.22989102111,6398.22989102111,-14253.901407912099,-14253.901407912099,-14253.901407912099,20652.131298933207,20652.131298933207,20652.131298933207,0.0,0.0,0.0,88272.21243496974
2024-03-10,81878.95380909464,88332.11536675222,94186.13807797196,81450.73007603551,82290.37504851211,9333.589568762724,9333.589568762724,9333.589568762724,-11460.703720558717,-11460.703720558717,-11460.703720558717,20794.293289321442,20794.293289321442,20794.293289321442,0.0,0.0,0.0,91212.54337785736
2024-03-11,81883.92507424064,99772.59121380554,105681.86226686393,81448.69902407685,82304.20946719595,20918.80732949606,20918.80732949606,20918.80732949606,-12.10989732154357,-12.10989732154357,-12.10989732154357,20930.917226817604,20930.917226817604,20930.917226817604,0.0,0.0,0.0,102802.7324037367
2024-03-12,81888.89633938666,111457.37625051844,117309.55200044828,81438.62826047212,82319.02586606685,32505.103909615573,32505.103909615573,32505.103909615573,11443.020755608364,11443.020755608364,11443.020755608364,21062.083154007207,21062.083154007207,21062.083154007207,0.0,0.0,0.0,114394.00024900223
2024-03-13,81893.86760453267,114324.95864624833,120610.33927817288,81435.90820444166,82335.88199693977,35475.55339290024,35475.55339290024,35475.55339290024,14287.696813028599,14287.696813028599,14287.696813028599,21187.856579871648,21187.856579871648,21187.856579871648,0.0,0.0,0.0,117369.42099743291
2024-03-14,81898.83886967867,106539.86457913462,112715.17529541698,81426.27676119882,82352.99832890344,27662.127132484253,27662.127132484253,27662.127132484253,6353.841117922783,6353.841117922783,6353.841117922783,21308.286014561472,21308.286014561472,21308.286014561472,0.0,0.0,0.0,109560.96600216292
2024-03-15,81903.81013482469,93860.19549266221,100078.01721929303,81416.27303150985,82372.05548433863,15065.557390321506,15065.557390321506,15065.557390321506,-6357.843660749375,-6357.843660749375,-6357.843660749375,21423.401051070883,21423.401051070883,21423.401051070883,0.0,0.0,0.0,96969.3675251462
2024-03-16,81908.7813999707,86126.11628670989,92209.96646997274,81407.5088642745,82406.47819648725,7279.309628522113,7279.309628522113,7279.309628522113,-14253.901407914229,-14253.901407914229,-14253.901407914229,21533.21103643634,21533.21103643634,21533.21103643634,0.0,0.0,0.0,89188.09102849281
2024-03-17,81913.75266511671,89041.8505039777,94954.93655272663,81401.85624141882,82422.07641258923,10177.000637319117,10177.000637319117,10177.000637319117,-11460.703720552698,-11460.703720552698,-11460.703720552698,21637.704357871815,21637.704357871815,21637.704357871815,0.0,0.0,0.0,92090.75330243583
2024-03-18,81918.72393026271,100697.3683796505,106707.80400014434,81390.83675587142,82437.26545091435,21724.73845421926,21724.73845421926,21724.73845421926,-12.109897365159828,-12.109897365159828,-12.109897365159828,21736.848351584424,21736.848351584424,21736.848351584424,0.0,0.0,0.0,103643.46238448197
2024-03-19,81923.69519540873,112273.20824829774,118177.55554187096,81379.57450949005,82471.55465321307,33273.61058004282,33273.61058004282,33273.61058004282,11443.020755614427,11443.020755614427,11443.020755614427,21830.589824428396,21830.589824428396,21830.589824428396,0.0,0.0,0.0,115197.30577545155
2024-03-20,81928.66646055474,115143.28382073557,121406.7273879469,81375.752600901,82484.33307970503,36206.55297453464,36206.55297453464,36206.55297453464,14287.696813026489,14287.696813026489,14287.696813026489,21918.856161508153,21918.856161508153,21918.856161508153,0.0,0.0,0.0,118135.21943508938
2024-03-21,81933.63772570074,107470.69507378063,113248.4518819697,81370.8399476861,82510.93451782379,28355.39809477334,28355.39809477334,28355.39809477334,6353.841117914015,6353.841117914015,6353.841117914015,22001.556976859323,22001.556976859323,22001.556976859323,0.0,0.0,0.0,110289.03582047408
2024-03-22,81938.60899084675,94766.05414913126,101031.27200961742,81368.68982122694,82534.80417384733,15720.742589071579,15720.742589071579,15720.742589071579,-6357.843660758088,-6357.843660758088,-6357.843660758088,22078.586249829666,22078.586249829666,22078.586249829666,0.0,0.0,0.0,97659.35157991834
2024-03-23,81943.58025599277,86653.30099724545,93024.42139994644,81364.42472403303,82559.07572500456,7895.923469257075,7895.923469257075,7895.923469257075,-14253.901407904537,-14253.901407904537,-14253.901407904537,22149.824877161613,22149.824877161613,22149.824877161613,0.0,0.0,0.0,89839.50372524984
2024-03-24,81948.55152113878,89701.7219246473,95735.95240520801,81347.15464025892,82584.80843462888,10754.439839826915,10754.439839826915,10754.439839826915,-11460.703720546693,-11460.703720546693,-11460.703720546693,22215.14356037361,22215.14356037361,22215.14356037361,0.0,0.0,0.0,92702.9913609657
2024-03-25,81953.52278628478,101141.1465265926,107282.76139390795,81340.9313498714,82601.4541292494,22262.296042755537,22262.296042755537,22262.296042755537,-12.109897355492595,-12.109897355492595,-12.109897355492595,22274.40594011103,22274.40594011103,22274.40594011103,0.0,0.0,0.0,104215.81882904032
2024-03-26,81958.4940514308,112940.29215895793,118860.51846814432,81336.25359371139,82615.91973436125,33770.49263951786,33770.49263951786,33770.49263951786,11443.020755620435,11443.020755620435,11443.020755620435,22327.471883897426,22327.471883897426,22327.471883897426,0.0,0.0,0.0,115728.98669094866
2024-03-27,81963.46531657681,115597.1894066359,121728.59068168882,81322.80637715546,82631.86960235095,36661.89764426878,36661.89764426878,36661.89764426878,14287.69681302432,14287.69681302432,14287.69681302432,22374.200831244456,22374.200831244456,22374.200831244456,0.0,0.0,0.0,118625.36296084558
2024-03-28,81968.43658172281,107682.29933975698,113885.17118476403,81307.97787997476,82655.58325158698,28768.296218339096,28768.296218339096,28768.296218339096,6353.841117905365,6353.841117905365,6353.841117905365,22414.455100433734,22414.455100433734,22414.455100433734,0.0,0.0,0.0,110736.7328000619
2024-03-29,81973.40784686882,94837.80012608103,101183.95856921167,81300.39816160883,82678.57781815625,16090.259403670272,16090.259403670272,16090.259403670272,-6357.843660718871,-6357.843660718871,-6357.843660718871,22448.103064389143,22448.103064389143,22448.103064389143,0.0,0.0,0.0,98063.66725053909
2024-03-30,81978.37911201484,87122.60731333953,93229.38203076496,81294.01734612623,82695.06995201207,8221.120700884885,8221.120700884885,8221.120700884885,-14253.901407906666,-14253.901407906666,-14253.901407906666,22475.022108791552,22475.022108791552,22475.022108791552,0.0,0.0,0.0,90199.49981289972
